cmc_id,symbol,name,in_universe,asset_class,classification_basis,defillama_categories,ambiguous_flag,staking_start,transition_note,tags,asset_class_original,confirmation_basis,sector,market_cap,month_end
5994,SHIB,Shiba Inu,True,token,DeFiLlama governance/DeFi category: ['Dexs'],Dexs,True,,,animal-memes;base-ecosystem;binance-ecosystem;binance-listing;bnb-chain-ecosystem;doggone-doggerel;ethereum-ecosystem;etherlink-ecosystem;memes;sec-cftc-digital-commodities;sec-cftc-token-taxonomy,token,,Dexs;Meme,3247062903.263877,2026-05-31
33223,LAB,LAB,True,token,"governance/defi tags: ['defi', 'dex', 'governance']",Lending;Trading App,False,,,binance-alpha;binance-ecosystem;binance-listing;binance-wallet-ido;bnb-chain-ecosystem;defi;dex;governance;platform,token,,Lending;Trading App;DEX,3008265783.543261,2026-05-31
22974,TAO,Bittensor,True,token,governance/defi tags: ['dao'],Chain,False,,,ai-big-data;binance-ecosystem;binance-listing;bittensor-ecosystem;cmc-crypto-yearbook-2024-2025;dao;dcg-portfolio;depin;distributed-computing;generative-ai;layer-1;open-source;oracles;polkadot-ecosystem;polychain-capital-portfolio;robotics,token,,Chain;AI/Big Data;DePIN;Layer-1,2802250004.037569,2026-05-31
3792,USDE,USDe,True,token,DeFiLlama governance/DeFi category: ['Derivatives'],Derivatives,True,,,,token,,Derivatives,1985691955.3792124,2023-12-31
36341,ASTER,Aster,True,token,"governance/defi tags: ['decentralized-exchange-dex-token', 'defi', 'derivatives', 'dex', 'perp-dex-coins', 'perpetuals']",Basis Trading;Bridge;CeDeFi;Derivatives;Dexs;Yield,False,,,binance-alpha;binance-ecosystem;binance-listing;bnb-chain-ecosystem;decentralized-exchange-dex-token;defi;derivatives;dex;made-in-china;perp-dex-coins;perpetuals,token,,Basis Trading;Bridge;CeDeFi;Derivatives;Dexs;Yield;DEX;Perpetuals,1885317918.2960925,2026-05-31
33251,WLFI,World Liberty Financial,True,token,governance/defi tags: ['defi'],Lending,False,,,binance-ecosystem;binance-listing;bnb-chain-ecosystem;defi;ethereum-ecosystem;made-in-america;solana-ecosystem;wlfi-ecosystem,token,,Lending,1883776900.610007,2026-05-31
21159,ONDO,Ondo,True,token,"governance/defi tags: ['real-world-assets', 'real-world-assets-protocols']",Derivatives;RWA,False,,,binance-alpha;binance-ecosystem;binance-listing;cmc-crypto-yearbook-2024-2025;coinlist-launchpad;ethereum-ecosystem;made-in-america;real-world-assets;real-world-assets-protocols;world-liberty-financial-portfolio,token,,Derivatives;RWA,1768982702.0800838,2026-05-31
33038,SKY,Sky,True,token,"governance/defi tags: ['dao', 'defi', 'governance', 'lending-borowing', 'real-world-assets', 'real-world-assets-protocols']",CDP;Dexs;RWA;Risk Curators,False,,,1confirmation-portfolio;a16z-portfolio;arbitrum-ecosystem;binance-ecosystem;binance-listing;bitcoin-ecosystem;bnb-chain-ecosystem;dao;defi;dragonfly-capital-portfolio;electric-capital-portfolio;ethereum-ecosystem;governance;lending-borowing;near-protocol-ecosystem;pantera-capital-portfolio;paradigm-portfolio;placeholder-ventures-portfolio;polychain-capital-portfolio;real-world-assets;real-world-assets-protocols;spartan-group;standard-crypto-portfolio;store-of-value,token,,CDP;Dexs;RWA;Risk Curators,1580708605.876135,2026-05-31
4598,ACA,Acash Coin,True,token,DeFiLlama governance/DeFi category: ['Dexs'],Canonical Bridge;Dexs,True,,,,token,,Canonical Bridge;Dexs,1409241518.5139408,2020-06-30
1904,VEN,Vechain [Token],True,token,DeFiLlama governance/DeFi category: ['Dexs'],Dexs,True,,,,token,,Dexs,1253758696.3889153,2018-07-31
13502,WLD,Worldcoin,True,token,"governance/defi tags: ['defi', 'governance']",Chain,False,,,a16z-portfolio;binance-ecosystem;binance-listing;blockchain-capital-portfolio;defi;ethereum-ecosystem;governance;identity;made-in-america;optimism-ecosystem;privacy;token;world-chain-mainnet-ecosystem;zero-knowledge-proofs,token,,Chain;Identity;Privacy;Zero Knowledge,1175984379.6307547,2026-05-31
34104,MORPHO,Morpho,True,token,"governance/defi tags: ['defi', 'lending-borowing']",Lending,False,,,arbitrum-ecosystem;base-ecosystem;binance-alpha;binance-ecosystem;binance-liquidity-enhancement-program;binance-listing;coinbase-ventures-portfolio;defi;ethereum-ecosystem;fenbushi-capital-portfolio;lending-borowing;pantera-capital-portfolio,token,,Lending,1046288128.0771692,2026-05-31
2239,LEND,Aave,True,token,governance/defi tags: ['defi'],Lending;Onchain Capital Allocator;Yield,False,,,defi;platform,token,,Lending;Onchain Capital Allocator;Yield,966798711.344852,2020-08-31
33652,LBTC,Lombard Staked BTC,True,token,governance/defi tags: ['defi'],,False,,,base-ecosystem;bitcoin-ecosystem;bnb-chain-ecosystem;corn-ecosystem;defi;ethereum-ecosystem;etherlink-ecosystem;rehypothecated-crypto;restaking;starknet-ecosystem,token,,Restaking,870384605.2619472,2026-05-31
35509,VVV,Venice Token,True,token,DeFiLlama governance/DeFi category: ['Farm'],Farm,True,,,ai-applications;ai-big-data;base-ecosystem;binance-alpha;binance-ecosystem;binance-listing;made-in-america,token,,Farm;AI/Big Data,857168924.7657019,2026-05-31
5488,JST,JUST,True,token,governance/defi tags: ['defi'],Bridge;Lending,False,,,binance-ecosystem;binance-listing;defi;tron-ecosystem;tron20-ecosystem,token,,Bridge;Lending,797911184.9406743,2026-05-31
2424,AGIX,SingularityNET,True,token,"governance/defi tags: ['cross-chain-aggregator-dex', 'cross-chain-dex-aggregator']",Staking Pool,False,,,ai-big-data;cardano-ecosystem;cross-chain-aggregator-dex;cross-chain-dex-aggregator;generative-ai;marketplace;payments,token,,Staking Pool;AI/Big Data;Payments,793042348.9761214,2024-06-30
6432,OMI,ECOMI,True,token,governance/defi tags: ['dao-maker'],,False,,,collectibles-nfts;dao-maker;exnetwork-capital-portfolio,token,,NFT,753682450.3497938,2022-02-28
11221,BIT,BitDAO,True,token,"governance/defi tags: ['dao', 'governance']",CEX,False,,,dao;dragonfly-capital-portfolio;fenbushi-capital-portfolio;governance;pantera-capital-portfolio;spartan-group,token,,CEX,731051667.668939,2023-06-30
29210,JUP,Jupiter,True,token,"governance/defi tags: ['amm', 'decentralized-exchange-dex-token', 'defi', 'derivatives', 'perp-dex-coins', 'perpetuals']",Basis Trading;DCA Tools;DEX Aggregator;Derivatives;Interface;Launchpad;Lending;Liquid Staking,False,,,amm;binance-ecosystem;binance-liquidity-enhancement-program;binance-listing;cross-chain;decentralized-exchange-dex-token;defi;derivatives;moonshot;perp-dex-coins;perpetuals;solana-ecosystem,token,,Basis Trading;DCA Tools;DEX Aggregator;Derivatives;Interface;Launchpad;Lending;Liquid Staking;Perpetuals,632935286.4638544,2026-05-31
36507,PUMP,Pump.fun,True,token,"DeFiLlama governance/DeFi category: ['Dexs', 'Launchpad', 'Reserve Currency']",Dexs;Launchpad;Reserve Currency;Telegram Bot,True,,,binance-alpha;binance-ecosystem;binance-listing;coinlist-launchpad;launchpad;pump-fun-ecosystem;solana-ecosystem,token,,Dexs;Launchpad;Reserve Currency;Telegram Bot,631596081.5652021,2026-05-31
7186,CAKE,PancakeSwap,True,token,"governance/defi tags: ['amm', 'decentralized-exchange', 'decentralized-exchange-dex-token', 'defi', 'derivatives', 'dex', 'governance', 'perpetuals', 'yield-farming']",Derivatives;Dexs;Luck Games;Options;Prediction Market;Reserve Currency,False,,,amm;aptos-ecosystem;arbitrum-ecosystem;base-ecosystem;binance-chain;binance-ecosystem;binance-listing;binance-smart-chain;bnb-chain;bnb-chain-ecosystem;collectibles-nfts;decentralized-exchange;decentralized-exchange-dex-token;defi;derivatives;dex;ethereum-ecosystem;governance;linea-ecosystem;move-vm;opbnb-ecosystem;perpetuals;polygon-zkevm-ecosystem;privacy;smart-contracts;solana-ecosystem;yield-farming;zksync-era-ecosystem,token,,Derivatives;Dexs;Luck Games;Options;Prediction Market;Reserve Currency;NFT;DEX;Perpetuals;Privacy;Smart Contract Platform;Yield,482579133.3915582,2026-05-31
39720,EDGE,edgeX,True,token,"governance/defi tags: ['decentralized-exchange-dex-token', 'defi', 'derivatives', 'perp-dex-coins', 'perpetuals']",Bridge;DEX Aggregator;Derivatives;Dexs;Yield,False,,,amber-group-portfolio;binance-alpha;binance-alpha-airdrops;binance-ecosystem;binance-listing;bnb-chain-ecosystem;circle-ventures-portfolio;decentralized-exchange-dex-token;defi;derivatives;ethereum-ecosystem;perp-dex-coins;perpetuals,token,,Bridge;DEX Aggregator;Derivatives;Dexs;Yield;Perpetuals,455039972.3010559,2026-05-31
26997,ZRO,LayerZero,True,token,governance/defi tags: ['defi'],Bridge,False,,,a16z-portfolio;arbitrum-ecosystem;avalanche-ecosystem;base-ecosystem;binance-ecosystem;binance-labs-portfolio;binance-listing;coinbase-ventures-portfolio;cross-chain;defi;ethereum-ecosystem;interoperability;multicoin-capital-portfolio;optimism-ecosystem;polygon-ecosystem;sino-global-capital,token,,Bridge;Interoperability,392476657.755972,2026-05-31
29270,AERO,Aerodrome Finance,True,token,"governance/defi tags: ['amm', 'defi']",Dexs;Launchpad,False,,,amm;base-ecosystem;binance-alpha;binance-ecosystem;binance-listing;defi;made-in-america,token,,Dexs;Launchpad,388883772.2639741,2026-05-31
31503,BWB,Bitget Wallet Token,True,token,governance/defi tags: ['governance'],,False,,,base-ecosystem;ethereum-ecosystem;governance;solana-ecosystem;toncoin-ecosystem;wallet;web3,token,,,377930142.1768397,2025-03-31
10529,SUN,Sun [New],True,token,"DeFiLlama governance/DeFi category: ['Derivatives', 'Dexs']",Bridge;Derivatives;Dexs,True,,,binance-ecosystem;binance-listing;made-in-china;tron-ecosystem;tron20-ecosystem,token,,Bridge;Derivatives;Dexs,355014296.8250925,2026-05-31
39125,LIT,Lighter,True,token,"governance/defi tags: ['decentralized-exchange-dex-token', 'defi', 'derivatives', 'dex', 'perp-dex-coins', 'perpetuals']",Algo-Stables;Bridge;Derivatives;Dexs;Yield,False,,,a16z-portfolio;binance-ecosystem;binance-listing;coinbase-ventures-portfolio;decentralized-exchange-dex-token;defi;derivatives;dex;dragonfly-capital-portfolio;ethereum-ecosystem;perp-dex-coins;perpetuals;zero-knowledge-proofs,token,,Algo-Stables;Bridge;Derivatives;Dexs;Yield;DEX;Perpetuals;Zero Knowledge,342571404.58191794,2026-05-31
5830,NXM,NXM,True,token,governance/defi tags: ['defi'],Insurance,False,,,arrington-xrp-capital-portfolio;defi;insurance;kenetic-capital-portfolio;kinetic-capital;kinetic-capital-portfolio;placeholder-ventures-portfolio,token,,Insurance,332927107.4133812,2023-02-28
5190,FLEX,FLEX,True,token,"DeFiLlama governance/DeFi category: ['CDP', 'Yield']",CDP;Yield,True,,,,token,,CDP;Yield,325766335.10142463,2024-11-30
28177,PYTH,Pyth Network,True,token,governance/defi tags: ['defi'],MEV;Oracle,False,,,binance-ecosystem;binance-listing;cmc-crypto-yearbook-2024-2025;cross-chain;defi;oracles;solana-ecosystem,token,,MEV;Oracle,323935325.92258894,2026-05-31
1982,KNCL,Kyber Network Crystal Legacy,True,token,"governance/defi tags: ['amm', 'dao', 'decentralized-exchange', 'defi', 'governance']",,False,,,amm;dao;decentralized-exchange;defi;governance;kinetic-capital;marketplace;pantera-capital-portfolio;parafi-capital;three-arrows-capital-portfolio,token,,DEX,299761355.9499859,2021-07-31
36175,UNIBTC,Universal BTC,True,token,governance/defi tags: ['defi'],,False,,,aptos-ecosystem;arbitrum-ecosystem;base-ecosystem;bera-chain-ecosystem;bnb-chain-ecosystem;b²-network-ecosystem;corn-ecosystem;defi;duckchain-ecosystem;ethereum-ecosystem;iotex-ecosystem;mantle-ecosystem;merlin-ecosystem;mode-ecosystem;move-vm;optimism-ecosystem;rehypothecated-crypto;restaking;rootstock-rsk-ecosystem;solana-ecosystem;sonic-ecosystem;taiko-ecosystem;unichain-ecosystem;zeta-ecosystem,token,,Restaking,281469338.5504554,2026-05-31
5015,HEX,HEX,True,token,DeFiLlama governance/DeFi category: ['Yield'],Yield,True,,,,token,,Yield,278843625.79771394,2024-05-31
10804,FLOKI,FLOKI,True,token,governance/defi tags: ['defi'],Token Locker,False,,,animal-memes;binance-ecosystem;binance-listing;bnb-chain;bnb-chain-ecosystem;defi;doggone-doggerel;dwf-labs-portfolio;ethereum-ecosystem;gaming;memes;metaverse;paal-ecosystem;play-to-earn;tokenfi-launchpad,token,,Token Locker;Gaming;Meme;Metaverse,273897899.2580166,2026-05-31
36532,B,BUILDon,True,token,DeFiLlama governance/DeFi category: ['Derivatives'],Derivatives;Liquidity Manager,True,,,ai-memes;binance-alpha;binance-ecosystem;binance-listing;bnb-chain-ecosystem;four-meme-ecosystem;memes;wlfi-ecosystem;world-liberty-financial-portfolio,token,,Derivatives;Liquidity Manager;Meme,237438009.5727853,2026-05-31
24875,STRX,Staked TRX,True,token,governance/defi tags: ['defi'],Farm,False,,,defi;rehypothecated-crypto;tron20-ecosystem,token,,Farm,215013741.92434484,2026-05-31
32272,PUMPBTC,pumpBTC (Rehypothecated BTC),True,token,governance/defi tags: ['defi'],,False,,,bnb-chain-ecosystem;defi;ethereum-ecosystem;rehypothecated-crypto;restaking,token,,Restaking,212289105.8321605,2025-11-30
6783,AXS,Axie Infinity,True,token,"governance/defi tags: ['defiance-capital', 'defiance-capital-portfolio']",Gaming,False,,,alleged-sec-securities;animoca-brands-portfolio;binance-ecosystem;binance-launchpad;binance-listing;collectibles-nfts;defiance-capital;defiance-capital-portfolio;ethereum-ecosystem;gaming;harmony-ecosystem;metaverse;play-to-earn;ronin-ecosystem;sec-security-token;solana-ecosystem;trading-card-game,token,,Gaming;NFT;Metaverse,205382367.41282085,2026-05-31
8353,BETH,Beacon ETH,True,token,governance/defi tags: ['defi'],,False,,,bnb-chain;bnb-chain-ecosystem;defi;eth-staking;rehypothecated-crypto,token,,,201171738.65460247,2026-05-31
8526,RAY,Raydium,True,token,"governance/defi tags: ['amm', 'decentralized-exchange', 'decentralized-exchange-dex-token', 'defi', 'derivatives', 'dex', 'perpetuals']",Dexs;Interface;Launchpad,False,,,amm;binance-ecosystem;binance-listing;decentralized-exchange;decentralized-exchange-dex-token;defi;derivatives;dex;k300-ventures-portfolio;perpetuals;petrock-capital;petrock-capital-portfolio;solana-ecosystem,token,,Dexs;Interface;Launchpad;DEX;Derivatives;Perpetuals,192259028.09554115,2026-05-31
33824,SYRUP,Maple Finance,True,token,"governance/defi tags: ['dao', 'defi', 'real-world-assets', 'real-world-assets-protocols']",Lending;RWA,False,,,base-ecosystem;binance-alpha;binance-ecosystem;binance-listing;circle-ventures-portfolio;dao;defi;ethereum-ecosystem;framework-ventures-portfolio;real-world-assets;real-world-assets-protocols,token,,Lending;RWA,187395839.7716632,2026-05-31
8210,BTCST,Bitcoin Standard Hashrate Token,True,token,DeFiLlama governance/DeFi category: ['Yield'],Yield,True,,,,token,,Yield,183168920.34968105,2021-02-28
39379,GWEI,ETHGas,True,token,"governance/defi tags: ['defi', 'governance']",,False,,,amber-group-portfolio;binance-alpha;binance-alpha-airdrops;binance-ecosystem;binance-listing;bnb-chain-ecosystem;defi;ethereum-ecosystem;governance;polychain-capital-portfolio,token,,,178129618.314322,2026-05-31
30494,EIGEN,EigenCloud,True,token,governance/defi tags: ['defi'],Restaking,False,,,binance-ecosystem;binance-listing;cmc-crypto-yearbook-2024-2025;defi;ethereum-ecosystem;made-in-america;restaking;x402-ecosystem,token,,Restaking,164125925.28013864,2026-05-31
24257,LGCT,Legacy Token,True,token,DeFiLlama governance/DeFi category: ['Farm'],Farm,True,,,base-ecosystem;bnb-chain-ecosystem;education;ethereum-ecosystem,token,,Farm,159602748.30428478,2025-11-30
6748,CFG,Centrifuge,True,token,"governance/defi tags: ['real-world-assets', 'real-world-assets-protocols']",RWA;RWA Lending,False,,,binance-ecosystem;binance-listing;coinlist-launchpad;ethereum;ethereum-ecosystem;moonbeam-ecosystem;polkadot;polkadot-ecosystem;real-world-assets;real-world-assets-protocols;sei-ecosystem;substrate,token,,RWA;RWA Lending,154156694.1211217,2026-05-31
16116,SOL,Wrapped Solana,True,token,governance/defi tags: ['defi'],Canonical Bridge;Dexs,False,,,avalanche-ecosystem;bnb-chain-ecosystem;defi;ethereum-ecosystem;monad-ecosystem;near-protocol-ecosystem;neon-evm-ecosystem;osmosis-ecosystem;polygon-ecosystem;rehypothecated-crypto;solana-ecosystem;terra-ecosystem,token,,Canonical Bridge;Dexs,150508898.41220042,2026-05-31
33391,DEEP,DeepBook Protocol,True,token,"governance/defi tags: ['decentralized-exchange-dex-token', 'defi']",Dexs;Launchpad,False,,,binance-ecosystem;binance-listing;decentralized-exchange-dex-token;defi;move-vm;sui-ecosystem,token,,Dexs;Launchpad,146822104.90615124,2026-05-31
24091,ZK,ZKsync,True,token,governance/defi tags: ['governance'],Chain,False,,,a16z-portfolio;binance-ecosystem;binance-listing;blockchain-capital-portfolio;egirl-capital-portfolio;ethereum-ecosystem;governance;layer-2;modular-blockchain;okx-ventures-portfolio;privacy;privacy-blockchain;rollups;zero-knowledge-proofs;zksync-era-ecosystem,token,,Chain;Layer-2;Modular Blockchain;Privacy;Zero Knowledge,143904301.95633033,2026-05-31
6990,SUN,SUN,True,token,"DeFiLlama governance/DeFi category: ['Derivatives', 'Dexs']",Bridge;Derivatives;Dexs,True,,,,token,,Bridge;Derivatives;Dexs,141348250.6956601,2021-05-31
36119,WAL,Walrus,True,token,DeFiLlama governance/DeFi category: ['Dexs'],Developer Tools;Dexs,True,,,binance-alpha-airdrops;binance-ecosystem;binance-hodler-airdrops;binance-liquidity-enhancement-program;binance-listing;depin;move-vm;storage;sui-ecosystem,token,,Developer Tools;Dexs;DePIN;Storage,131441506.31927247,2026-05-31
38417,RIVER,River,True,token,"governance/defi tags: ['defi', 'yield-farming']",CeDeFi,False,,,base-ecosystem;binance-alpha;binance-buildkey-tge;binance-ecosystem;binance-listing;binance-wallet-ido;bnb-chain-ecosystem;cms-holdings-portfolio;cross-chain;defi;ethereum-ecosystem;yield-farming,token,,CeDeFi;Yield,130949840.13012467,2026-05-31
30083,ATH,Aethir,True,token,"DeFiLlama governance/DeFi category: ['Derivatives', 'Yield']",Derivatives;Developer Tools;Yield,True,,,ai-big-data;arbitrum-ecosystem;binance-alpha;binance-ecosystem;binance-listing;cmc-crypto-yearbook-2024-2025;depin;distributed-computing;ethereum-ecosystem;solana-ecosystem,token,,Derivatives;Developer Tools;Yield;AI/Big Data;DePIN,119845772.6107682,2026-05-31
33280,CHEEMS,Cheems (cheems.pet),True,token,DeFiLlama governance/DeFi category: ['Yield'],Yield,True,,,animal-memes;binance-alpha;binance-ecosystem;binance-listing;bnb-chain-ecosystem;doggone-doggerel;memes,token,,Yield;Meme,118444834.76195604,2026-05-31
36671,SAHARA,Sahara AI,True,token,governance/defi tags: ['governance'],,False,,,ai-big-data;binance-alpha;binance-alpha-airdrops;binance-ecosystem;binance-hodler-airdrops;binance-labs-portfolio;binance-listing;data-provenance;governance;layer-1;nomad-capital;pantera-capital-portfolio;polychain-capital-portfolio,token,,AI/Big Data;Layer-1,113611414.88907368,2026-05-31
1253,DAO,The DAO,True,token,DeFiLlama governance/DeFi category: ['Dexs'],Dexs;Services,True,,,,token,,Dexs;Services,111140541.11492524,2016-06-30
35763,KAITO,KAITO,True,token,governance/defi tags: ['governance'],Services,False,,,ai-big-data;base-ecosystem;binance-ecosystem;binance-hodler-airdrops;binance-listing;communications-social-media;dragonfly-capital-portfolio;governance;hashkey-capital-portfolio;social-token;spartan-group,token,,Services;AI/Big Data,110949813.79195195,2026-05-31
35818,SOSO,SoSoValue,True,token,governance/defi tags: ['defi'],Basis Trading;Bridge;Derivatives;Dexs;Indexes,False,,,ai-big-data;asset-management;base-ecosystem;dapp;defi;ethereum-ecosystem,token,,Basis Trading;Bridge;Derivatives;Dexs;Indexes;AI/Big Data,109118076.02816272,2026-05-31
10508,FLUID,Fluid,True,token,"governance/defi tags: ['dao', 'defi']",Dexs;Yield Aggregator,False,,,arbitrum-ecosystem;base-ecosystem;binance-alpha;binance-ecosystem;binance-listing;coinbase-ventures-portfolio;dao;defi;ethereum-ecosystem;standard-crypto-portfolio,token,,Dexs;Yield Aggregator,107197480.5404372,2026-05-31
2586,SNX,Synthetix,True,token,"governance/defi tags: ['dao', 'decentralized-exchange', 'decentralized-exchange-dex-token', 'defi', 'defiance-capital', 'defiance-capital-portfolio', 'derivatives', 'governance', 'perp-dex-coins', 'perpetuals', 'real-world-assets', 'real-world-assets-protocols', 'yield-farming']",Derivatives;Synthetics,False,,,alameda-research-portfolio;avalanche-ecosystem;binance-ecosystem;binance-listing;binance-smart-chain;bnb-chain;bnb-chain-ecosystem;celsius-bankruptcy-estate;coinbase-ventures-portfolio;dao;decentralized-exchange;decentralized-exchange-dex-token;defi;defiance-capital;defiance-capital-portfolio;derivatives;dwf-labs-portfolio;ethereum-ecosystem;fantom-ecosystem;framework-ventures;framework-ventures-portfolio;governance;heco-ecosystem;near-protocol-ecosystem;optimism-ecosystem;paradigm-portfolio;parafi-capital;perp-dex-coins;perpetuals;polygon-ecosystem;real-world-assets;real-world-assets-protocols;services;solana-ecosystem;spartan-group;synthetic-protocols;synthetics;three-arrows-capital-portfolio;yield-farming,token,,Derivatives;Synthetics;DEX;Perpetuals;RWA;Yield,101375225.70381822,2026-05-31
2933,BMX,BitMart Token,True,token,"DeFiLlama governance/DeFi category: ['Derivatives', 'Dexs']",CEX;Derivatives;Dexs,True,,,centralized-exchange;ethereum-ecosystem;marketplace,token,,CEX;Derivatives;Dexs;Exchange Token,100304836.57968812,2026-05-31
1785,GAS,Gas,True,token,governance/defi tags: ['defi'],Dexs,False,,,binance-ecosystem;binance-listing;defi;medium-of-exchange;neo-ecosystem;payments;smart-contracts,token,,Dexs;Payments;Smart Contract Platform,94777935.2951915,2026-05-31
28298,BEAM,Beam,True,token,governance/defi tags: ['governance'],Chain,False,,,base-ecosystem;beam-ecosystem;binance-chain;binance-ecosystem;binance-launchpool;binance-listing;bnb-chain-ecosystem;dwf-labs-portfolio;ethereum-ecosystem;gaming;gaming-guild;governance;play-to-earn;spartan-group;token,token,,Chain;Gaming,88803835.63114627,2026-05-31
30986,KMNO,Kamino,True,token,"governance/defi tags: ['defi', 'lending-borowing']",Lending;Liquidity Manager,False,,,binance-ecosystem;binance-listing;defi;lending-borowing;solana-ecosystem,token,,Lending;Liquidity Manager,88793619.03953144,2026-05-31
36410,MYX,MYX Finance,True,token,"governance/defi tags: ['defi', 'derivatives', 'perp-dex-coins', 'perpetuals']",Derivatives,False,,,binance-alpha;binance-alpha-airdrops;binance-ecosystem;binance-listing;binance-wallet-ido;bnb-chain-ecosystem;defi;derivatives;perp-dex-coins;perpetuals,token,,Derivatives;Perpetuals,82565691.32862708,2026-05-31
3748,HXRO,Hxro,True,token,DeFiLlama governance/DeFi category: ['Derivatives'],Derivatives,True,,,alameda-research-portfolio;cms-holdings-portfolio;coinfund-portfolio;ledgerprime-portfolio;solana-ecosystem;three-arrows-capital-portfolio,token,,Derivatives,77021285.23905045,2022-09-30
37986,LIGHT,Light,True,token,DeFiLlama governance/DeFi category: ['Dexs'],Dexs,True,,,memes;solana-ecosystem,token,,Dexs;Meme,76964529.70820744,2026-05-31
11165,ORCA,Orca,True,token,"governance/defi tags: ['amm', 'decentralized-exchange-dex-token', 'defi', 'dex']",Dexs;Launchpad;Lending,False,,,amm;binance-ecosystem;binance-listing;decentralized-exchange-dex-token;defi;dex;solana-ecosystem;three-arrows-capital-portfolio,token,,Dexs;Launchpad;Lending;DEX,74905046.95666534,2026-05-31
10407,BabyDoge,Baby Doge Coin,True,token,"governance/defi tags: ['decentralized-exchange-dex-token', 'defi', 'real-world-assets', 'real-world-assets-protocols']",Bridge;Dexs,False,,,ai-big-data;animal-memes;art;base-ecosystem;binance-ecosystem;binance-listing;binance-smart-chain;bnb-chain;bnb-chain-ecosystem;collectibles-nfts;communications-social-media;content-creation;cross-chain;decentralized-exchange-dex-token;defi;doggone-doggerel;entertainment;ethereum-ecosystem;gaming;generative-ai;launchpad;loyalty;made-in-america;marketing;marketplace;media;memes;payments;philanthropy;real-estate;real-world-assets;real-world-assets-protocols;services;solana-ecosystem;tap-to-earn;toncoin-ecosystem;web3,token,,Bridge;Dexs;AI/Big Data;NFT;Gaming;Meme;Payments;RWA,74354724.44404452,2026-05-31
34143,WHITE,WhiteRock,True,token,DeFiLlama governance/DeFi category: ['Options'],Options,True,,,ethereum-ecosystem;solana-ecosystem,token,,Options,73970134.63461635,2026-05-31
34926,ARC,AI Rig Complex,True,token,DeFiLlama governance/DeFi category: ['Dexs'],DEX Aggregator;Dexs;Services,True,,,ai-agents;ai-big-data;binance-alpha;binance-ecosystem;binance-listing;pump-fun-ecosystem;solana-ecosystem,token,,DEX Aggregator;Dexs;Services;AI Agents;AI/Big Data,73266568.15694527,2026-05-31
24796,ADF,Art de Finance,True,token,DeFiLlama governance/DeFi category: ['Yield'],Yield,True,,,polygon-ecosystem,token,,Yield,72547578.47308408,2024-04-30
8290,SUPER,SuperVerse,True,token,governance/defi tags: ['defi'],Services,False,,,animoca-brands-portfolio;avalanche-ecosystem;base-ecosystem;binance-ecosystem;binance-listing;binance-smart-chain;bnb-chain;bnb-chain-ecosystem;collectibles-nfts;defi;ethereum-ecosystem;exnetwork-capital-portfolio;gaming;injective-ecosystem;launchpad;made-in-america;polkastarter;polygon-ecosystem;soneium-ecosystem;superstarter,token,,Services;NFT;Gaming,71757741.85177654,2026-05-31
7127,VELO,Velo,True,token,DeFiLlama governance/DeFi category: ['Dexs'],Dexs,True,,,binance-alpha;binance-alpha-airdrops;binance-ecosystem;bnb-chain-ecosystem;dwf-labs-portfolio;stellar-ecosystem,token,,Dexs,70897291.70808804,2026-05-31
29587,W,Wormhole,True,token,"governance/defi tags: ['dao', 'defi', 'governance']",Bridge,False,,,arbitrum-ecosystem;arrington-xrp-capital-portfolio;base-ecosystem;binance-ecosystem;binance-listing;cmc-crypto-yearbook-2024-2025;coinbase-ventures-portfolio;collectibles-nfts;cross-chain;dao;defi;ethereum-ecosystem;governance;interoperability;jump-crypto;multicoin-capital-portfolio;optimism-ecosystem;solana-ecosystem;web3,token,,Bridge;NFT;Interoperability,70709162.10809033,2026-05-31
5566,KEEP,Keep Network,True,token,governance/defi tags: ['defi'],Cross Chain Bridge,False,,,a16z-portfolio;boostvc-portfolio;coinbase-ventures-portfolio;defi;ethereum-ecosystem;fabric-ventures-portfolio;multicoin-capital-portfolio;paradigm-portfolio;paradigm-xzy-screener;parafi-capital;polychain-capital-portfolio;privacy;privacy-blockchain;solana-ecosystem,token,,Cross Chain Bridge;Privacy,70246115.17412095,2025-12-31
5631,ORN,Orion,True,token,"governance/defi tags: ['dao-maker', 'defi', 'dex']",DEX Aggregator;Dexs,False,,,algorand-ecosystem;avalanche-ecosystem;dao-maker;defi;dex;exnetwork-capital-portfolio;fantom-ecosystem;injective-ecosystem,token,,DEX Aggregator;Dexs;DEX,68941590.89404447,2024-10-31
38770,MEGA,MegaETH,True,token,DeFiLlama governance/DeFi category: ['Dexs'],Dexs,True,,,binance-ecosystem;binance-listing;dragonfly-capital-portfolio;layer-2;platform,token,,Dexs;Layer-2,68792777.75245968,2026-05-31
34812,BIO,Bio Protocol,True,token,governance/defi tags: ['dao'],Launchpad,False,,,base-ecosystem;binance-ecosystem;binance-labs-portfolio;binance-listing;bnb-chain-ecosystem;dao;desci;ethereum-ecosystem;solana-ecosystem,token,,Launchpad,67302512.12633684,2026-05-31
2223,VEE,BLOCKv,True,token,DeFiLlama governance/DeFi category: ['Lending'],Lending,True,,,collectibles-nfts;communications-social-media;content-creation;enterprise-solutions;ethereum-ecosystem;media;polygon-ecosystem,token,,Lending;NFT,67061819.60074208,2025-06-30
38353,MET,Meteora,True,token,"governance/defi tags: ['amm', 'decentralized-exchange-dex-token', 'defi', 'dex']",Dexs;Launchpad;Synthetics;Yield;Yield Aggregator,False,,,amm;binance-alpha;binance-alpha-airdrops;binance-ecosystem;binance-liquidity-enhancement-program;binance-listing;dapp;decentralized-exchange-dex-token;defi;dex;solana-ecosystem,token,,Dexs;Launchpad;Synthetics;Yield;Yield Aggregator;DEX,66802877.05630644,2026-05-31
3653,BRC,Baer Chain,True,token,DeFiLlama governance/DeFi category: ['Yield'],Yield,True,,,,token,,Yield,66055420.97769336,2020-12-31
17799,AXL,Axelar,True,token,"governance/defi tags: ['defi', 'real-world-assets', 'real-world-assets-protocols']",Bridge;Launchpad,False,,,arbitrum-ecosystem;avalanche-ecosystem;base-ecosystem;binance-ecosystem;binance-labs-portfolio;binance-listing;bnb-chain-ecosystem;coinbase-ventures-portfolio;coinlist-launchpad;defi;ethereum-ecosystem;fantom-ecosystem;galaxy-digital-portfolio;interoperability;linea-ecosystem;made-in-america;mantle-ecosystem;optimism-ecosystem;osmosis-ecosystem;polychain-capital-portfolio;polygon-ecosystem;real-world-assets;real-world-assets-protocols;scroll-ecosystem;sei-ecosystem,token,,Bridge;Launchpad;Interoperability;RWA,64448166.41878978,2026-05-31
1732,NMR,Numeraire,True,token,governance/defi tags: ['defi'],Derivatives,False,,,ai-big-data;asset-management;binance-ecosystem;binance-listing;coinfund-portfolio;defi;ethereum-ecosystem;generative-ai;paradigm-portfolio;paradigm-xzy-screener;payments;placeholder-ventures-portfolio;research;usv-portfolio,token,,Derivatives;AI/Big Data;Payments,64293340.72937234,2026-05-31
38408,BARD,Lombard,True,token,governance/defi tags: ['defi'],Bridge;Onchain Capital Allocator;Restaked BTC,False,,,binance-alpha-airdrops;binance-ecosystem;binance-hodler-airdrops;binance-labs-portfolio;binance-listing;bitcoin-ecosystem;bnb-chain-ecosystem;defi;ethereum-ecosystem;nomad-capital;okx-ventures-portfolio;polychain-capital-portfolio,token,,Bridge;Onchain Capital Allocator;Restaked BTC,63789499.96093605,2026-05-31
6945,AMP,Amp,True,token,DeFiLlama governance/DeFi category: ['Algo-Stables'],Algo-Stables;Payments,True,,,alleged-sec-securities;binance-ecosystem;binance-listing;ethereum-ecosystem;made-in-america;sec-security-token,token,,Algo-Stables;Payments,62664709.75393681,2026-05-31
18031,CCD,Concordium,True,token,"governance/defi tags: ['defi', 'governance']",,False,,,defi;governance;identity;layer-1;platform;privacy;privacy-blockchain;smart-contracts;wallet;zero-knowledge-proofs,token,,Identity;Layer-1;Privacy;Smart Contract Platform;Zero Knowledge,59211969.83323309,2026-05-31
29082,SAROS,Saros,True,token,governance/defi tags: ['dex'],Dexs,False,,,binance-alpha;binance-alpha-airdrops;binance-ecosystem;dex;solana-ecosystem;viction-ecosystem,token,,Dexs;DEX,57361597.11595453,2025-10-31
7242,CORE,cVault.finance,True,token,"governance/defi tags: ['dao', 'defi', 'governance']",Canonical Bridge;Derivatives;Yield,False,,,dao;defi;governance,token,,Canonical Bridge;Derivatives;Yield,57335197.04277704,2023-09-30
35954,LION,Loaded Lions,True,token,"DeFiLlama governance/DeFi category: ['Algo-Stables', 'Derivatives', 'Yield']",Algo-Stables;Basis Trading;Derivatives;Services;Yield,True,,,arbitrum-ecosystem;collectibles-nfts;cronos-ecosystem;gaming;memes;solana-ecosystem,token,,Algo-Stables;Basis Trading;Derivatives;Services;Yield;NFT;Gaming;Meme,54610150.15967512,2026-05-31
17751,T,Threshold,True,token,DeFiLlama governance/DeFi category: ['CDP'],CDP;Decentralized BTC,True,,,binance-ecosystem;binance-listing;bitcoin-ecosystem;btc-ecosystem;ethereum-ecosystem,token,,CDP;Decentralized BTC,54182948.17212765,2026-05-31
2071,REQ,Request,True,token,governance/defi tags: ['defi'],Developer Tools,False,,,binance-ecosystem;binance-listing;defi;ethereum-ecosystem;medium-of-exchange;payments;polygon-ecosystem;smart-contracts,token,,Developer Tools;Payments;Smart Contract Platform,53407577.9646315,2026-05-31
14519,VVS,VVS Finance,True,token,"governance/defi tags: ['decentralized-exchange-dex-token', 'defi', 'dex']",Dexs,False,,,cronos-ecosystem;decentralized-exchange-dex-token;defi;dex;ethereum-ecosystem,token,,Dexs;DEX,52020488.10077077,2026-05-31
35931,ZORA,ZORA,True,token,DeFiLlama governance/DeFi category: ['Launchpad'],Canonical Bridge;Launchpad;NFT Marketplace,True,,,base-ecosystem;binance-alpha;binance-alpha-airdrops;binance-ecosystem;binance-listing;collectibles-nfts;communications-social-media;layer-2;social-money,token,,Canonical Bridge;Launchpad;NFT Marketplace;NFT;Layer-2,51745785.74886657,2026-05-31
23082,TEM,TemDAO,True,token,"DeFiLlama governance/DeFi category: ['Lending', 'Reserve Currency']",Lending;Reserve Currency,True,,,,token,,Lending;Reserve Currency,51628711.90458265,2023-04-30
38299,AVNT,Avantis,True,token,"governance/defi tags: ['decentralized-exchange-dex-token', 'defi', 'derivatives', 'dex', 'perp-dex-coins', 'perpetuals']",Derivatives,False,,,base-ecosystem;binance-alpha-airdrops;binance-ecosystem;binance-hodler-airdrops;binance-listing;decentralized-exchange-dex-token;defi;derivatives;dex;galaxy-digital-portfolio;pantera-capital-portfolio;perp-dex-coins;perpetuals,token,,Derivatives;DEX;Perpetuals,45528801.58382945,2026-05-31
30126,MEW,cat in a dogs world,True,token,DeFiLlama governance/DeFi category: ['Dexs'],Dexs,True,,,animal-memes;binance-alpha;binance-ecosystem;binance-listing;cat-themed;cmc-crypto-yearbook-2024-2025;doggone-doggerel;ip-memes;memes;moonshot;solana-ecosystem,token,,Dexs;Meme,44507383.0164303,2026-05-31
3296,MIN,MINDOL,True,token,DeFiLlama governance/DeFi category: ['Dexs'],DEX Aggregator;Dexs,True,,,,token,,DEX Aggregator;Dexs,44358634.83511515,2021-02-28
20314,LUNA,Terra,True,token,DeFiLlama governance/DeFi category: ['Launchpad'],Launchpad,True,,,alleged-sec-securities;binance-ecosystem;binance-listing;osmosis-ecosystem,token,,Launchpad,44068551.91092732,2026-05-31
19843,APEX,ApeX Protocol,True,token,"governance/defi tags: ['decentralized-exchange-dex-token', 'defi', 'derivatives', 'dex', 'perp-dex-coins', 'perpetuals']",Derivatives;Dexs,False,,,arbitrum-ecosystem;decentralized-exchange-dex-token;defi;derivatives;dex;ethereum-ecosystem;perp-dex-coins;perpetuals,token,,Derivatives;Dexs;DEX;Perpetuals,43501507.22700529,2026-05-31
7288,XVS,Venus,True,token,"governance/defi tags: ['defi', 'lending-borowing', 'real-world-assets', 'real-world-assets-protocols', 'yield-farming']",Lending,False,,,arbitrum-ecosystem;base-ecosystem;binance-ecosystem;binance-launchpool;binance-listing;binance-smart-chain;bnb-chain;bnb-chain-ecosystem;defi;ethereum-ecosystem;lending-borowing;opbnb-ecosystem;optimism-ecosystem;privacy;real-world-assets;real-world-assets-protocols;unichain-ecosystem;yield-farming;zksync-era-ecosystem,token,,Lending;Privacy;RWA;Yield,42677142.90451196,2026-05-31
5617,UMA,UMA,True,token,"governance/defi tags: ['dao', 'defi', 'derivatives', 'governance']",,False,,,amber-group-portfolio;avalanche-ecosystem;binance-ecosystem;binance-listing;blockchain-capital-portfolio;coinbase-ventures-portfolio;dao;defi;derivatives;dragonfly-capital-portfolio;ethereum-ecosystem;governance;injective-ecosystem;oracles;placeholder-ventures-portfolio;polygon-ecosystem;synthetic-protocols;synthetics,token,,Derivatives,39890146.09008933,2026-05-31
35429,LAYER,Solayer,True,token,governance/defi tags: ['defi'],Crypto Card Issuer;RWA;Restaking,False,,,binance-ecosystem;binance-hodler-airdrops;binance-labs-portfolio;binance-listing;defi;polychain-capital-portfolio;restaking;solana-ecosystem,token,,Crypto Card Issuer;RWA;Restaking,38766561.18300247,2026-05-31
12220,OSMO,Osmosis,True,token,DeFiLlama governance/DeFi category: ['Dexs'],Dexs,True,,,binance-ecosystem;binance-listing;cosmos-ecosystem;ethereum-ecosystem;injective-ecosystem;modular-blockchain;osmosis-ecosystem;polygon-ecosystem,token,,Dexs;Modular Blockchain,38669672.09722996,2026-05-31
28301,MEME,Memecoin,True,token,"DeFiLlama governance/DeFi category: ['Dexs', 'Farm']",Dexs;Farm,True,,,binance-ecosystem;binance-launchpool;binance-listing;collectibles-nfts;ethereum-ecosystem;memes,token,,Dexs;Farm;NFT;Meme,38620480.00310781,2026-05-31
3874,IRIS,IRISnet,True,token,DeFiLlama governance/DeFi category: ['Yield'],Yield,True,,,cosmos-ecosystem;ethereum-ecosystem;injective-ecosystem;osmosis-ecosystem;polygon-ecosystem,token,,Yield,35661052.11760295,2026-04-30
30712,MERL,Merlin Chain,True,token,DeFiLlama governance/DeFi category: ['Yield'],Bridge;Yield,True,,,amber-group-portfolio;binance-alpha;binance-alpha-airdrops;binance-ecosystem;binance-listing;bitcoin-ecosystem;bnb-chain-ecosystem;ethereum-ecosystem;layer-2;made-in-china;merlin-ecosystem,token,,Bridge;Yield;Layer-2,35442901.6032971,2026-05-31
9436,ELON,Dogelon Mars,True,token,DeFiLlama governance/DeFi category: ['Lending'],Canonical Bridge;Lending,True,,,animal-memes;base-ecosystem;bnb-chain-ecosystem;cronos-ecosystem;doggone-doggerel;ethereum-ecosystem;memes;payments;polygon-ecosystem;solana-ecosystem,token,,Canonical Bridge;Lending;Meme;Payments,35378355.3351908,2026-05-31
6833,LIT,Litentry,True,token,governance/defi tags: ['defi'],Algo-Stables;Bridge;Derivatives;Dexs;Yield,False,,,binance-launchpool;dapp;defi;dwf-labs-portfolio;ethereum;ethereum-ecosystem;injective-ecosystem;polkadot;polkadot-ecosystem;substrate;web3,token,,Algo-Stables;Bridge;Derivatives;Dexs;Yield,35374393.39516967,2025-01-31
25264,SNEK,Snek,True,token,DeFiLlama governance/DeFi category: ['Dexs'],Dexs,True,,,cardano-ecosystem;memes,token,,Dexs;Meme,35008025.0713694,2026-05-31
2982,MVL,MVL,True,token,DeFiLlama governance/DeFi category: ['Yield'],Yield,True,,,binance-chain;binance-smart-chain;bnb-chain-ecosystem;depin;dwf-labs-portfolio;ethereum-ecosystem;iot;toncoin-ecosystem,token,,Yield;DePIN;IoT,33840664.12950284,2026-05-31
11171,MNGO,Mango,True,token,"governance/defi tags: ['dao', 'decentralized-exchange', 'decentralized-exchange-dex-token', 'defi', 'derivatives', 'dex', 'governance', 'perp-dex-coins', 'perpetuals']",Derivatives;Dexs,False,,,alleged-sec-securities;dao;decentralized-exchange;decentralized-exchange-dex-token;defi;derivatives;dex;governance;perp-dex-coins;perpetuals;solana-ecosystem,token,,Derivatives;Dexs;DEX;Perpetuals,33736847.66719631,2026-05-31
3835,ORBS,Orbs,True,token,governance/defi tags: ['defi'],Farm,False,,,arbitrum-ecosystem;avalanche-ecosystem;bnb-chain-ecosystem;defi;dwf-labs-portfolio;enterprise-solutions;ethereum-ecosystem;fantom-ecosystem;harmony-ecosystem;polygon-ecosystem;services;solana-ecosystem,token,,Farm,33556185.84067744,2026-05-31
24781,CYBER,Cyber,True,token,governance/defi tags: ['governance'],Chain;SoFi,False,,,ai-applications;amber-group-portfolio;animoca-brands-portfolio;arbitrum-ecosystem;arbitrum-ecosytem;base-ecosystem;binance-ecosystem;binance-labs-portfolio;binance-launchpool;binance-listing;binance-smart-chain;bnb-chain;bnb-chain-ecosystem;coinlist-launchpad;collectibles-nfts;communications-social-media;cyber-ecosystem;dragonfly-capital-portfolio;dwf-labs-portfolio;ethereum-ecosystem;governance;interoperability;layer-2;linea-ecosystem;multicoin-capital-portfolio;optimism-ecosystem;platform;polygon-ecosystem;polygon-ventures-portfolio;reputation;smart-contracts;spartan-group;web3,token,,Chain;SoFi;NFT;Interoperability;Layer-2;Smart Contract Platform,32367474.43636171,2026-05-31
27565,ARKM,Arkham,True,token,"governance/defi tags: ['defi', 'derivatives', 'governance', 'perp-dex-coins', 'perpetuals']",CEX;Services,False,,,ai-big-data;analytics;binance-ecosystem;binance-labs-portfolio;binance-launchpad;binance-listing;cmc-crypto-yearbook-2024-2025;defi;derivatives;ethereum-ecosystem;governance;made-in-america;marketplace;perp-dex-coins;perpetuals;research,token,,CEX;Services;AI/Big Data;Derivatives;Perpetuals,32080284.46037152,2026-05-31
5429,DEP,DEAPcoin,True,token,DeFiLlama governance/DeFi category: ['Dexs'],Dexs,True,,,avalanche-ecosystem;binance-smart-chain;bnb-chain;bnb-chain-ecosystem;collectibles-nfts;depin;ethereum-ecosystem;fantom-ecosystem;gaming;metaverse;play-to-earn;polygon-ecosystem;solana-ecosystem,token,,Dexs;NFT;DePIN;Gaming;Metaverse,31998577.46772649,2026-05-31
7501,WOO,WOO,True,token,"governance/defi tags: ['amm', 'decentralized-exchange-dex-token', 'defi', 'derivatives', 'perp-dex-coins', 'perpetuals', 'yield-farming']",CEX;Dexs;Yield,False,,,amber-group-portfolio;amm;arbitrum-ecosystem;arbitrum-ecosytem;avalanche-ecosystem;binance-ecosystem;binance-listing;binance-smart-chain;bnb-chain;bnb-chain-ecosystem;centralized-exchange;decentralized-exchange-dex-token;defi;derivatives;ethereum-ecosystem;exnetwork-capital-portfolio;injective-ecosystem;mvb;near-protocol-ecosystem;perp-dex-coins;perpetuals;polygon-ecosystem;three-arrows-capital-portfolio;vbc-ventures-portfolio;yield-farming,token,,CEX;Dexs;Yield;Exchange Token;Derivatives;Perpetuals,31396088.57815658,2026-05-31
8602,AUCTION,Bounce Token,True,token,governance/defi tags: ['defi'],Launchpad,False,,,binance-ecosystem;binance-listing;binance-smart-chain;bnb-chain;bnb-chain-ecosystem;bounce-launchpad;defi;dot-ecosystem;dwf-labs-portfolio;ethereum-ecosystem;polkadot-ecosystem,token,,Launchpad,31313140.67917401,2026-05-31
14280,EUL,Euler,True,token,"DeFiLlama governance/DeFi category: ['Dexs', 'Lending']",Dexs;Lending;Risk Curators,True,,,arbitrum-ecosystem;base-ecosystem;binance-alpha-airdrops;binance-ecosystem;binance-listing;bnb-chain-ecosystem;ethereum-ecosystem;paradigm-portfolio,token,,Dexs;Lending;Risk Curators,30733205.32925375,2026-05-31
3855,LOCUS,Locus Chain,True,token,governance/defi tags: ['defi'],Yield,False,,,defi;ethereum-ecosystem;payments;platform;scaling,token,,Yield;Payments,30402388.11809688,2026-05-31
8719,ILV,Illuvium,True,token,governance/defi tags: ['dao'],Gaming,False,,,binance-ecosystem;binance-listing;collectibles-nfts;dao;ethereum-ecosystem;gaming;metaverse;play-to-earn,token,,Gaming;NFT;Metaverse,30064081.41071937,2026-05-31
12573,CPOOL,Clearpool,True,token,"governance/defi tags: ['defi', 'real-world-assets', 'real-world-assets-protocols']",RWA;Uncollateralized Lending,False,,,binance-alpha;binance-ecosystem;cmc-crypto-yearbook-2024-2025;defi;ethereum-ecosystem;real-world-assets;real-world-assets-protocols;solana-ecosystem,token,,RWA;Uncollateralized Lending,29933338.60405724,2026-05-31
4113,UNI,UNI COIN,True,token,"DeFiLlama governance/DeFi category: ['Dexs', 'Launchpad']",Dexs;Launchpad,True,,,medium-of-exchange,token,,Dexs;Launchpad;Payments,29902589.17707457,2020-12-31
9444,KNC,Kyber Network Crystal v2,True,token,"governance/defi tags: ['amm', 'dao', 'decentralized-exchange', 'decentralized-exchange-dex-token', 'defi', 'governance']",DEX Aggregator;Dexs;Yield Aggregator,False,,,amm;arbitrum-ecosystem;arbitrum-ecosytem;binance-ecosystem;binance-listing;bnb-chain-ecosystem;dao;decentralized-exchange;decentralized-exchange-dex-token;defi;ethereum-ecosystem;governance;kenetic-capital-portfolio;kinetic-capital;kinetic-capital-portfolio;marketplace;optimism-ecosystem;pantera-capital-portfolio;parafi-capital;polygon-ecosystem;three-arrows-capital-portfolio,token,,DEX Aggregator;Dexs;Yield Aggregator;DEX,29274397.98398639,2026-05-31
5279,SOLO,Sologenic,True,token,DeFiLlama governance/DeFi category: ['Dexs'],Basis Trading;Dexs,True,,,bnb-chain-ecosystem;xrp-ecosystem,token,,Basis Trading;Dexs,27755169.66076231,2026-02-28
28480,BLAST,Blast,True,token,DeFiLlama governance/DeFi category: ['Farm'],Canonical Bridge;Farm,True,,,blast-ecosystem;egirl-capital-portfolio;ethereum-ecosystem;layer-2;modular-blockchain;paradigm-portfolio;rollups;standard-crypto-portfolio,token,,Canonical Bridge;Farm;Layer-2;Modular Blockchain,27634597.39017253,2026-05-31
2930,IQ,IQ,True,token,"governance/defi tags: ['dao', 'defi', 'yield-farming']",Services,False,,,ai-agents;ai-big-data;arbitrum-ecosystem;binance-ecosystem;binance-listing;communications-social-media;content-creation;dao;defi;eos;eos-ecosystem;ethereum-ecosystem;loyalty;media;olympus-pro-ecosystem;polygon-ecosystem;yield-farming,token,,Services;AI Agents;AI/Big Data;Yield,27092059.45316387,2026-05-31
7737,API3,API3,True,token,governance/defi tags: ['defi'],Risk Curators,False,,,binance-ecosystem;binance-listing;cardano;cardano-ecosystem;coinfund-portfolio;dcg-portfolio;defi;ethereum-ecosystem;fantom-ecosystem;injective-ecosystem;oracles;pantera-capital-portfolio;placeholder-ventures-portfolio;polygon-ecosystem;web3,token,,Risk Curators,26989645.1747212,2026-05-31
28047,LSD,L7,True,token,"DeFiLlama governance/DeFi category: ['Dexs', 'Farm']",Dexs;Farm;Indexes,True,,,asset-management;binance-chain;web3,token,,Dexs;Farm;Indexes,26747145.74003834,2024-06-30
10688,YGG,Yield Guild Games,True,token,governance/defi tags: ['dao'],Gaming,False,,,a16z-portfolio;abstract-chain-ecosystem;animoca-brands-portfolio;base-ecosystem;binance-ecosystem;binance-listing;bnb-chain-ecosystem;collectibles-nfts;dao;dwf-labs-portfolio;entertainment;ethereum-ecosystem;gaming;gaming-guild;harmony-ecosystem;metaverse;okex-blockdream-ventures-portfolio;okx-ventures-portfolio;play-to-earn;polygon-ecosystem;ronin-ecosystem;solana-ecosystem,token,,Gaming;NFT;Metaverse,26567621.92534548,2026-05-31
11289,SPELL,Spell Token,True,token,"governance/defi tags: ['defi', 'defi-2']",CDP,False,,,arbitrum-ecosystem;arbitrum-ecosytem;avalanche-ecosystem;binance-ecosystem;binance-listing;defi;defi-2;dwf-labs-portfolio;ethereum-ecosystem;fantom-ecosystem;olympus-pro-ecosystem;protocol-owned-liquidity;solana-ecosystem,token,,CDP,26277594.90333837,2026-05-31
8083,LON,Tokenlon Network Token,True,token,"governance/defi tags: ['decentralized-exchange', 'decentralized-exchange-dex-token', 'defi']",DEX Aggregator;Dexs,False,,,arbitrum-ecosystem;arbitrum-ecosytem;decentralized-exchange;decentralized-exchange-dex-token;defi;ethereum-ecosystem,token,,DEX Aggregator;Dexs;DEX,26006372.31709429,2026-05-31
5266,MLK,MiL.k,True,token,DeFiLlama governance/DeFi category: ['Farm'],Farm,True,,,arbitrum-ecosystem;binance-alpha;binance-alpha-airdrops;binance-ecosystem;binance-smart-chain;bnb-chain;bnb-chain-ecosystem,token,,Farm,25647186.46568315,2026-05-31
29335,PIXEL,Pixels,True,token,governance/defi tags: ['governance'],Dexs,False,,,animoca-brands-portfolio;binance-ecosystem;binance-launchpool;binance-listing;collectibles-nfts;ethereum-ecosystem;gaming;gaming-guild;governance;play-to-earn;ronin-ecosystem;web3,token,,Dexs;NFT;Gaming,24733658.37253431,2026-05-31
23054,CHEEL,Cheelee,True,token,DeFiLlama governance/DeFi category: ['Farm'],Farm,True,,,bnb-chain-ecosystem,token,,Farm,24292823.65398729,2026-05-31
2081,AMB,AirDAO,True,token,"governance/defi tags: ['defi', 'governance']",,False,,,ai-big-data;defi;dwf-labs-portfolio;enterprise-solutions;governance;iot;layer-1;logistics;platform,token,,AI/Big Data;IoT;Layer-1,24274775.49355422,2024-12-31
9543,BICO,Biconomy,True,token,governance/defi tags: ['defi'],Bridge,False,,,account-abstraction;arbitrum-ecosystem;avalanche-ecosystem;base-ecosystem;binance-ecosystem;binance-labs-portfolio;binance-liquidity-enhancement-program;binance-listing;bnb-chain-ecosystem;coinbase-ventures-portfolio;coinlist-launchpad;defi;dwf-labs-portfolio;ethereum-ecosystem;fenbushi-capital-portfolio;interoperability;mvb;optimism-ecosystem;platform;polygon-ecosystem,token,,Bridge;Interoperability,23835682.08851732,2026-05-31
9640,METIS,Metis,True,token,governance/defi tags: ['metisdao-ecosystem'],Canonical Bridge,False,,,binance-ecosystem;binance-listing;dwf-labs-portfolio;ethereum-ecosystem;layer-2;metis-andromeda-ecosystem;metisdao-ecosystem;modular-blockchain;okex-blockdream-ventures-portfolio;okx-ventures-portfolio;privacy;rollups;scaling;zero-knowledge-proofs,token,,Canonical Bridge;Layer-2;Modular Blockchain;Privacy;Zero Knowledge,23828408.17898969,2026-05-31
5824,SLP,Smooth Love Potion,True,token,DeFiLlama governance/DeFi category: ['Derivatives'],Derivatives,True,,,binance-ecosystem;binance-listing;bnb-chain-ecosystem;collectibles-nfts;ethereum-ecosystem;gaming;play-to-earn;ronin-ecosystem;solana-ecosystem,token,,Derivatives;NFT;Gaming,23159897.05675803,2026-05-31
29676,AEVO,Aevo,True,token,"governance/defi tags: ['derivatives', 'dex', 'perp-dex-coins', 'perpetuals']",Derivatives;Options,False,,,binance-ecosystem;binance-launchpool;binance-listing;derivatives;dex;ethereum-ecosystem;layer-2;perp-dex-coins;perpetuals,token,,Derivatives;Options;DEX;Layer-2;Perpetuals,22644512.73987418,2026-05-31
7064,BAKE,BakeryToken,True,token,"governance/defi tags: ['amm', 'defi', 'dex']",Dexs,False,,,amm;binance-chain;binance-ecosystem;binance-listing;binance-smart-chain;bnb-chain;bnb-chain-ecosystem;collectibles-nfts;defi;dex;gaming,token,,Dexs;NFT;DEX;Gaming,22595425.29221571,2025-08-31
27765,ZBU,Zeebu,True,token,DeFiLlama governance/DeFi category: ['Farm'],Farm,True,,,base-ecosystem;bnb-chain-ecosystem;ethereum-ecosystem;loyalty,token,,Farm,22386927.87873878,2026-05-31
4134,AKRO,Kaon,True,token,"governance/defi tags: ['dao', 'defi', 'yield-aggregator']",Yield,False,,,alameda-research-portfolio;dao;defi;dot-ecosystem;kenetic-capital-portfolio;kinetic-capital;kinetic-capital-portfolio;ledgerprime-portfolio;polkadot-ecosystem;spartan-group;substrate;yearn-partnerships;yield-aggregator,token,,Yield,21547077.29415897,2024-11-30
1104,REP,Augur,True,token,governance/defi tags: ['defi'],Prediction Market,False,,,1confirmation-portfolio;defi;depin;ethereum-ecosystem;ipfs;multicoin-capital-portfolio;oracles;pantera-capital-portfolio;platform;polygon-ecosystem;prediction-markets;reputation;storage,token,,Prediction Market;DePIN;Storage,21206105.64010611,2025-10-31
3814,CELR,Celer Network,True,token,governance/defi tags: ['defi'],Bridge,False,,,arbitrum-ecosystem;arbitrum-ecosytem;arrington-xrp-capital;arrington-xrp-capital-portfolio;binance-ecosystem;binance-launchpad;binance-listing;binance-smart-chain;bnb-chain;bnb-chain-ecosystem;cross-chain;defi;depin;dot-ecosystem;enterprise-solutions;ethereum-ecosystem;interoperability;metis-andromeda-ecosystem;moonbeam-ecosystem;oasis-ecosystem;pantera-capital-portfolio;platform;polkadot;polkadot-ecosystem;privacy;scaling;sei-ecosystem;state-channel;state-channels;substrate;zero-knowledge-proofs,token,,Bridge;DePIN;Interoperability;Privacy;Zero Knowledge,20996921.90192449,2026-05-31
14803,AURORA,Aurora,True,token,DeFiLlama governance/DeFi category: ['Farm'],Farm,True,,,aurora-ecosystem;dwf-labs-portfolio;ethereum-ecosystem;injective-ecosystem;near-protocol-ecosystem;okex-blockdream-ventures-portfolio;okx-ventures-portfolio,token,,Farm,20447856.34645313,2026-05-31
2873,MET,Metronome,True,token,governance/defi tags: ['defi'],Dexs;Launchpad;Synthetics;Yield;Yield Aggregator,False,,,defi;payments;platform;wallet,token,,Dexs;Launchpad;Synthetics;Yield;Yield Aggregator;Payments,19876835.60244524,2023-06-30
14783,MAGIC,Treasure,True,token,DeFiLlama governance/DeFi category: ['Yield'],Gaming;Yield,True,,,ai-agent-launchpad;ai-big-data;arbitrum-ecosystem;arbitrum-ecosytem;binance-ecosystem;binance-listing;collectibles-nfts;ethereum-ecosystem;gaming;layer-2;metaverse,token,,Gaming;Yield;AI/Big Data;NFT;Layer-2;Metaverse,19797751.68289032,2026-05-31
9674,WILD,Wilder World,True,token,governance/defi tags: ['defi'],Lending;Yield,False,,,animoca-brands-portfolio;avalanche-ecosystem;binance-alpha;binance-alpha-airdrops;binance-ecosystem;bnb-chain-ecosystem;collectibles-nfts;defi;ethereum-ecosystem;gaming;made-in-america;metaverse;polkastarter;skyvision-capital;skyvision-capital-portfolio;solana-ecosystem;vr-ar,token,,Lending;Yield;NFT;Gaming;Metaverse,19778936.10623217,2026-04-30
10903,C98,Coin98,True,token,"governance/defi tags: ['defi', 'derivatives', 'perp-dex-coins', 'perpetuals']",Farm,False,,,binance-ecosystem;binance-launchpad;binance-listing;binance-smart-chain;bnb-chain;bnb-chain-ecosystem;celo-ecosystem;defi;derivatives;dwf-labs-portfolio;ethereum-ecosystem;injective-ecosystem;perp-dex-coins;perpetuals;polygon-ecosystem;solana-ecosystem;spartan-group;viction-ecosystem;wallet,token,,Farm;Derivatives;Perpetuals,19519465.59388897,2026-05-31
2675,DOCK,Dock,True,token,governance/defi tags: ['governance'],,False,,,ai-big-data;dot-ecosystem;governance;jobs;polkadot-ecosystem;services;smart-contracts;substrate,token,,AI/Big Data;Smart Contract Platform,19145631.77991072,2024-06-30
3928,IDEX,IDEX,True,token,"governance/defi tags: ['decentralized-exchange', 'decentralized-exchange-dex-token', 'defi', 'derivatives', 'perp-dex-coins']",Derivatives;Dexs,False,,,binance-ecosystem;binance-listing;decentralized-exchange;decentralized-exchange-dex-token;defi;derivatives;ethereum-ecosystem;perp-dex-coins,token,,Derivatives;Dexs;DEX,19101067.59191882,2025-10-31
17591,NYM,NYM,True,token,"governance/defi tags: ['defi', 'governance']",,False,,,bnb-chain-ecosystem;coinlist-launchpad;defi;depin;distributed-computing;ethereum-ecosystem;fenbushi-capital-portfolio;governance;hashkey-capital-portfolio;interoperability;layer-1;osmosis-ecosystem;polychain-capital-portfolio;privacy;privacy-coins;smart-contracts;wallet;web3,token,,DePIN;Interoperability;Layer-1;Privacy;Smart Contract Platform,19098328.97653311,2026-05-31
4090,WXT,Wirex Token,True,token,DeFiLlama governance/DeFi category: ['Lending'],CEX;Lending,True,,,asset-management;avalanche-ecosystem;centralized-exchange;ethereum-ecosystem;mobile-payment;mobile-payments;payments;stellar-ecosystem,token,,CEX;Lending;Exchange Token;Payments,18721600.71115932,2026-05-31
5234,DNA,Metaverse Dualchain Network Architecture,True,token,"DeFiLlama governance/DeFi category: ['Algo-Stables', 'Farm', 'Yield']",Algo-Stables;Farm;Yield,True,,,,token,,Algo-Stables;Farm;Yield,18193100.09501082,2021-08-31
2202,PRL,Oyster,True,token,"DeFiLlama governance/DeFi category: ['CDP', 'Yield Aggregator']",CDP;Gaming;Yield Aggregator,True,,,,token,,CDP;Gaming;Yield Aggregator,18075250.16110096,2018-10-31
7224,DODO,DODO,True,token,"governance/defi tags: ['decentralized-exchange', 'decentralized-exchange-dex-token', 'defi', 'defiance-capital', 'defiance-capital-portfolio']",DEX Aggregator;Dexs,False,,,alameda-research-portfolio;arbitrum-ecosystem;arbitrum-ecosytem;binance-ecosystem;binance-launchpool;binance-listing;binance-smart-chain;bnb-chain;bnb-chain-ecosystem;cms-holdings-portfolio;coinbase-ventures-portfolio;decentralized-exchange;decentralized-exchange-dex-token;defi;defiance-capital;defiance-capital-portfolio;dwf-labs-portfolio;ethereum-ecosystem;exnetwork-capital-portfolio;framework-ventures;framework-ventures-portfolio;made-in-china;near-protocol-ecosystem;pantera-capital-portfolio;three-arrows-capital-portfolio,token,,DEX Aggregator;Dexs;DEX,17710032.62698496,2026-05-31
10897,ALT,Alitas,True,token,"DeFiLlama governance/DeFi category: ['Derivatives', 'Dexs', 'Launchpad']",Derivatives;Developer Tools;Dexs;Launchpad,True,,,binance-smart-chain;bnb-chain,token,,Derivatives;Developer Tools;Dexs;Launchpad,17675372.57322284,2024-11-30
8296,KSP,KLAYswap Protocol,True,token,governance/defi tags: ['defi'],Dexs,False,,,defi,token,,Dexs,17227287.84817092,2024-10-31
1680,ANT,Aragon,True,token,"governance/defi tags: ['dao', 'governance']",Services,False,,,boostvc-portfolio;cosmos-ecosystem;dao;enterprise-solutions;ethereum;ethereum-ecosystem;governance;placeholder-ventures-portfolio;platform;polkadot;substrate;web3,token,,Services,16964227.22655947,2025-03-31
3367,CRD,CryptalDash,True,token,DeFiLlama governance/DeFi category: ['Lending'],Lending,True,,,,token,,Lending,16932237.98246,2021-03-31
7208,POLS,Polkastarter,True,token,governance/defi tags: ['defi'],Launchpad,False,,,binance-smart-chain;bnb-chain;bnb-chain-ecosystem;defi;dot-ecosystem;ethereum-ecosystem;exnetwork-capital-portfolio;launchpad;polkadot;polkadot-ecosystem,token,,Launchpad,16803036.43066098,2025-09-30
8972,SFUND,Seedify.fund,True,token,DeFiLlama governance/DeFi category: ['Launchpad'],Launchpad,True,,,arbitrum-ecosystem;avalanche-ecosystem;base-ecosystem;binance-smart-chain;bnb-chain;bnb-chain-ecosystem;dwf-labs-portfolio;ethereum-ecosystem;gaming;launchpad;play-to-earn;polygon-ecosystem,token,,Launchpad;Gaming,16800813.95598288,2025-10-31
39042,POWER,Power Protocol,True,token,"DeFiLlama governance/DeFi category: ['Dexs', 'Reserve Currency', 'Yield']",Dexs;Reserve Currency;Stablecoin Issuer;Yield,True,,,binance-alpha;binance-alpha-airdrops;binance-ecosystem;binance-listing;bnb-chain-ecosystem;ethereum-ecosystem;gaming;ronin-ecosystem,token,,Dexs;Reserve Currency;Stablecoin Issuer;Yield;Gaming,16725499.99983912,2026-05-31
11079,BRISE,Bitgert,True,token,DeFiLlama governance/DeFi category: ['Yield'],Yield,True,,,bnb-chain;bnb-chain-ecosystem;ethereum-ecosystem;solana-ecosystem,token,,Yield,16115858.54425376,2025-10-31
7654,RFOX,RFOX,True,token,DeFiLlama governance/DeFi category: ['Yield'],Yield,True,,,binance-smart-chain;bnb-chain;collectibles-nfts;ethereum;ethereum-ecosystem;metaverse,token,,Yield;NFT;Metaverse,15878732.78798181,2024-01-31
3418,META,Metadium,True,token,"DeFiLlama governance/DeFi category: ['Dexs', 'Reserve Currency', 'Yield']",Dexs;Reserve Currency;Yield,True,,,arrington-xrp-capital;ethereum-ecosystem;identity;kenetic-capital-portfolio;kinetic-capital;kinetic-capital-portfolio;platform,token,,Dexs;Reserve Currency;Yield;Identity,15839839.1581375,2026-05-31
8335,MDX,Mdex,True,token,"governance/defi tags: ['amm', 'decentralized-exchange', 'decentralized-exchange-dex-token', 'defi', 'yield-farming']",Dexs,False,,,amm;binance-smart-chain;bnb-chain;decentralized-exchange;decentralized-exchange-dex-token;defi;heco;heco-ecosystem;yield-farming,token,,Dexs;DEX;Yield,15300475.53852738,2024-10-31
31278,DRIFT,Drift,True,token,"governance/defi tags: ['decentralized-exchange-dex-token', 'defi', 'derivatives', 'governance', 'perpetuals']",Derivatives;Dexs;Liquid Staking,False,,,binance-alpha;binance-ecosystem;binance-listing;decentralized-exchange-dex-token;defi;derivatives;governance;jump-crypto;multicoin-capital-portfolio;perpetuals;polychain-capital-portfolio;solana-ecosystem,token,,Derivatives;Dexs;Liquid Staking;Perpetuals,15222924.69709619,2026-05-31
6929,HEGIC,Hegic,True,token,"governance/defi tags: ['decentralized-exchange', 'decentralized-exchange-dex-token', 'defi', 'derivatives']",Options,False,,,arbitrum-ecosystem;arbitrum-ecosytem;decentralized-exchange;decentralized-exchange-dex-token;defi;derivatives;ethereum-ecosystem;fantom-ecosystem;options,token,,Options;DEX;Derivatives,15085500.16892013,2025-12-31
5007,TROY,TROY,True,token,DeFiLlama governance/DeFi category: ['Farm'],Farm,True,,,binance-launchpad;bnb-chain-ecosystem;ethereum-ecosystem,token,,Farm,14856161.15574923,2025-02-28
6756,ACA,Acala Token,True,token,governance/defi tags: ['defi'],Canonical Bridge;Dexs,False,,,arrington-xrp-capital-portfolio;binance-ecosystem;binance-listing;defi;injective-ecosystem;polkadot;polkadot-ecosystem;spartan-group;substrate,token,,Canonical Bridge;Dexs,14676578.08525429,2025-11-30
8766,ALICE,MyNeighborAlice,True,token,"governance/defi tags: ['dao-maker', 'defi']",Services,False,,,binance-ecosystem;binance-launchpool;binance-listing;bnb-chain-ecosystem;chromia-ecosystem;collectibles-nfts;dao-maker;defi;entertainment;ethereum-ecosystem;exnetwork-capital-portfolio;gaming;k300-ventures-portfolio;metaverse;play-to-earn;solana-ecosystem,token,,Services;NFT;Gaming;Metaverse,14533602.90987198,2026-04-30
1619,SKY,Skycoin,True,token,"DeFiLlama governance/DeFi category: ['CDP', 'Dexs']",CDP;Dexs;RWA;Risk Curators,True,,,distributed-computing;filesharing;platform;storage,token,,CDP;Dexs;RWA;Risk Curators;DePIN;Storage,14514544.55462714,2021-10-31
32724,CAT,Simon's Cat,True,token,governance/defi tags: ['defi'],Yield Aggregator,False,,,animal-memes;binance-ecosystem;binance-hodler-airdrops;binance-listing;binance-smart-chain;bnb-chain-ecosystem;cat-themed;defi;dwf-labs-portfolio;ip-memes;memes;solana-ecosystem;tokenfi-launchpad,token,,Yield Aggregator;Meme,14433190.86712818,2026-05-31
7672,UNFI,Unifi Protocol DAO,True,token,governance/defi tags: ['defi'],Dexs;Staking Pool,False,,,binance-launchpool;binance-smart-chain;bnb-chain;defi,token,,Dexs;Staking Pool,14355860.22052807,2024-10-31
1757,FUN,FUNToken,True,token,governance/defi tags: ['defi'],Dexs,False,,,binance-ecosystem;binance-listing;defi;ethereum-ecosystem;gambling;gaming;marketplace;pantera-capital-portfolio;payments,token,,Dexs;Gaming;Payments,14170644.31095794,2026-05-31
9421,FORTH,Ampleforth Governance Token,True,token,"governance/defi tags: ['dao', 'governance']",Services,False,,,binance-ecosystem;binance-listing;dao;ethereum-ecosystem;governance;near-protocol-ecosystem,token,,Services,13994893.72111863,2026-02-28
7150,FLM,Flamingo,True,token,"governance/defi tags: ['dao', 'defi', 'yield-farming']",Dexs;Lending,False,,,binance-chain;binance-ecosystem;binance-launchpool;binance-listing;dao;defi;neo-ecosystem;yield-farming,token,,Dexs;Lending;Yield,13909830.81255519,2025-10-31
1552,MLN,Enzyme,True,token,governance/defi tags: ['defi'],Indexes,False,,,asset-management;binance-ecosystem;binance-listing;defi;ethereum-ecosystem;kenetic-capital-portfolio;kinetic-capital;kinetic-capital-portfolio;placeholder-ventures-portfolio;polygon-ecosystem,token,,Indexes,13906476.12836704,2025-12-31
2296,OST,OST,True,token,DeFiLlama governance/DeFi category: ['Dexs'],Dexs,True,,,kinetic-capital;services,token,,Dexs,13904117.72378288,2021-05-31
18037,MAV,Maverick Protocol,True,token,governance/defi tags: ['defi'],Dexs,False,,,arbitrum-ecosystem;base-ecosystem;binance-ecosystem;binance-launchpool;binance-listing;bnb-chain-ecosystem;circle-ventures-portfolio;defi;ethereum-ecosystem;gemini-frontier-fund;jump-crypto;pantera-capital-portfolio;privacy;shima-capital;spartan-group;zksync-era-ecosystem,token,,Dexs;Privacy,13900237.08056892,2026-04-30
12387,RBN,Ribbon Finance,True,token,"governance/defi tags: ['derivatives', 'real-world-assets']",Options;Options Vault;Uncollateralized Lending,False,,,coinbase-ventures-portfolio;derivatives;ethereum-ecosystem;real-world-assets,token,,Options;Options Vault;Uncollateralized Lending;Derivatives;RWA,13819529.43184935,2025-04-30
2410,SPC,SpaceChain,True,token,"DeFiLlama governance/DeFi category: ['Dexs', 'Reserve Currency']",Dexs;Reserve Currency,True,,,ethereum-ecosystem;technology,token,,Dexs;Reserve Currency,13788956.77063871,2025-02-28
2726,GEN,DAOstack,True,token,governance/defi tags: ['dao'],Farm,False,,,dao;platform,token,,Farm,13650923.77640532,2021-04-30
4279,SXP,Solar,True,token,governance/defi tags: ['defi'],Dexs,False,,,alameda-research-portfolio;binance-ecosystem;binance-labs-portfolio;binance-listing;binance-smart-chain;bnb-chain;bnb-chain-ecosystem;defi;medium-of-exchange;payments;wallet,token,,Dexs;Payments,13626436.8228047,2026-02-28
28674,ACE,Fusionist,True,token,DeFiLlama governance/DeFi category: ['Farm'],Farm,True,,,binance-ecosystem;binance-launchpool;binance-listing;bnb-chain-ecosystem;communications-social-media;gaming;social-token,token,,Farm;Gaming,13580009.29393752,2026-02-28
27966,DORA,Dora Factory,True,token,"governance/defi tags: ['dao', 'governance']",,False,,,bounce-launchpad;cosmos-ecosystem;dao;duckstarter;ethereum-ecosystem;governance;okex-blockdream-ventures-portfolio,token,,,13435237.64624331,2025-04-30
6669,CVP,PowerPool,True,token,"governance/defi tags: ['dao', 'defi', 'governance']",Indexes,False,,,dao;defi;governance;ledgerprime-portfolio;mvb;polygon-ecosystem;yearn-partnerships,token,,Indexes,13401363.49143372,2024-07-31
8938,EPS,Ellipsis,True,token,"governance/defi tags: ['decentralized-exchange', 'decentralized-exchange-dex-token', 'defi', 'dex']",Dexs,False,,,binance-smart-chain;bnb-chain;bnb-chain-ecosystem;decentralized-exchange;decentralized-exchange-dex-token;defi;dex,token,,Dexs;DEX,13280763.83835419,2026-01-31
5957,YFII,DFI.Money,True,token,"governance/defi tags: ['dao', 'defi', 'governance', 'yield-aggregator', 'yield-farming']",Yield Aggregator,False,,,binance-chain;binance-smart-chain;bnb-chain;dao;defi;governance;yield-aggregator;yield-farming,token,,Yield Aggregator;Yield,13138664.91538509,2024-10-31
33566,ACT,Act I : The AI Prophecy,True,token,DeFiLlama governance/DeFi category: ['Farm'],Farm,True,,,ai-big-data;ai-memes;binance-ecosystem;binance-liquidity-enhancement-program;binance-listing;memes;pump-fun-ecosystem;solana-ecosystem,token,,Farm;AI/Big Data;Meme,13079176.88222329,2026-04-30
10188,ATA,Automata Network,True,token,governance/defi tags: ['defi'],Yield Aggregator,False,,,binance-ecosystem;binance-launchpool;binance-listing;binance-smart-chain;bnb-chain;bnb-chain-ecosystem;defi;eigenlayer-ecosystem;ethereum-ecosystem;jump-crypto;modular-blockchain;polkadot;polkadot-ecosystem;polygon-ecosystem;rollups,token,,Yield Aggregator;Modular Blockchain,13075039.98188999,2026-01-31
16876,ALI,Artificial Liquid Intelligence,True,token,"governance/defi tags: ['defi', 'governance']",Dexs,False,,,ai-agents;ai-big-data;ai-memes;alameda-research-portfolio;base-ecosystem;collectibles-nfts;communications-social-media;content-creation;cronos-ecosystem;crypto-com-capital-portfolio;defi;education;enterprise-solutions;entertainment;ethereum-ecosystem;galaxy-digital-portfolio;gaming;generative-ai;governance;huobi-capital-portfolio;identity;interoperability;marketing;media;memes;metaverse;platform;polygon-ecosystem;services;solana-ecosystem;video;web3,token,,Dexs;AI Agents;AI/Big Data;NFT;Gaming;Identity;Interoperability;Meme;Metaverse,12994720.86982019,2026-04-30
23711,PRIME,Echelon Prime,True,token,DeFiLlama governance/DeFi category: ['Leveraged Farming'],Gaming;Leveraged Farming,True,,,ai-big-data;base-ecosystem;cmc-crypto-yearbook-2024-2025;collectibles-nfts;ethereum-ecosystem;gaming;generative-ai;paradigm-portfolio;trading-card-game,token,,Gaming;Leveraged Farming;AI/Big Data;NFT,12992233.21572531,2026-04-30
1556,TIME,Chrono.tech,True,token,governance/defi tags: ['defi'],Lending;Yield,False,,,binance-smart-chain;bnb-chain;defi;dwf-labs-portfolio,token,,Lending;Yield,12910859.74324144,2024-09-30
21870,MPLX,Metaplex,True,token,DeFiLlama governance/DeFi category: ['Launchpad'],Launchpad,True,,,binance-alpha;binance-alpha-airdrops;binance-ecosystem;bnb-chain-ecosystem;solana-ecosystem,token,,Launchpad,12900525.71272686,2026-04-30
7232,ALPHA,Stella,True,token,"governance/defi tags: ['defi', 'defiance-capital', 'defiance-capital-portfolio', 'yield-aggregator', 'yield-farming']",Lending;Leveraged Farming;Liquid Staking;Prediction Market;Yield Aggregator,False,,,alameda-research-portfolio;arbitrum-ecosystem;avalanche-ecosystem;binance-ecosystem;binance-launchpad;binance-launchpool;binance-listing;binance-smart-chain;bnb-chain;bnb-chain-ecosystem;defi;defiance-capital;defiance-capital-portfolio;ethereum-ecosystem;injective-ecosystem;multicoin-capital-portfolio;optimism-ecosystem;spartan-group;yield-aggregator;yield-farming,token,,Lending;Leveraged Farming;Liquid Staking;Prediction Market;Yield Aggregator;Yield,12822408.6532401,2025-06-30
5841,NEST,NEST Protocol,True,token,governance/defi tags: ['defi'],Derivatives;Dexs;Oracle,False,,,defi;dwf-labs-portfolio;oracles,token,,Derivatives;Dexs;Oracle,12723573.16982633,2023-12-31
11865,BONE,Bone ShibaSwap,True,token,"DeFiLlama governance/DeFi category: ['Dexs', 'Farm']",Dexs;Farm,True,,,animal-memes;doggone-doggerel;ethereum-ecosystem;layer-2;memes,token,,Dexs;Farm;Layer-2;Meme,12474052.25149918,2026-04-30
8420,DAO,DAO Maker,True,token,"governance/defi tags: ['dao-maker', 'defi', 'governance']",Dexs;Services,False,,,bnb-chain-ecosystem;dao-maker;defi;ethereum-ecosystem;governance;injective-ecosystem;launchpad;solana-ecosystem;vbc-ventures-portfolio,token,,Dexs;Services,12373097.80987797,2026-03-31
2058,AST,AirSwap,True,token,"governance/defi tags: ['decentralized-exchange', 'decentralized-exchange-dex-token', 'defi']",DEX Aggregator;Dexs,False,,,decentralized-exchange;decentralized-exchange-dex-token;defi;ethereum-ecosystem;gnosis-chain-ecosystem;kenetic-capital-portfolio;kinetic-capital;kinetic-capital-portfolio;marketplace;oracles;payments;smart-contracts,token,,DEX Aggregator;Dexs;DEX;Payments;Smart Contract Platform,12341144.20647062,2025-04-30
2277,SMT,SmartMesh,True,token,DeFiLlama governance/DeFi category: ['Dexs'],Dexs,True,,,iot;technology,token,,Dexs;IoT,12263176.3510251,2021-03-31
9308,PYR,Vulcan Forged (PYR),True,token,DeFiLlama governance/DeFi category: ['Dexs'],Dexs,True,,,binance-ecosystem;binance-listing;collectibles-nfts;dwf-labs-portfolio;entertainment;ethereum-ecosystem;gaming;metaverse;polygon-ecosystem,token,,Dexs;NFT;Gaming;Metaverse,12260828.77401194,2026-04-30
7617,SFI,saffron.finance,True,token,"governance/defi tags: ['defi', 'yield-aggregator', 'yield-farming']",Liquid Staking;Yield,False,,,binance-smart-chain;bnb-chain;bnb-chain-ecosystem;coinbase-ventures-portfolio;defi;ethereum-ecosystem;fantom-ecosystem;ledgerprime-portfolio;multicoin-capital-portfolio;yield-aggregator;yield-farming,token,,Liquid Staking;Yield,12242214.75161442,2026-03-31
9119,TLM,Alien Worlds,True,token,governance/defi tags: ['dao'],Gaming,False,,,animoca-brands-portfolio;binance-ecosystem;binance-launchpool;binance-listing;binance-smart-chain;bnb-chain;bnb-chain-ecosystem;collectibles-nfts;dao;entertainment;ethereum-ecosystem;gaming;metaverse;play-to-earn,token,,Gaming;NFT;Metaverse,12148424.08931733,2026-01-31
5829,SWAP,TrustSwap,True,token,governance/defi tags: ['defi'],Bridge;Dexs;Interface;Token Locker,False,,,avalanche-ecosystem;bnb-chain-ecosystem;defi;ethereum-ecosystem;launchpad;polygon-ecosystem,token,,Bridge;Dexs;Interface;Token Locker,12037212.9584966,2025-02-28
9175,MBOX,MOBOX,True,token,"governance/defi tags: ['defi', 'yield-farming']",Gaming,False,,,arbitrum-ecosystem;binance-ecosystem;binance-launchpool;binance-listing;binance-smart-chain;bnb-chain;bnb-chain-ecosystem;collectibles-nfts;defi;dwf-labs-portfolio;gaming;metaverse;play-to-earn;yield-farming,token,,Gaming;NFT;Metaverse;Yield,11927228.10894389,2026-01-31
22850,HONEY,Hivemapper,True,token,DeFiLlama governance/DeFi category: ['Dexs'],DePIN;Dexs;Liquid Staking;NFT Marketplace,True,,,depin;distributed-computing;iot;made-in-america;solana-ecosystem,token,,DePIN;Dexs;Liquid Staking;NFT Marketplace;IoT,11762761.87294682,2026-03-31
2700,CEL,Celsius,True,token,governance/defi tags: ['lending-borowing'],Yield Aggregator,False,,,exnetwork-capital-portfolio;lending-borowing,token,,Yield Aggregator,11715506.44092191,2024-09-30
19650,VOLT,Volt Inu,True,token,"governance/defi tags: ['dao', 'decentralized-exchange-dex-token', 'defi']",Dexs;Lending;Liquid Staking,False,,,ai-big-data;animal-memes;binance-smart-chain;bnb-chain-ecosystem;collectibles-nfts;dao;decentralized-exchange-dex-token;defi;doggone-doggerel;ethereum-ecosystem;gaming;medium-of-exchange;memes;paal-ecosystem;payments;play-to-earn;polygon-ecosystem,token,,Dexs;Lending;Liquid Staking;AI/Big Data;NFT;Gaming;Payments;Meme,11714554.44717797,2025-04-30
3930,TT,ThunderCore,True,token,DeFiLlama governance/DeFi category: ['Dexs'],Dexs;Staking Pool,True,,,bnb-chain-ecosystem;ethereum-ecosystem;huobi-capital;huobi-capital-portfolio;kenetic-capital-portfolio;kinetic-capital;kinetic-capital-portfolio;pantera-capital-portfolio;platform;thundercore-ecosystem,token,,Dexs;Staking Pool,11271253.89611526,2026-03-31
1768,ADX,AdEx,True,token,governance/defi tags: ['defi'],Derivatives;Dexs,False,,,account-abstraction;ai-agents;ai-applications;ai-big-data;binance-ecosystem;binance-listing;binance-smart-chain;bnb-chain;bnb-chain-ecosystem;defai;defi;dot-ecosystem;ethereum-ecosystem;generative-ai;marketing;polkadot;polkadot-ecosystem;polygon-ecosystem;smart-contracts;substrate;web3;x402-ecosystem,token,,Derivatives;Dexs;AI Agents;AI/Big Data;Smart Contract Platform,11246445.0669736,2026-02-28
29779,ZKJ,Polyhedra Network,True,token,"governance/defi tags: ['defi', 'real-world-assets', 'real-world-assets-protocols']",Chain,False,,,animoca-brands-portfolio;binance-alpha;binance-alpha-airdrops;binance-ecosystem;binance-labs-portfolio;binance-listing;bnb-chain-ecosystem;defi;ethereum-ecosystem;hashkey-capital-portfolio;interoperability;layer-2;okx-ventures-portfolio;polychain-capital-portfolio;real-world-assets;real-world-assets-protocols,token,,Chain;Interoperability;Layer-2;RWA,11225887.40984244,2026-03-31
8202,ZKB,ZKBase,True,token,"governance/defi tags: ['amm', 'decentralized-exchange', 'decentralized-exchange-dex-token']",Dexs;Launchpad,False,,,amm;decentralized-exchange;decentralized-exchange-dex-token;layer-2;rollups;scaling;zero-knowledge-proofs,token,,Dexs;Launchpad;DEX;Layer-2;Zero Knowledge,10246052.42827692,2024-01-31
1660,TKN,Monolith,True,token,governance/defi tags: ['defi'],Dexs,False,,,defi;services,token,,Dexs,9054853.80961091,2021-08-31
2363,ZAP,Zap,True,token,governance/defi tags: ['defi'],Dexs,False,,,defi;oracles,token,,Dexs,8880916.03550697,2021-09-30
603,DEX,InstantDEX,True,token,DeFiLlama governance/DeFi category: ['Dexs'],Dexs,True,,,,token,,Dexs,8850600.24261475,2017-06-30
3515,DEX,DEX,True,token,DeFiLlama governance/DeFi category: ['Dexs'],Dexs,True,,,,token,,Dexs,8752252.98551297,2021-02-28
2308,SAI,Single Collateral DAI ,True,token,"DeFiLlama governance/DeFi category: ['Derivatives', 'Yield']",Derivatives;Onchain Capital Allocator;Yield,True,,,,token,,Derivatives;Onchain Capital Allocator;Yield,7840092.58432026,2020-05-31
8857,ANC,Anchor Protocol,True,token,DeFiLlama governance/DeFi category: ['Lending'],Lending,True,,,arrington-xrp-capital-portfolio;binance-launchpool;cosmos-ecosystem;injective-ecosystem;terra-ecosystem,token,,Lending,6835121.72536347,2023-11-30
5601,STAKE,STAKE,True,token,governance/defi tags: ['defi'],Canonical Bridge,False,,,defi;exnetwork-capital-portfolio,token,,Canonical Bridge,6432944.605839,2023-02-28
4862,DAD,DAD,True,token,DeFiLlama governance/DeFi category: ['Yield'],Yield,True,,,,token,,Yield,6088948.47808771,2023-10-31
2324,ONE,BigONE Token,True,token,DeFiLlama governance/DeFi category: ['Dexs'],Dexs,True,,,binance-smart-chain;bnb-chain;centralized-exchange;marketplace,token,,Dexs;Exchange Token,5972545.99845004,2023-10-31
1467,ARC,Arcade Token,True,token,DeFiLlama governance/DeFi category: ['Dexs'],DEX Aggregator;Dexs;Services,True,,,,token,,DEX Aggregator;Dexs;Services,5925830.05307266,2017-12-31
7857,MIR,Mirror Protocol,True,token,"governance/defi tags: ['defi', 'derivatives']",Derivatives,False,,,arrington-xrp-capital-portfolio;cosmos-ecosystem;defi;derivatives;injective-ecosystem;pantera-capital-portfolio;synthetics;terra-ecosystem,token,,Derivatives,5854431.35369011,2023-04-30
5103,IPX,Tachyon Protocol,True,token,DeFiLlama governance/DeFi category: ['Dexs'],Dexs,True,,,,token,,Dexs,5810299.5217891,2022-05-31
1834,PLR,Pillar,True,token,"governance/defi tags: ['dao', 'defi', 'governance']",,False,,,dao;defi;distributed-computing;governance;identity;platform;wallet,token,,DePIN;Identity,5606027.4277192,2023-04-30
1503,JUP,Jupiter,True,token,"DeFiLlama governance/DeFi category: ['Derivatives', 'Launchpad', 'Lending']",Basis Trading;DCA Tools;DEX Aggregator;Derivatives;Interface;Launchpad;Lending;Liquid Staking,True,,,binance-smart-chain;bnb-chain;enterprise-solutions;platform,token,,Basis Trading;DCA Tools;DEX Aggregator;Derivatives;Interface;Launchpad;Lending;Liquid Staking,5599360.17035271,2023-02-28
5354,PEAK,PEAKDEFI,True,token,governance/defi tags: ['defi'],Algo-Stables;Yield,False,,,binance-smart-chain;bnb-chain;defi;launchpad,token,,Algo-Stables;Yield,5494680.52591357,2023-01-31
3139,DX,DxChain Token,True,token,DeFiLlama governance/DeFi category: ['Launchpad'],Launchpad,True,,,ai-big-data;payments;technology,token,,Launchpad;AI/Big Data;Payments,5189502.89178087,2023-10-31
2576,TEN,Tokenomy,True,token,DeFiLlama governance/DeFi category: ['Yield'],Yield,True,,,marketplace,token,,Yield,5052675.78585,2023-02-28
2318,NEU,Neumark,True,token,DeFiLlama governance/DeFi category: ['Yield'],Yield,True,,,asset-management;crowdfunding,token,,Yield,4930336.98641504,2021-02-28
4360,FAB,FABRK,True,token,DeFiLlama governance/DeFi category: ['Yield'],Yield,True,,,ai-big-data;platform,token,,Yield;AI/Big Data,4898538.61359671,2020-12-31
3840,FST,1irstcoin,True,token,DeFiLlama governance/DeFi category: ['Derivatives'],Derivatives,True,,,services,token,,Derivatives,4829959.18626797,2023-05-31
3053,YOU,YOU COIN,True,token,"DeFiLlama governance/DeFi category: ['Dexs', 'Synthetics']",Dexs;Synthetics,True,,,content-creation;marketplace,token,,Dexs;Synthetics,4809391.79184188,2021-02-28
8161,SPI,Shopping,True,token,DeFiLlama governance/DeFi category: ['Dexs'],Dexs,True,,,binance-smart-chain;bnb-chain;e-commerce,token,,Dexs,4617524.43780249,2022-07-31
5798,RING,Darwinia Network,True,token,"DeFiLlama governance/DeFi category: ['Farm', 'Yield']",Farm;Yield,True,,,dot-ecosystem;gaming;interoperability;metaverse;polkadot-ecosystem;substrate,token,,Farm;Yield;Gaming;Interoperability;Metaverse,4456289.32885125,2023-06-30
4484,CRN,ChronoCoin,True,token,"DeFiLlama governance/DeFi category: ['Dexs', 'Yield Aggregator']",Dexs;Yield Aggregator,True,,,,token,,Dexs;Yield Aggregator,4345214.37058484,2020-10-31
8891,BTCST,Bitcoin Standard Hashrate Token,True,token,DeFiLlama governance/DeFi category: ['Yield'],Yield,True,,,binance-launchpool;binance-smart-chain;bitcoin-ecosystem;bnb-chain;btc-ecosystem,token,,Yield,4264342.92792313,2023-10-31
2826,ZIP,Zipper,True,token,DeFiLlama governance/DeFi category: ['Dexs'],Dexs,True,,,,token,,Dexs,3888384.69223954,2020-12-31
8497,BANANA,ApeSwap,True,token,"governance/defi tags: ['amm', 'decentralized-exchange', 'decentralized-exchange-dex-token', 'defi', 'dex', 'yield-farming']",Telegram Bot,False,,,amm;binance-smart-chain;bnb-chain;decentralized-exchange;decentralized-exchange-dex-token;defi;dex;yield-farming,token,,Telegram Bot;DEX;Yield,3867368.83454811,2023-09-30
2110,DOV,Dovu,True,token,DeFiLlama governance/DeFi category: ['Dexs'],Dexs,True,,,binance-smart-chain;bnb-chain,token,,Dexs,3794448.43597668,2023-07-31
7228,DDX,DerivaDAO,True,token,"governance/defi tags: ['decentralized-exchange', 'decentralized-exchange-dex-token', 'defi', 'derivatives']",Derivatives,False,,,alleged-sec-securities;decentralized-exchange;decentralized-exchange-dex-token;defi;derivatives,token,,Derivatives;DEX,3698795.51389506,2023-08-31
2429,MOBI,Mobius,True,token,DeFiLlama governance/DeFi category: ['Dexs'],Dexs,True,,,iot;payments;platform,token,,Dexs;IoT;Payments,3519803.65952349,2022-12-31
1758,PAY,TenX,True,token,DeFiLlama governance/DeFi category: ['Yield'],Yield,True,,,fenbushi-capital-portfolio;kenetic-capital-portfolio;kinetic-capital;medium-of-exchange,token,,Yield;Payments,3483443.21814717,2022-06-30
769,XUSD,CoinoUSD,True,token,"DeFiLlama governance/DeFi category: ['Algo-Stables', 'CDP']",Algo-Stables;CDP,True,,,,token,,Algo-Stables;CDP,3411635.39556103,2016-03-31
3325,ROX,Robotina,True,token,DeFiLlama governance/DeFi category: ['Dexs'],Dexs,True,,,energy;iot,token,,Dexs;IoT,3230058.6355768,2021-01-31
1500,WINGS,Wings,True,token,DeFiLlama governance/DeFi category: ['Dexs'],Dexs,True,,,asset-management;crowdfunding,token,,Dexs,3149401.86053663,2020-12-31
5906,NVT,NerveNetwork,True,token,"governance/defi tags: ['decentralized-exchange', 'decentralized-exchange-dex-token']",Dexs,False,,,decentralized-exchange;decentralized-exchange-dex-token,token,,Dexs;DEX,3063109.83506527,2022-12-31
3475,BOX,BOX Token,True,token,DeFiLlama governance/DeFi category: ['Dexs'],Dexs;Indexes,True,,,,token,,Dexs;Indexes,2949582.59830401,2020-07-31
2593,DRG,Dragon Coins,True,token,DeFiLlama governance/DeFi category: ['Dexs'],Dexs,True,,,media;payments,token,,Dexs;Payments,2815892.91963564,2021-01-31
1237,JACK,BlackJack,True,token,DeFiLlama governance/DeFi category: ['Yield'],Yield,True,,,,token,,Yield,2542125.10457526,2016-09-30
2778,EXC,Eximchain,True,token,DeFiLlama governance/DeFi category: ['Dexs'],Dexs,True,,,,token,,Dexs,2405849.82363367,2018-11-30
3083,LINA,LINA,True,token,DeFiLlama governance/DeFi category: ['Derivatives'],Derivatives,True,,,enterprise-solutions;services,token,,Derivatives,2356125.092458,2020-10-31
2559,AUTO,Cube,True,token,DeFiLlama governance/DeFi category: ['Yield Aggregator'],Yield Aggregator,True,,,cybersecurity,token,,Yield Aggregator,2258323.10440022,2020-11-30
2945,BOX,ContentBox,True,token,DeFiLlama governance/DeFi category: ['Dexs'],Dexs;Indexes,True,,,,token,,Dexs;Indexes,2189598.5950692,2020-10-31
793,CELL,SolarFarm,True,token,DeFiLlama governance/DeFi category: ['Dexs'],Dexs,True,,,,token,,Dexs,2055057.90330237,2016-03-31
814,DOT,Dotcoin,True,token,DeFiLlama governance/DeFi category: ['Yield'],Foundation;Liquid Staking;Yield,True,,,,token,,Foundation;Liquid Staking;Yield,1799635.26769612,2018-12-31
2176,HST,Decision Token,True,token,DeFiLlama governance/DeFi category: ['Launchpad'],Launchpad;Prediction Market,True,,,,token,,Launchpad;Prediction Market,1199670.94732703,2019-07-31
1847,MSP,Mothership,True,token,DeFiLlama governance/DeFi category: ['Dexs'],Dexs,True,,,,token,,Dexs,1169287.1621606,2019-01-31
1867,CTR,Centra,True,token,DeFiLlama governance/DeFi category: ['Yield'],Governance Incentives;Yield,True,,,,token,,Governance Incentives;Yield,1119876.41453743,2018-05-31
1573,CASINO,Casino,True,token,DeFiLlama governance/DeFi category: ['Dexs'],Dexs,True,,,,token,,Dexs,1116353.98864746,2017-11-30
659,BITS,Bitswift,True,token,DeFiLlama governance/DeFi category: ['Yield'],Yield,True,,,enterprise-solutions;platform,token,,Yield,1056669.98086495,2020-11-30
1882,CAT,BlockCAT,True,token,DeFiLlama governance/DeFi category: ['Yield Aggregator'],Yield Aggregator,True,,,,token,,Yield Aggregator,789427.80843445,2018-10-31
2015,ATM,ATMChain,True,token,DeFiLlama governance/DeFi category: ['Options'],Options,True,,,,token,,Options,610385.19675814,2018-10-31
1984,SUB,Substratum,True,token,DeFiLlama governance/DeFi category: ['Reserve Currency'],Reserve Currency,True,,,distributed-computing;platform;sharing-economy,token,,Reserve Currency;DePIN,578954.08408214,2020-11-30
671,GAIA,GAIA,True,token,DeFiLlama governance/DeFi category: ['Reserve Currency'],Reserve Currency,True,,,,token,,Reserve Currency,447620.2128282,2018-03-31
1125,AMP,HyperSpace,True,token,DeFiLlama governance/DeFi category: ['Algo-Stables'],Algo-Stables;Payments,True,,,,token,,Algo-Stables;Payments,406576.22045254,2019-09-30
2120,FUEL,Etherparty,True,token,DeFiLlama governance/DeFi category: ['Yield'],Bridge;Chain;Yield,True,,,dapp;marketplace;payments,token,,Bridge;Chain;Yield;Payments,400152.74208,2020-11-30
1062,FLY,Flycoin,True,token,DeFiLlama governance/DeFi category: ['CDP'],CDP;Cross Chain Bridge,True,,,,token,,CDP;Cross Chain Bridge,390946.52582858,2018-03-31
1091,PLS,PLAY,True,token,DeFiLlama governance/DeFi category: ['Yield'],Chain;Yield,True,,,,token,,Chain;Yield,291200.26931897,2017-02-28
2663,KST,StarCoin,True,token,DeFiLlama governance/DeFi category: ['Dexs'],Dexs,True,,,,token,,Dexs,237354.81288298,2020-11-30
963,CORE,CORE,True,token,"DeFiLlama governance/DeFi category: ['Derivatives', 'Yield']",Canonical Bridge;Derivatives;Yield,True,,,,token,,Canonical Bridge;Derivatives;Yield,132821.91657066,2016-07-31
2242,QBT,Qbao,True,token,DeFiLlama governance/DeFi category: ['Lending'],Lending,True,,,marketplace,token,,Lending,130752.71554743,2020-11-30
785,GP,GoldPieces,True,token,DeFiLlama governance/DeFi category: ['Launchpad'],Launchpad,True,,,,token,,Launchpad,121886.72392168,2018-02-28
810,LQD,LIQUID,True,token,DeFiLlama governance/DeFi category: ['Lending'],Lending,True,,,,token,,Lending,117622.41100089,2017-02-28
1166,WARP,WARP,True,token,"DeFiLlama governance/DeFi category: ['Lending', 'Reserve Currency']",Lending;Reserve Currency,True,,,,token,,Lending;Reserve Currency,83444.4254334,2018-02-28
703,RBT,Rimbit,True,token,DeFiLlama governance/DeFi category: ['Reserve Currency'],Reserve Currency,True,,,,token,,Reserve Currency,77559.95145606,2020-11-30
329,SYNC,Sync,True,token,DeFiLlama governance/DeFi category: ['Reserve Currency'],NFT Lending;Reserve Currency,True,,,,token,,NFT Lending;Reserve Currency,68044.62172233,2016-12-31
1722,MORE,More Coin,True,token,DeFiLlama governance/DeFi category: ['Lending'],Lending,True,,,entertainment;events;loyalty,token,,Lending,44357.86989376,2020-11-30
1295,DRACO,DT Token,True,token,"DeFiLlama governance/DeFi category: ['Algo-Stables', 'Farm']",Algo-Stables;Farm,True,,,,token,,Algo-Stables;Farm,34392.80584003,2017-10-31
314,OC,OrangeCoin,True,token,DeFiLlama governance/DeFi category: ['Yield Aggregator'],Yield Aggregator,True,,,,token,,Yield Aggregator,18330.31538282,2016-07-31
1080,NEU,NeuCoin,True,token,DeFiLlama governance/DeFi category: ['Yield'],Yield,True,,,,token,,Yield,17941.20176907,2017-05-31
399,MIN,Mineralscoin,True,token,DeFiLlama governance/DeFi category: ['Dexs'],DEX Aggregator;Dexs,True,,,,token,,DEX Aggregator;Dexs,14531.71819882,2015-12-31
661,ARCH,ARCHcoin,True,token,DeFiLlama governance/DeFi category: ['Leveraged Farming'],Leveraged Farming,True,,,,token,,Leveraged Farming,11562.47077698,2017-03-31
473,APEX,ApexCoin,True,token,"DeFiLlama governance/DeFi category: ['Derivatives', 'Dexs']",Derivatives;Dexs,True,,,,token,,Derivatives;Dexs,8690.88860011,2016-11-30
888,JAY,Jay,True,token,DeFiLlama governance/DeFi category: ['Yield'],Yield,True,,,,token,,Yield,4998.03360609,2016-06-30
1121,BST,BitStone,True,token,"DeFiLlama governance/DeFi category: ['Farm', 'Yield']",Farm;Yield,True,,,,token,,Farm;Yield,1624.92195396,2016-02-29
