cmc_id,symbol,name,dl_slug,cmcid_categories,symbol_categories,has_addr,token_chain,has_snapshot,stage1_label,stage1_reason
314,OC,OrangeCoin,,,Yield Aggregator,False,,False,NO_ID,"no cmcId DL protocol, no contract address, no Snapshot space on file — no on-chain identity available to check"
329,SYNC,Sync,,,NFT Lending;Reserve Currency,False,,False,NO_ID,"no cmcId DL protocol, no contract address, no Snapshot space on file — no on-chain identity available to check"
399,MIN,Mineralscoin,,,DEX Aggregator;Dexs,False,,False,NO_ID,"no cmcId DL protocol, no contract address, no Snapshot space on file — no on-chain identity available to check"
473,APEX,ApexCoin,,,Derivatives;Dexs,False,,False,NO_ID,"no cmcId DL protocol, no contract address, no Snapshot space on file — no on-chain identity available to check"
603,DEX,InstantDEX,,,Dexs,False,,False,NO_ID,"no cmcId DL protocol, no contract address, no Snapshot space on file — no on-chain identity available to check"
659,BITS,Bitswift,,,Yield,False,,False,NO_ID,"no cmcId DL protocol, no contract address, no Snapshot space on file — no on-chain identity available to check"
661,ARCH,ARCHcoin,,,Leveraged Farming,False,,False,NO_ID,"no cmcId DL protocol, no contract address, no Snapshot space on file — no on-chain identity available to check"
671,GAIA,GAIA,,,Reserve Currency,False,,False,NO_ID,"no cmcId DL protocol, no contract address, no Snapshot space on file — no on-chain identity available to check"
703,RBT,Rimbit,,,Reserve Currency,False,,False,NO_ID,"no cmcId DL protocol, no contract address, no Snapshot space on file — no on-chain identity available to check"
769,XUSD,CoinoUSD,,,Algo-Stables;CDP,False,,False,NO_ID,"no cmcId DL protocol, no contract address, no Snapshot space on file — no on-chain identity available to check"
785,GP,GoldPieces,,,Launchpad,False,,False,NO_ID,"no cmcId DL protocol, no contract address, no Snapshot space on file — no on-chain identity available to check"
788,COVAL,Circuits of Value,,,,False,,False,NO_ID,"no cmcId DL protocol, no contract address, no Snapshot space on file — no on-chain identity available to check"
793,CELL,SolarFarm,,,Dexs,False,,False,NO_ID,"no cmcId DL protocol, no contract address, no Snapshot space on file — no on-chain identity available to check"
810,LQD,LIQUID,,,Lending,False,,False,NO_ID,"no cmcId DL protocol, no contract address, no Snapshot space on file — no on-chain identity available to check"
814,DOT,Dotcoin,,,Foundation;Liquid Staking;Yield,False,,False,NO_ID,"no cmcId DL protocol, no contract address, no Snapshot space on file — no on-chain identity available to check"
873,XEM,NEM,,,,False,,False,NO_ID,"no cmcId DL protocol, no contract address, no Snapshot space on file — no on-chain identity available to check"
888,JAY,Jay,,,Yield,False,,False,NO_ID,"no cmcId DL protocol, no contract address, no Snapshot space on file — no on-chain identity available to check"
963,CORE,CORE,,,Canonical Bridge;Derivatives;Yield,False,,False,NO_ID,"no cmcId DL protocol, no contract address, no Snapshot space on file — no on-chain identity available to check"
1062,FLY,Flycoin,,,CDP;Cross Chain Bridge,False,,False,NO_ID,"no cmcId DL protocol, no contract address, no Snapshot space on file — no on-chain identity available to check"
1080,NEU,NeuCoin,,,Yield,False,,False,NO_ID,"no cmcId DL protocol, no contract address, no Snapshot space on file — no on-chain identity available to check"
1091,PLS,PLAY,,,Chain;Yield,False,,False,NO_ID,"no cmcId DL protocol, no contract address, no Snapshot space on file — no on-chain identity available to check"
1104,REP,Augur,augur,Prediction Market,Prediction Market,True,Ethereum,False,LOW,"cmcId-matched DL protocol, non-staking category: Prediction Market (slug=augur)"
1121,BST,BitStone,,,Farm;Yield,False,,False,NO_ID,"no cmcId DL protocol, no contract address, no Snapshot space on file — no on-chain identity available to check"
1125,AMP,HyperSpace,,,Algo-Stables;Payments,False,,False,NO_ID,"no cmcId DL protocol, no contract address, no Snapshot space on file — no on-chain identity available to check"
1166,WARP,WARP,polkastarter,Launchpad,Lending;Reserve Currency,True,Multi-Chain,False,LOW,"cmcId-matched DL protocol, non-staking category: Launchpad (slug=polkastarter)"
1237,JACK,BlackJack,,,Yield,False,,False,NO_ID,"no cmcId DL protocol, no contract address, no Snapshot space on file — no on-chain identity available to check"
1253,DAO,The DAO,,,Dexs;Services,False,,False,NO_ID,"no cmcId DL protocol, no contract address, no Snapshot space on file — no on-chain identity available to check"
1274,WAVES,Waves,,,,False,,False,NO_ID,"no cmcId DL protocol, no contract address, no Snapshot space on file — no on-chain identity available to check"
1295,DRACO,DT Token,,,Algo-Stables;Farm,False,,False,NO_ID,"no cmcId DL protocol, no contract address, no Snapshot space on file — no on-chain identity available to check"
1467,ARC,Arcade Token,,,DEX Aggregator;Dexs;Services,False,,False,NO_ID,"no cmcId DL protocol, no contract address, no Snapshot space on file — no on-chain identity available to check"
1500,WINGS,Wings,,,Dexs,False,,False,NO_ID,"no cmcId DL protocol, no contract address, no Snapshot space on file — no on-chain identity available to check"
1503,JUP,Jupiter,,,Basis Trading;DCA Tools;DEX Aggregator;Derivatives;Interface;Launchpad;Lending;Liquid Staking,False,,False,NO_ID,"no cmcId DL protocol, no contract address, no Snapshot space on file — no on-chain identity available to check"
1518,MKR,Maker,,,,False,,False,NO_ID,"no cmcId DL protocol, no contract address, no Snapshot space on file — no on-chain identity available to check"
1552,MLN,Enzyme,enzyme-finance,Dexs;Indexes,Indexes,True,Multi-Chain,True,LOW,"cmcId-matched DL protocol, non-staking category: Dexs;Indexes (slug=enzyme-finance)"
1556,TIME,Chrono.tech,timewarp,Yield,Lending;Yield,True,Multi-Chain,False,LOW,"cmcId-matched DL protocol, non-staking category: Yield (slug=timewarp)"
1573,CASINO,Casino,defyswap,Dexs,Dexs,True,Multi-Chain,False,LOW,"cmcId-matched DL protocol, non-staking category: Dexs (slug=defyswap)"
1619,SKY,Skycoin,,,CDP;Dexs;RWA;Risk Curators,False,,False,NO_ID,"no cmcId DL protocol, no contract address, no Snapshot space on file — no on-chain identity available to check"
1637,RLC,iExec RLC,,,,False,,False,NO_ID,"no cmcId DL protocol, no contract address, no Snapshot space on file — no on-chain identity available to check"
1660,TKN,Monolith,,,Dexs,False,,False,NO_ID,"no cmcId DL protocol, no contract address, no Snapshot space on file — no on-chain identity available to check"
1680,ANT,Aragon,aragon,Services,Services,True,,False,LOW,"cmcId-matched DL protocol, non-staking category: Services (slug=aragon)"
1684,QTUM,Qtum,,,,False,,False,NO_ID,"no cmcId DL protocol, no contract address, no Snapshot space on file — no on-chain identity available to check"
1722,MORE,More Coin,,,Lending,False,,False,NO_ID,"no cmcId DL protocol, no contract address, no Snapshot space on file — no on-chain identity available to check"
1732,NMR,Numeraire,erasure,Derivatives,Derivatives,True,Ethereum,False,LOW,"cmcId-matched DL protocol, non-staking category: Derivatives (slug=erasure)"
1750,GXC,GXChain,,,,False,,False,NO_ID,"no cmcId DL protocol, no contract address, no Snapshot space on file — no on-chain identity available to check"
1757,FUN,FUNToken,,,Dexs,False,,False,NO_ID,"no cmcId DL protocol, no contract address, no Snapshot space on file — no on-chain identity available to check"
1758,PAY,TenX,,,Yield,False,,False,NO_ID,"no cmcId DL protocol, no contract address, no Snapshot space on file — no on-chain identity available to check"
1768,ADX,AdEx,,,Derivatives;Dexs,False,,False,NO_ID,"no cmcId DL protocol, no contract address, no Snapshot space on file — no on-chain identity available to check"
1785,GAS,Gas,,,Dexs,False,,False,NO_ID,"no cmcId DL protocol, no contract address, no Snapshot space on file — no on-chain identity available to check"
1808,OMG,OMG Network,,,,False,,False,NO_ID,"no cmcId DL protocol, no contract address, no Snapshot space on file — no on-chain identity available to check"
1834,PLR,Pillar,,,,False,,False,NO_ID,"no cmcId DL protocol, no contract address, no Snapshot space on file — no on-chain identity available to check"
1847,MSP,Mothership,,,Dexs,False,,False,NO_ID,"no cmcId DL protocol, no contract address, no Snapshot space on file — no on-chain identity available to check"
1867,CTR,Centra,,,Governance Incentives;Yield,False,,False,NO_ID,"no cmcId DL protocol, no contract address, no Snapshot space on file — no on-chain identity available to check"
1882,CAT,BlockCAT,,,Yield Aggregator,False,,False,NO_ID,"no cmcId DL protocol, no contract address, no Snapshot space on file — no on-chain identity available to check"
1904,VEN,Vechain [Token],,,Dexs,False,,False,NO_ID,"no cmcId DL protocol, no contract address, no Snapshot space on file — no on-chain identity available to check"
1982,KNCL,Kyber Network Crystal Legacy,,,,False,,False,NO_ID,"no cmcId DL protocol, no contract address, no Snapshot space on file — no on-chain identity available to check"
1984,SUB,Substratum,,,Reserve Currency,False,,False,NO_ID,"no cmcId DL protocol, no contract address, no Snapshot space on file — no on-chain identity available to check"
2015,ATM,ATMChain,,,Options,False,,False,NO_ID,"no cmcId DL protocol, no contract address, no Snapshot space on file — no on-chain identity available to check"
2057,EDO,Eidoo,,,,False,,False,NO_ID,"no cmcId DL protocol, no contract address, no Snapshot space on file — no on-chain identity available to check"
2058,AST,AirSwap,airswap,DEX Aggregator,DEX Aggregator;Dexs,True,,False,LOW,"cmcId-matched DL protocol, non-staking category: DEX Aggregator (slug=airswap)"
2071,REQ,Request,,,Developer Tools,False,,False,NO_ID,"no cmcId DL protocol, no contract address, no Snapshot space on file — no on-chain identity available to check"
2081,AMB,AirDAO,,,,False,,False,NO_ID,"no cmcId DL protocol, no contract address, no Snapshot space on file — no on-chain identity available to check"
2096,RCN,Ripio Credit Network,,,,False,,False,NO_ID,"no cmcId DL protocol, no contract address, no Snapshot space on file — no on-chain identity available to check"
2099,ICX,ICON,,,,False,,False,NO_ID,"no cmcId DL protocol, no contract address, no Snapshot space on file — no on-chain identity available to check"
2110,DOV,Dovu,,,Dexs,False,,False,NO_ID,"no cmcId DL protocol, no contract address, no Snapshot space on file — no on-chain identity available to check"
2112,PHB,Phoenix Global,,,,False,,False,NO_ID,"no cmcId DL protocol, no contract address, no Snapshot space on file — no on-chain identity available to check"
2120,FUEL,Etherparty,,,Bridge;Chain;Yield,False,,False,NO_ID,"no cmcId DL protocol, no contract address, no Snapshot space on file — no on-chain identity available to check"
2165,ERC20,ERC20,,,,False,,False,NO_ID,"no cmcId DL protocol, no contract address, no Snapshot space on file — no on-chain identity available to check"
2176,HST,Decision Token,,,Launchpad;Prediction Market,False,,False,NO_ID,"no cmcId DL protocol, no contract address, no Snapshot space on file — no on-chain identity available to check"
2202,PRL,Oyster,,,CDP;Gaming;Yield Aggregator,False,,False,NO_ID,"no cmcId DL protocol, no contract address, no Snapshot space on file — no on-chain identity available to check"
2223,VEE,BLOCKv,,,Lending,False,,False,NO_ID,"no cmcId DL protocol, no contract address, no Snapshot space on file — no on-chain identity available to check"
2239,LEND,Aave,,,Lending;Onchain Capital Allocator;Yield,False,,False,NO_ID,"no cmcId DL protocol, no contract address, no Snapshot space on file — no on-chain identity available to check"
2242,QBT,Qbao,,,Lending,False,,False,NO_ID,"no cmcId DL protocol, no contract address, no Snapshot space on file — no on-chain identity available to check"
2273,UQC,Uquid Coin,,,,False,,False,NO_ID,"no cmcId DL protocol, no contract address, no Snapshot space on file — no on-chain identity available to check"
2277,SMT,SmartMesh,,,Dexs,False,,False,NO_ID,"no cmcId DL protocol, no contract address, no Snapshot space on file — no on-chain identity available to check"
2296,OST,OST,,,Dexs,False,,False,NO_ID,"no cmcId DL protocol, no contract address, no Snapshot space on file — no on-chain identity available to check"
2308,SAI,Single Collateral DAI ,,,Derivatives;Onchain Capital Allocator;Yield,False,,False,NO_ID,"no cmcId DL protocol, no contract address, no Snapshot space on file — no on-chain identity available to check"
2318,NEU,Neumark,,,Yield,False,,False,NO_ID,"no cmcId DL protocol, no contract address, no Snapshot space on file — no on-chain identity available to check"
2320,UTK,xMoney,,,,False,,False,NO_ID,"no cmcId DL protocol, no contract address, no Snapshot space on file — no on-chain identity available to check"
2324,ONE,BigONE Token,,,Dexs,False,,False,NO_ID,"no cmcId DL protocol, no contract address, no Snapshot space on file — no on-chain identity available to check"
2341,SWFTC,SwftCoin,,,,False,,False,NO_ID,"no cmcId DL protocol, no contract address, no Snapshot space on file — no on-chain identity available to check"
2363,ZAP,Zap,,,Dexs,False,,False,NO_ID,"no cmcId DL protocol, no contract address, no Snapshot space on file — no on-chain identity available to check"
2377,LEV,Leverj,,,,False,,False,NO_ID,"no cmcId DL protocol, no contract address, no Snapshot space on file — no on-chain identity available to check"
2410,SPC,SpaceChain,,,Dexs;Reserve Currency,False,,False,NO_ID,"no cmcId DL protocol, no contract address, no Snapshot space on file — no on-chain identity available to check"
2424,AGIX,SingularityNET,,,Staking Pool,False,,False,NO_ID,"no cmcId DL protocol, no contract address, no Snapshot space on file — no on-chain identity available to check"
2429,MOBI,Mobius,,,Dexs,False,,False,NO_ID,"no cmcId DL protocol, no contract address, no Snapshot space on file — no on-chain identity available to check"
2430,HOT,Hydro Protocol,,,,False,,False,NO_ID,"no cmcId DL protocol, no contract address, no Snapshot space on file — no on-chain identity available to check"
2496,POLY,Polymath,,,,False,,False,NO_ID,"no cmcId DL protocol, no contract address, no Snapshot space on file — no on-chain identity available to check"
2505,BLZ,Bluzelle,,,,False,,False,NO_ID,"no cmcId DL protocol, no contract address, no Snapshot space on file — no on-chain identity available to check"
2530,FSN,Fusion,,,,False,,False,NO_ID,"no cmcId DL protocol, no contract address, no Snapshot space on file — no on-chain identity available to check"
2538,NEC,Nectar,,,,False,,False,NO_ID,"no cmcId DL protocol, no contract address, no Snapshot space on file — no on-chain identity available to check"
2545,ABT,ArcBlock,,,,False,,False,NO_ID,"no cmcId DL protocol, no contract address, no Snapshot space on file — no on-chain identity available to check"
2559,AUTO,Cube,,,Yield Aggregator,False,,False,NO_ID,"no cmcId DL protocol, no contract address, no Snapshot space on file — no on-chain identity available to check"
2576,TEN,Tokenomy,,,Yield,False,,False,NO_ID,"no cmcId DL protocol, no contract address, no Snapshot space on file — no on-chain identity available to check"
2586,SNX,Synthetix,,,Derivatives;Synthetics,False,,False,NO_ID,"no cmcId DL protocol, no contract address, no Snapshot space on file — no on-chain identity available to check"
2593,DRG,Dragon Coins,,,Dexs,False,,False,NO_ID,"no cmcId DL protocol, no contract address, no Snapshot space on file — no on-chain identity available to check"
2620,SWTH,Carbon Protocol,,,,False,,False,NO_ID,"no cmcId DL protocol, no contract address, no Snapshot space on file — no on-chain identity available to check"
2662,XHV,Haven Protocol,,,,False,,False,NO_ID,"no cmcId DL protocol, no contract address, no Snapshot space on file — no on-chain identity available to check"
2663,KST,StarCoin,,,Dexs,False,,False,NO_ID,"no cmcId DL protocol, no contract address, no Snapshot space on file — no on-chain identity available to check"
2675,DOCK,Dock,,,,False,,False,NO_ID,"no cmcId DL protocol, no contract address, no Snapshot space on file — no on-chain identity available to check"
2693,LRN,Loopring [NEO],,,,False,,False,NO_ID,"no cmcId DL protocol, no contract address, no Snapshot space on file — no on-chain identity available to check"
2700,CEL,Celsius,,,Yield Aggregator,False,,False,NO_ID,"no cmcId DL protocol, no contract address, no Snapshot space on file — no on-chain identity available to check"
2726,GEN,DAOstack,,,Farm,False,,False,NO_ID,"no cmcId DL protocol, no contract address, no Snapshot space on file — no on-chain identity available to check"
2765,XYO,XYO,,,,False,,False,NO_ID,"no cmcId DL protocol, no contract address, no Snapshot space on file — no on-chain identity available to check"
2772,DGTX,Digitex,,,,False,,False,NO_ID,"no cmcId DL protocol, no contract address, no Snapshot space on file — no on-chain identity available to check"
2778,EXC,Eximchain,,,Dexs,False,,False,NO_ID,"no cmcId DL protocol, no contract address, no Snapshot space on file — no on-chain identity available to check"
2826,ZIP,Zipper,,,Dexs,False,,False,NO_ID,"no cmcId DL protocol, no contract address, no Snapshot space on file — no on-chain identity available to check"
2873,MET,Metronome,metronome-v1,Yield,Dexs;Launchpad;Synthetics;Yield;Yield Aggregator,True,Ethereum,False,LOW,"cmcId-matched DL protocol, non-staking category: Yield (slug=metronome-v1)"
2930,IQ,IQ,iq,Services,Services,True,Ethereum,False,LOW,"cmcId-matched DL protocol, non-staking category: Services (slug=iq)"
2933,BMX,BitMart Token,bitmart,CEX,CEX;Derivatives;Dexs,True,Multi-Chain,False,LOW,"cmcId-matched DL protocol, non-staking category: CEX (slug=bitmart)"
2937,VITE,VITE,,,,False,,False,NO_ID,"no cmcId DL protocol, no contract address, no Snapshot space on file — no on-chain identity available to check"
2945,BOX,ContentBox,,,Dexs;Indexes,False,,False,NO_ID,"no cmcId DL protocol, no contract address, no Snapshot space on file — no on-chain identity available to check"
2982,MVL,MVL,mvl-staking,Yield,Yield,True,Multi-Chain,False,LOW,"cmcId-matched DL protocol, non-staking category: Yield (slug=mvl-staking)"
3053,YOU,YOU COIN,,,Dexs;Synthetics,False,,False,NO_ID,"no cmcId DL protocol, no contract address, no Snapshot space on file — no on-chain identity available to check"
3083,LINA,LINA,,,Derivatives,False,,False,NO_ID,"no cmcId DL protocol, no contract address, no Snapshot space on file — no on-chain identity available to check"
3139,DX,DxChain Token,,,Launchpad,False,,False,NO_ID,"no cmcId DL protocol, no contract address, no Snapshot space on file — no on-chain identity available to check"
3155,QNT,Quant,,,,False,,False,NO_ID,"no cmcId DL protocol, no contract address, no Snapshot space on file — no on-chain identity available to check"
3296,MIN,MINDOL,,,DEX Aggregator;Dexs,False,,False,NO_ID,"no cmcId DL protocol, no contract address, no Snapshot space on file — no on-chain identity available to check"
3325,ROX,Robotina,,,Dexs,False,,False,NO_ID,"no cmcId DL protocol, no contract address, no Snapshot space on file — no on-chain identity available to check"
3367,CRD,CryptalDash,,,Lending,False,,False,NO_ID,"no cmcId DL protocol, no contract address, no Snapshot space on file — no on-chain identity available to check"
3418,META,Metadium,,,Dexs;Reserve Currency;Yield,False,,False,NO_ID,"no cmcId DL protocol, no contract address, no Snapshot space on file — no on-chain identity available to check"
3475,BOX,BOX Token,,,Dexs;Indexes,False,,False,NO_ID,"no cmcId DL protocol, no contract address, no Snapshot space on file — no on-chain identity available to check"
3515,DEX,DEX,,,Dexs,False,,False,NO_ID,"no cmcId DL protocol, no contract address, no Snapshot space on file — no on-chain identity available to check"
3637,AERGO,Aergo,,,,False,,False,NO_ID,"no cmcId DL protocol, no contract address, no Snapshot space on file — no on-chain identity available to check"
3653,BRC,Baer Chain,,,Yield,False,,False,NO_ID,"no cmcId DL protocol, no contract address, no Snapshot space on file — no on-chain identity available to check"
3748,HXRO,Hxro,hxro-network,Derivatives,Derivatives,True,Solana,False,LOW,"cmcId-matched DL protocol, non-staking category: Derivatives (slug=hxro-network)"
3792,USDE,USDe,,,Derivatives,False,,False,NO_ID,"no cmcId DL protocol, no contract address, no Snapshot space on file — no on-chain identity available to check"
3814,CELR,Celer Network,cbridge,Bridge,Bridge,True,Multi-Chain,False,LOW,"cmcId-matched DL protocol, non-staking category: Bridge (slug=cbridge)"
3822,TFUEL,Theta Fuel,,,,False,,False,NO_ID,"no cmcId DL protocol, no contract address, no Snapshot space on file — no on-chain identity available to check"
3835,ORBS,Orbs,orbs,Farm,Farm,True,Ethereum,False,LOW,"cmcId-matched DL protocol, non-staking category: Farm (slug=orbs)"
3840,FST,1irstcoin,,,Derivatives,False,,False,NO_ID,"no cmcId DL protocol, no contract address, no Snapshot space on file — no on-chain identity available to check"
3855,LOCUS,Locus Chain,,,Yield,False,,False,NO_ID,"no cmcId DL protocol, no contract address, no Snapshot space on file — no on-chain identity available to check"
3874,IRIS,IRISnet,,,Yield,False,,False,NO_ID,"no cmcId DL protocol, no contract address, no Snapshot space on file — no on-chain identity available to check"
3911,OCEAN,Ocean Protocol,,,,False,,False,NO_ID,"no cmcId DL protocol, no contract address, no Snapshot space on file — no on-chain identity available to check"
3916,THX,ThoreNext,,,,False,,False,NO_ID,"no cmcId DL protocol, no contract address, no Snapshot space on file — no on-chain identity available to check"
3928,IDEX,IDEX,,,Derivatives;Dexs,False,,False,NO_ID,"no cmcId DL protocol, no contract address, no Snapshot space on file — no on-chain identity available to check"
3930,TT,ThunderCore,thundercore-staking,Staking Pool,Dexs;Staking Pool,True,ThunderCore,False,LOW,"cmcId-matched DL protocol, non-staking category: Staking Pool (slug=thundercore-staking)"
3992,COTI,COTI,,,,False,,False,NO_ID,"no cmcId DL protocol, no contract address, no Snapshot space on file — no on-chain identity available to check"
4006,AWE,AWE,,,,False,,False,NO_ID,"no cmcId DL protocol, no contract address, no Snapshot space on file — no on-chain identity available to check"
4090,WXT,Wirex Token,nereus-finance,Lending,CEX;Lending,True,Avalanche,False,LOW,"cmcId-matched DL protocol, non-staking category: Lending (slug=nereus-finance)"
4113,UNI,UNI COIN,,,Dexs;Launchpad,False,,False,NO_ID,"no cmcId DL protocol, no contract address, no Snapshot space on file — no on-chain identity available to check"
4134,AKRO,Kaon,akropolis,Yield,Yield,True,Ethereum,False,LOW,"cmcId-matched DL protocol, non-staking category: Yield (slug=akropolis)"
4157,RUNE,THORChain,thorchain-dex,Dexs,Dexs,True,Multi-Chain,False,LOW,"cmcId-matched DL protocol, non-staking category: Dexs (slug=thorchain-dex)"
4172,LUNC,Terra Classic,,,,False,,False,NO_ID,"no cmcId DL protocol, no contract address, no Snapshot space on file — no on-chain identity available to check"
4195,FTT,FTX Token,,,,False,,False,NO_ID,"no cmcId DL protocol, no contract address, no Snapshot space on file — no on-chain identity available to check"
4206,WIN,WINkLink,,,,False,,False,NO_ID,"no cmcId DL protocol, no contract address, no Snapshot space on file — no on-chain identity available to check"
4217,BOA,BOSagora,,,,False,,False,NO_ID,"no cmcId DL protocol, no contract address, no Snapshot space on file — no on-chain identity available to check"
4279,SXP,Solar,swipe,Dexs,Dexs,True,Multi-Chain,False,LOW,"cmcId-matched DL protocol, non-staking category: Dexs (slug=swipe)"
4360,FAB,FABRK,,,Yield,False,,False,NO_ID,"no cmcId DL protocol, no contract address, no Snapshot space on file — no on-chain identity available to check"
4484,CRN,ChronoCoin,,,Dexs;Yield Aggregator,False,,False,NO_ID,"no cmcId DL protocol, no contract address, no Snapshot space on file — no on-chain identity available to check"
4566,XDB,XDB CHAIN,,,,False,,False,NO_ID,"no cmcId DL protocol, no contract address, no Snapshot space on file — no on-chain identity available to check"
4598,ACA,Acash Coin,,,Canonical Bridge;Dexs,False,,False,NO_ID,"no cmcId DL protocol, no contract address, no Snapshot space on file — no on-chain identity available to check"
4679,BAND,Band,,,,False,,False,NO_ID,"no cmcId DL protocol, no contract address, no Snapshot space on file — no on-chain identity available to check"
4862,DAD,DAD,,,Yield,False,,False,NO_ID,"no cmcId DL protocol, no contract address, no Snapshot space on file — no on-chain identity available to check"
5007,TROY,TROY,,,Farm,False,,False,NO_ID,"no cmcId DL protocol, no contract address, no Snapshot space on file — no on-chain identity available to check"
5015,HEX,HEX,hex,Yield,Yield,True,Ethereum,False,LOW,"cmcId-matched DL protocol, non-staking category: Yield (slug=hex)"
5103,IPX,Tachyon Protocol,,,Dexs,False,,False,NO_ID,"no cmcId DL protocol, no contract address, no Snapshot space on file — no on-chain identity available to check"
5113,SURE,inSure DeFi,,,,False,,False,NO_ID,"no cmcId DL protocol, no contract address, no Snapshot space on file — no on-chain identity available to check"
5117,OGN,Origin Protocol,,,,False,,False,NO_ID,"no cmcId DL protocol, no contract address, no Snapshot space on file — no on-chain identity available to check"
5190,FLEX,FLEX,coinflex,Yield,CDP;Yield,True,smartBCH,False,LOW,"cmcId-matched DL protocol, non-staking category: Yield (slug=coinflex)"
5234,DNA,Metaverse Dualchain Network Architecture,,,Algo-Stables;Farm;Yield,False,,False,NO_ID,"no cmcId DL protocol, no contract address, no Snapshot space on file — no on-chain identity available to check"
5266,MLK,MiL.k,,,Farm,False,,False,NO_ID,"no cmcId DL protocol, no contract address, no Snapshot space on file — no on-chain identity available to check"
5274,EDG,Edgeware,,,,False,,False,NO_ID,"no cmcId DL protocol, no contract address, no Snapshot space on file — no on-chain identity available to check"
5279,SOLO,Sologenic,sologenic,Dexs,Basis Trading;Dexs,False,,False,LOW,"cmcId-matched DL protocol, non-staking category: Dexs (slug=sologenic)"
5299,HDAO,HyperDAO,,,,False,,False,NO_ID,"no cmcId DL protocol, no contract address, no Snapshot space on file — no on-chain identity available to check"
5354,PEAK,PEAKDEFI,peakdefi,Yield,Algo-Stables;Yield,True,Multi-Chain,False,LOW,"cmcId-matched DL protocol, non-staking category: Yield (slug=peakdefi)"
5410,PRQ,PARSIQ,,,,False,,False,NO_ID,"no cmcId DL protocol, no contract address, no Snapshot space on file — no on-chain identity available to check"
5429,DEP,DEAPcoin,,,Dexs,False,,False,NO_ID,"no cmcId DL protocol, no contract address, no Snapshot space on file — no on-chain identity available to check"
5488,JST,JUST,,,Bridge;Lending,False,,False,NO_ID,"no cmcId DL protocol, no contract address, no Snapshot space on file — no on-chain identity available to check"
5566,KEEP,Keep Network,keep-network,Cross Chain Bridge,Cross Chain Bridge,True,Ethereum,False,LOW,"cmcId-matched DL protocol, non-staking category: Cross Chain Bridge (slug=keep-network)"
5601,STAKE,STAKE,xdai-stake-bridge,Canonical Bridge,Canonical Bridge,True,Ethereum,False,LOW,"cmcId-matched DL protocol, non-staking category: Canonical Bridge (slug=xdai-stake-bridge)"
5617,UMA,UMA,,,,False,,False,NO_ID,"no cmcId DL protocol, no contract address, no Snapshot space on file — no on-chain identity available to check"
5631,ORN,Orion,dedust,Dexs,DEX Aggregator;Dexs,True,TON,False,LOW,"cmcId-matched DL protocol, non-staking category: Dexs (slug=dedust)"
5690,RENDER,Render,,,,False,,False,NO_ID,"no cmcId DL protocol, no contract address, no Snapshot space on file — no on-chain identity available to check"
5741,DMG,DMM: Governance,,,,False,,False,NO_ID,"no cmcId DL protocol, no contract address, no Snapshot space on file — no on-chain identity available to check"
5798,RING,Darwinia Network,,,Farm;Yield,False,,False,NO_ID,"no cmcId DL protocol, no contract address, no Snapshot space on file — no on-chain identity available to check"
5824,SLP,Smooth Love Potion,,,Derivatives,False,,False,NO_ID,"no cmcId DL protocol, no contract address, no Snapshot space on file — no on-chain identity available to check"
5829,SWAP,TrustSwap,team-finance,Token Locker,Bridge;Dexs;Interface;Token Locker,True,Multi-Chain,False,LOW,"cmcId-matched DL protocol, non-staking category: Token Locker (slug=team-finance)"
5830,NXM,NXM,,,Insurance,False,,False,NO_ID,"no cmcId DL protocol, no contract address, no Snapshot space on file — no on-chain identity available to check"
5841,NEST,NEST Protocol,,,Derivatives;Dexs;Oracle,False,,False,NO_ID,"no cmcId DL protocol, no contract address, no Snapshot space on file — no on-chain identity available to check"
5892,ANY,Anyswap,,,,False,,False,NO_ID,"no cmcId DL protocol, no contract address, no Snapshot space on file — no on-chain identity available to check"
5906,NVT,NerveNetwork,nerve-staking,Dexs,Dexs,True,Nuls,False,LOW,"cmcId-matched DL protocol, non-staking category: Dexs (slug=nerve-staking)"
5957,YFII,DFI.Money,yfii,Yield Aggregator,Yield Aggregator,True,Ethereum,False,LOW,"cmcId-matched DL protocol, non-staking category: Yield Aggregator (slug=yfii)"
5994,SHIB,Shiba Inu,,,Dexs,False,,False,NO_ID,"no cmcId DL protocol, no contract address, no Snapshot space on file — no on-chain identity available to check"
6138,DIA,DIA,,,,False,,False,NO_ID,"no cmcId DL protocol, no contract address, no Snapshot space on file — no on-chain identity available to check"
6432,OMI,ECOMI,,,,False,,False,NO_ID,"no cmcId DL protocol, no contract address, no Snapshot space on file — no on-chain identity available to check"
6511,STRONG,Strong,,,,False,,False,NO_ID,"no cmcId DL protocol, no contract address, no Snapshot space on file — no on-chain identity available to check"
6669,CVP,PowerPool,,,Indexes,False,,False,NO_ID,"no cmcId DL protocol, no contract address, no Snapshot space on file — no on-chain identity available to check"
6748,CFG,Centrifuge,,,RWA;RWA Lending,False,,False,NO_ID,"no cmcId DL protocol, no contract address, no Snapshot space on file — no on-chain identity available to check"
6756,ACA,Acala Token,acala,Canonical Bridge,Canonical Bridge;Dexs,False,,False,LOW,"cmcId-matched DL protocol, non-staking category: Canonical Bridge (slug=acala)"
6783,AXS,Axie Infinity,axie-infinity,Gaming,Gaming,True,,False,LOW,"cmcId-matched DL protocol, non-staking category: Gaming (slug=axie-infinity)"
6833,LIT,Litentry,,,Algo-Stables;Bridge;Derivatives;Dexs;Yield,False,,False,NO_ID,"no cmcId DL protocol, no contract address, no Snapshot space on file — no on-chain identity available to check"
6843,RAD,Radworks,,,,False,,False,NO_ID,"no cmcId DL protocol, no contract address, no Snapshot space on file — no on-chain identity available to check"
6929,HEGIC,Hegic,hegic,Options,Options,True,Multi-Chain,False,MEDIUM,cmcId-matched DL category gov/lock-suggestive: Options (slug=hegic)
6941,HBTC,Huobi BTC,,,,False,,False,NO_ID,"no cmcId DL protocol, no contract address, no Snapshot space on file — no on-chain identity available to check"
6945,AMP,Amp,flexa,Payments,Algo-Stables;Payments,True,Ethereum,False,LOW,"cmcId-matched DL protocol, non-staking category: Payments (slug=flexa)"
6951,REEF,Reef,,,,False,,False,NO_ID,"no cmcId DL protocol, no contract address, no Snapshot space on file — no on-chain identity available to check"
6990,SUN,SUN,,,Bridge;Derivatives;Dexs,False,,False,NO_ID,"no cmcId DL protocol, no contract address, no Snapshot space on file — no on-chain identity available to check"
7033,ESD,Empty Set Dollar,,,,False,,False,NO_ID,"no cmcId DL protocol, no contract address, no Snapshot space on file — no on-chain identity available to check"
7064,BAKE,BakeryToken,bakeryswap,Dexs,Dexs,True,Binance,False,LOW,"cmcId-matched DL protocol, non-staking category: Dexs (slug=bakeryswap)"
7150,FLM,Flamingo,,,Dexs;Lending,False,,False,NO_ID,"no cmcId DL protocol, no contract address, no Snapshot space on file — no on-chain identity available to check"
7208,POLS,Polkastarter,,,Launchpad,False,,False,NO_ID,"no cmcId DL protocol, no contract address, no Snapshot space on file — no on-chain identity available to check"
7224,DODO,DODO,,,DEX Aggregator;Dexs,False,,False,NO_ID,"no cmcId DL protocol, no contract address, no Snapshot space on file — no on-chain identity available to check"
7228,DDX,DerivaDAO,derivadex,Derivatives,Derivatives,True,Ethereum,False,LOW,"cmcId-matched DL protocol, non-staking category: Derivatives (slug=derivadex)"
7232,ALPHA,Stella,stella,Leveraged Farming,Lending;Leveraged Farming;Liquid Staking;Prediction Market;Yield Aggregator,True,Arbitrum,False,LOW,"cmcId-matched DL protocol, non-staking category: Leveraged Farming (slug=stella)"
7242,CORE,cVault.finance,cvault-finance,Yield,Canonical Bridge;Derivatives;Yield,True,Ethereum,False,LOW,"cmcId-matched DL protocol, non-staking category: Yield (slug=cvault-finance)"
7288,XVS,Venus,,,Lending,False,,False,NO_ID,"no cmcId DL protocol, no contract address, no Snapshot space on file — no on-chain identity available to check"
7326,DEXE,DeXe,,,,False,,False,NO_ID,"no cmcId DL protocol, no contract address, no Snapshot space on file — no on-chain identity available to check"
7455,AUDIO,Audius,,,,False,,False,NO_ID,"no cmcId DL protocol, no contract address, no Snapshot space on file — no on-chain identity available to check"
7501,WOO,WOO,,,CEX;Dexs;Yield,False,,False,NO_ID,"no cmcId DL protocol, no contract address, no Snapshot space on file — no on-chain identity available to check"
7617,SFI,saffron.finance,saffron-finance,Yield,Liquid Staking;Yield,True,Ethereum,False,LOW,"cmcId-matched DL protocol, non-staking category: Yield (slug=saffron-finance)"
7654,RFOX,RFOX,rfox,Yield,Yield,True,Binance,False,LOW,"cmcId-matched DL protocol, non-staking category: Yield (slug=rfox)"
7672,UNFI,Unifi Protocol DAO,,,Dexs;Staking Pool,False,,False,NO_ID,"no cmcId DL protocol, no contract address, no Snapshot space on file — no on-chain identity available to check"
7737,API3,API3,api3,Risk Curators,Risk Curators,True,Ethereum,False,LOW,"cmcId-matched DL protocol, non-staking category: Risk Curators (slug=api3)"
7817,BFC,Bifrost,,,,False,,False,NO_ID,"no cmcId DL protocol, no contract address, no Snapshot space on file — no on-chain identity available to check"
7857,MIR,Mirror Protocol,mirror,Derivatives,Derivatives,True,Terra,False,LOW,"cmcId-matched DL protocol, non-staking category: Derivatives (slug=mirror)"
7961,vBNB,Venus BNB,,,,False,,False,NO_ID,"no cmcId DL protocol, no contract address, no Snapshot space on file — no on-chain identity available to check"
7962,vBTC,Venus BTC,,,,False,,False,NO_ID,"no cmcId DL protocol, no contract address, no Snapshot space on file — no on-chain identity available to check"
7963,vETH,Venus ETH,,,,False,,False,NO_ID,"no cmcId DL protocol, no contract address, no Snapshot space on file — no on-chain identity available to check"
7978,FIDA,Bonfida,,,,False,,False,NO_ID,"no cmcId DL protocol, no contract address, no Snapshot space on file — no on-chain identity available to check"
8075,RLY,Rally,,,,False,,False,NO_ID,"no cmcId DL protocol, no contract address, no Snapshot space on file — no on-chain identity available to check"
8083,LON,Tokenlon Network Token,,,DEX Aggregator;Dexs,False,,False,NO_ID,"no cmcId DL protocol, no contract address, no Snapshot space on file — no on-chain identity available to check"
8161,SPI,Shopping,,,Dexs,False,,False,NO_ID,"no cmcId DL protocol, no contract address, no Snapshot space on file — no on-chain identity available to check"
8202,ZKB,ZKBase,zkswap,Chain;Dexs,Dexs;Launchpad,True,Ethereum,False,LOW,"cmcId-matched DL protocol, non-staking category: Chain;Dexs (slug=zkswap)"
8210,BTCST,Bitcoin Standard Hashrate Token,,,Yield,False,,False,NO_ID,"no cmcId DL protocol, no contract address, no Snapshot space on file — no on-chain identity available to check"
8290,SUPER,SuperVerse,superfarm,Services,Services,True,Ethereum,False,LOW,"cmcId-matched DL protocol, non-staking category: Services (slug=superfarm)"
8296,KSP,KLAYswap Protocol,,,Dexs,False,,False,NO_ID,"no cmcId DL protocol, no contract address, no Snapshot space on file — no on-chain identity available to check"
8335,MDX,Mdex,mdex,Dexs,Dexs,True,Multi-Chain,False,LOW,"cmcId-matched DL protocol, non-staking category: Dexs (slug=mdex)"
8353,BETH,Beacon ETH,,,,False,,False,NO_ID,"no cmcId DL protocol, no contract address, no Snapshot space on file — no on-chain identity available to check"
8420,DAO,DAO Maker,,,Dexs;Services,False,,False,NO_ID,"no cmcId DL protocol, no contract address, no Snapshot space on file — no on-chain identity available to check"
8497,BANANA,ApeSwap,,,Telegram Bot,False,,False,NO_ID,"no cmcId DL protocol, no contract address, no Snapshot space on file — no on-chain identity available to check"
8526,RAY,Raydium,,,Dexs;Interface;Launchpad,False,,False,NO_ID,"no cmcId DL protocol, no contract address, no Snapshot space on file — no on-chain identity available to check"
8534,CHEX,Chintai,,,,False,,False,NO_ID,"no cmcId DL protocol, no contract address, no Snapshot space on file — no on-chain identity available to check"
8602,AUCTION,Bounce Token,bounce-finance,Launchpad,Launchpad,True,Ethereum,False,LOW,"cmcId-matched DL protocol, non-staking category: Launchpad (slug=bounce-finance)"
8615,EPIC,Epic Chain,ethernity-chain,Yield,,True,Ethereum,False,LOW,"cmcId-matched DL protocol, non-staking category: Yield (slug=ethernity-chain)"
8719,ILV,Illuvium,illuvium,Gaming,Gaming,True,Ethereum,True,LOW,"cmcId-matched DL protocol, non-staking category: Gaming (slug=illuvium)"
8766,ALICE,MyNeighborAlice,my-neighbor-alice,Services,Services,True,,False,LOW,"cmcId-matched DL protocol, non-staking category: Services (slug=my-neighbor-alice)"
8857,ANC,Anchor Protocol,anchor,Lending,Lending,True,Multi-Chain,False,LOW,"cmcId-matched DL protocol, non-staking category: Lending (slug=anchor)"
8891,BTCST,Bitcoin Standard Hashrate Token,btcst,Yield,Yield,True,Binance,False,LOW,"cmcId-matched DL protocol, non-staking category: Yield (slug=btcst)"
8938,EPS,Ellipsis,ellipsis-finance,Dexs,Dexs,True,Binance,False,LOW,"cmcId-matched DL protocol, non-staking category: Dexs (slug=ellipsis-finance)"
8972,SFUND,Seedify.fund,seedify,Launchpad,Launchpad,True,Multi-Chain,False,LOW,"cmcId-matched DL protocol, non-staking category: Launchpad (slug=seedify)"
9119,TLM,Alien Worlds,alien-worlds,Gaming,Gaming,True,Wax,False,LOW,"cmcId-matched DL protocol, non-staking category: Gaming (slug=alien-worlds)"
9175,MBOX,MOBOX,mobox,Gaming,Gaming,True,Binance,False,LOW,"cmcId-matched DL protocol, non-staking category: Gaming (slug=mobox)"
9308,PYR,Vulcan Forged (PYR),,,Dexs,False,,False,NO_ID,"no cmcId DL protocol, no contract address, no Snapshot space on file — no on-chain identity available to check"
9417,MPL,Maple,,,,False,,False,NO_ID,"no cmcId DL protocol, no contract address, no Snapshot space on file — no on-chain identity available to check"
9421,FORTH,Ampleforth Governance Token,forth-dao,Services,Services,True,,False,LOW,"cmcId-matched DL protocol, non-staking category: Services (slug=forth-dao)"
9436,ELON,Dogelon Mars,,,Canonical Bridge;Lending,False,,False,NO_ID,"no cmcId DL protocol, no contract address, no Snapshot space on file — no on-chain identity available to check"
9444,KNC,Kyber Network Crystal v2,,,DEX Aggregator;Dexs;Yield Aggregator,False,,False,NO_ID,"no cmcId DL protocol, no contract address, no Snapshot space on file — no on-chain identity available to check"
9462,WAVAX,Wrapped AVAX,,,,False,,False,NO_ID,"no cmcId DL protocol, no contract address, no Snapshot space on file — no on-chain identity available to check"
9486,BTCT,Bitcoin TRC20,,,,False,,False,NO_ID,"no cmcId DL protocol, no contract address, no Snapshot space on file — no on-chain identity available to check"
9543,BICO,Biconomy,hyphen,Bridge,Bridge,True,Multi-Chain,False,LOW,"cmcId-matched DL protocol, non-staking category: Bridge (slug=hyphen)"
9640,METIS,Metis,,,Canonical Bridge,False,,False,NO_ID,"no cmcId DL protocol, no contract address, no Snapshot space on file — no on-chain identity available to check"
9674,WILD,Wilder World,,,Lending;Yield,False,,False,NO_ID,"no cmcId DL protocol, no contract address, no Snapshot space on file — no on-chain identity available to check"
10188,ATA,Automata Network,,,Yield Aggregator,False,,False,NO_ID,"no cmcId DL protocol, no contract address, no Snapshot space on file — no on-chain identity available to check"
10240,WFTM,Wrapped Fantom,,,,False,,False,NO_ID,"no cmcId DL protocol, no contract address, no Snapshot space on file — no on-chain identity available to check"
10407,BabyDoge,Baby Doge Coin,,,Bridge;Dexs,False,,False,NO_ID,"no cmcId DL protocol, no contract address, no Snapshot space on file — no on-chain identity available to check"
10508,FLUID,Fluid,,,Dexs;Yield Aggregator,False,,False,NO_ID,"no cmcId DL protocol, no contract address, no Snapshot space on file — no on-chain identity available to check"
10529,SUN,Sun [New],sun.io,Dexs,Bridge;Derivatives;Dexs,True,Tron,False,LOW,"cmcId-matched DL protocol, non-staking category: Dexs (slug=sun.io)"
10688,YGG,Yield Guild Games,yield-guild-games,Gaming,Gaming,True,,False,LOW,"cmcId-matched DL protocol, non-staking category: Gaming (slug=yield-guild-games)"
10759,DVF,rhino.fi,,,,False,,False,NO_ID,"no cmcId DL protocol, no contract address, no Snapshot space on file — no on-chain identity available to check"
10804,FLOKI,FLOKI,flokifi-locker,Token Locker,Token Locker,True,Multi-Chain,False,LOW,"cmcId-matched DL protocol, non-staking category: Token Locker (slug=flokifi-locker)"
10897,ALT,Alitas,,,Derivatives;Developer Tools;Dexs;Launchpad,False,,False,NO_ID,"no cmcId DL protocol, no contract address, no Snapshot space on file — no on-chain identity available to check"
10903,C98,Coin98,coin98,Farm,Farm,True,TomoChain,False,LOW,"cmcId-matched DL protocol, non-staking category: Farm (slug=coin98)"
11079,BRISE,Bitgert,bitgert,Yield,Yield,True,Multi-Chain,False,LOW,"cmcId-matched DL protocol, non-staking category: Yield (slug=bitgert)"
11156,ETHDYDX,dYdX (ethDYDX),,,,False,,False,NO_ID,"no cmcId DL protocol, no contract address, no Snapshot space on file — no on-chain identity available to check"
11165,ORCA,Orca,,,Dexs;Launchpad;Lending,False,,False,NO_ID,"no cmcId DL protocol, no contract address, no Snapshot space on file — no on-chain identity available to check"
11171,MNGO,Mango,,,Derivatives;Dexs,False,,False,NO_ID,"no cmcId DL protocol, no contract address, no Snapshot space on file — no on-chain identity available to check"
11221,BIT,BitDAO,,,CEX,False,,False,NO_ID,"no cmcId DL protocol, no contract address, no Snapshot space on file — no on-chain identity available to check"
11232,HIGH,Highstreet,,,,False,,False,NO_ID,"no cmcId DL protocol, no contract address, no Snapshot space on file — no on-chain identity available to check"
11289,SPELL,Spell Token,,,CDP,False,,False,NO_ID,"no cmcId DL protocol, no contract address, no Snapshot space on file — no on-chain identity available to check"
11865,BONE,Bone ShibaSwap,,,Dexs;Farm,False,,False,NO_ID,"no cmcId DL protocol, no contract address, no Snapshot space on file — no on-chain identity available to check"
12220,OSMO,Osmosis,osmosis-dex,Dexs,Dexs,True,Osmosis,False,LOW,"cmcId-matched DL protocol, non-staking category: Dexs (slug=osmosis-dex)"
12387,RBN,Ribbon Finance,,,Options;Options Vault;Uncollateralized Lending,False,,False,NO_ID,"no cmcId DL protocol, no contract address, no Snapshot space on file — no on-chain identity available to check"
12573,CPOOL,Clearpool,,,RWA;Uncollateralized Lending,False,,False,NO_ID,"no cmcId DL protocol, no contract address, no Snapshot space on file — no on-chain identity available to check"
12760,INF,Sanctum Infinity,,,,False,,False,NO_ID,"no cmcId DL protocol, no contract address, no Snapshot space on file — no on-chain identity available to check"
13502,WLD,Worldcoin,worldcoin,Chain,Chain,True,,False,LOW,"cmcId-matched DL protocol, non-staking category: Chain (slug=worldcoin)"
14280,EUL,Euler,,,Dexs;Lending;Risk Curators,False,,False,NO_ID,"no cmcId DL protocol, no contract address, no Snapshot space on file — no on-chain identity available to check"
14519,VVS,VVS Finance,,,Dexs,False,,False,NO_ID,"no cmcId DL protocol, no contract address, no Snapshot space on file — no on-chain identity available to check"
14783,MAGIC,Treasure,treasure,Gaming,Gaming;Yield,True,Arbitrum,False,LOW,"cmcId-matched DL protocol, non-staking category: Gaming (slug=treasure)"
14803,AURORA,Aurora,aurora-plus,Farm,Farm,True,Aurora,False,LOW,"cmcId-matched DL protocol, non-staking category: Farm (slug=aurora-plus)"
14806,PEOPLE,ConstitutionDAO,,,,False,,False,NO_ID,"no cmcId DL protocol, no contract address, no Snapshot space on file — no on-chain identity available to check"
16116,SOL,Wrapped Solana,,,Canonical Bridge;Dexs,False,,False,NO_ID,"no cmcId DL protocol, no contract address, no Snapshot space on file — no on-chain identity available to check"
16334,APX,APX,,,,False,,False,NO_ID,"no cmcId DL protocol, no contract address, no Snapshot space on file — no on-chain identity available to check"
16876,ALI,Artificial Liquid Intelligence,,,Dexs,False,,False,NO_ID,"no cmcId DL protocol, no contract address, no Snapshot space on file — no on-chain identity available to check"
17591,NYM,NYM,,,,False,,False,NO_ID,"no cmcId DL protocol, no contract address, no Snapshot space on file — no on-chain identity available to check"
17751,T,Threshold,,,CDP;Decentralized BTC,False,,False,NO_ID,"no cmcId DL protocol, no contract address, no Snapshot space on file — no on-chain identity available to check"
17799,AXL,Axelar,,,Bridge;Launchpad,False,,False,NO_ID,"no cmcId DL protocol, no contract address, no Snapshot space on file — no on-chain identity available to check"
18031,CCD,Concordium,,,,False,,False,NO_ID,"no cmcId DL protocol, no contract address, no Snapshot space on file — no on-chain identity available to check"
18037,MAV,Maverick Protocol,,,Dexs,False,,False,NO_ID,"no cmcId DL protocol, no contract address, no Snapshot space on file — no on-chain identity available to check"
18579,WTRX,Wrapped TRON,,,,False,,False,NO_ID,"no cmcId DL protocol, no contract address, no Snapshot space on file — no on-chain identity available to check"
19650,VOLT,Volt Inu,,,Dexs;Lending;Liquid Staking,False,,False,NO_ID,"no cmcId DL protocol, no contract address, no Snapshot space on file — no on-chain identity available to check"
19843,APEX,ApeX Protocol,,,Derivatives;Dexs,False,,False,NO_ID,"no cmcId DL protocol, no contract address, no Snapshot space on file — no on-chain identity available to check"
20314,LUNA,Terra,,,Launchpad,False,,False,NO_ID,"no cmcId DL protocol, no contract address, no Snapshot space on file — no on-chain identity available to check"
20721,BTC.b,Bitcoin Avalanche Bridged,,,,False,,False,NO_ID,"no cmcId DL protocol, no contract address, no Snapshot space on file — no on-chain identity available to check"
21159,ONDO,Ondo,,,Derivatives;RWA,False,,False,NO_ID,"no cmcId DL protocol, no contract address, no Snapshot space on file — no on-chain identity available to check"
21870,MPLX,Metaplex,metaplex,Launchpad,Launchpad,True,,False,LOW,"cmcId-matched DL protocol, non-staking category: Launchpad (slug=metaplex)"
22059,VENOM,Venom,,,,False,,False,NO_ID,"no cmcId DL protocol, no contract address, no Snapshot space on file — no on-chain identity available to check"
22850,HONEY,Hivemapper,,,DePIN;Dexs;Liquid Staking;NFT Marketplace,False,,False,NO_ID,"no cmcId DL protocol, no contract address, no Snapshot space on file — no on-chain identity available to check"
22974,TAO,Bittensor,bittensor,Chain,Chain,False,,False,LOW,"cmcId-matched DL protocol, non-staking category: Chain (slug=bittensor)"
23054,CHEEL,Cheelee,cheelee,Farm,Farm,True,,False,LOW,"cmcId-matched DL protocol, non-staking category: Farm (slug=cheelee)"
23082,TEM,TemDAO,,,Lending;Reserve Currency,False,,False,NO_ID,"no cmcId DL protocol, no contract address, no Snapshot space on file — no on-chain identity available to check"
23711,PRIME,Echelon Prime,echelon-prime,Gaming,Gaming;Leveraged Farming,True,,False,LOW,"cmcId-matched DL protocol, non-staking category: Gaming (slug=echelon-prime)"
24091,ZK,ZKsync,zksync-era,Chain,Chain,True,,False,LOW,"cmcId-matched DL protocol, non-staking category: Chain (slug=zksync-era)"
24257,LGCT,Legacy Token,legacy-network,Farm,Farm,True,,False,LOW,"cmcId-matched DL protocol, non-staking category: Farm (slug=legacy-network)"
24399,WHBAR,Wrapped HBAR,,,,False,,False,NO_ID,"no cmcId DL protocol, no contract address, no Snapshot space on file — no on-chain identity available to check"
24735,WPLS,Wrapped Pulse,,,,False,,False,NO_ID,"no cmcId DL protocol, no contract address, no Snapshot space on file — no on-chain identity available to check"
24781,CYBER,Cyber,cyberconnect,SoFi,Chain;SoFi,True,,False,LOW,"cmcId-matched DL protocol, non-staking category: SoFi (slug=cyberconnect)"
24796,ADF,Art de Finance,artdefinance,Yield,Yield,True,Polygon,False,LOW,"cmcId-matched DL protocol, non-staking category: Yield (slug=artdefinance)"
24875,STRX,Staked TRX,,,Farm,False,,False,NO_ID,"no cmcId DL protocol, no contract address, no Snapshot space on file — no on-chain identity available to check"
25264,SNEK,Snek,,,Dexs,False,,False,NO_ID,"no cmcId DL protocol, no contract address, no Snapshot space on file — no on-chain identity available to check"
26133,TBTC,tBTC,,,,False,,False,NO_ID,"no cmcId DL protocol, no contract address, no Snapshot space on file — no on-chain identity available to check"
26680,NTRN,Neutron,,,,False,,False,NO_ID,"no cmcId DL protocol, no contract address, no Snapshot space on file — no on-chain identity available to check"
26997,ZRO,LayerZero,,,Bridge,False,,False,NO_ID,"no cmcId DL protocol, no contract address, no Snapshot space on file — no on-chain identity available to check"
27076,WTFUEL,Wrapped TFUEL,,,,False,,False,NO_ID,"no cmcId DL protocol, no contract address, no Snapshot space on file — no on-chain identity available to check"
27077,WTHETA,Wrapped THETA,,,,False,,False,NO_ID,"no cmcId DL protocol, no contract address, no Snapshot space on file — no on-chain identity available to check"
27565,ARKM,Arkham,arkham,Services,CEX;Services,True,,False,LOW,"cmcId-matched DL protocol, non-staking category: Services (slug=arkham)"
27765,ZBU,Zeebu,zeebu,Farm,Farm,True,Multi-Chain,False,LOW,"cmcId-matched DL protocol, non-staking category: Farm (slug=zeebu)"
27966,DORA,Dora Factory,,,,False,,False,NO_ID,"no cmcId DL protocol, no contract address, no Snapshot space on file — no on-chain identity available to check"
28047,LSD,L7,,,Dexs;Farm;Indexes,False,,False,NO_ID,"no cmcId DL protocol, no contract address, no Snapshot space on file — no on-chain identity available to check"
28177,PYTH,Pyth Network,,,MEV;Oracle,False,,False,NO_ID,"no cmcId DL protocol, no contract address, no Snapshot space on file — no on-chain identity available to check"
28183,WFLR,Wrapped Flare,,,,False,,False,NO_ID,"no cmcId DL protocol, no contract address, no Snapshot space on file — no on-chain identity available to check"
28298,BEAM,Beam,beam,Chain,Chain,False,,False,LOW,"cmcId-matched DL protocol, non-staking category: Chain (slug=beam)"
28301,MEME,Memecoin,memecoin,Farm,Dexs;Farm,True,,False,LOW,"cmcId-matched DL protocol, non-staking category: Farm (slug=memecoin)"
28480,BLAST,Blast,,,Canonical Bridge;Farm,False,,False,NO_ID,"no cmcId DL protocol, no contract address, no Snapshot space on file — no on-chain identity available to check"
28674,ACE,Fusionist,,,Farm,False,,False,NO_ID,"no cmcId DL protocol, no contract address, no Snapshot space on file — no on-chain identity available to check"
28853,JLP,Jupiter Perps LP,,,,False,,False,NO_ID,"no cmcId DL protocol, no contract address, no Snapshot space on file — no on-chain identity available to check"
29082,SAROS,Saros,,,Dexs,False,,False,NO_ID,"no cmcId DL protocol, no contract address, no Snapshot space on file — no on-chain identity available to check"
29150,PONKE,Ponke,,,,False,,False,NO_ID,"no cmcId DL protocol, no contract address, no Snapshot space on file — no on-chain identity available to check"
29210,JUP,Jupiter,jupiter-aggregator,DEX Aggregator,Basis Trading;DCA Tools;DEX Aggregator;Derivatives;Interface;Launchpad;Lending;Liquid Staking,True,,False,LOW,"cmcId-matched DL protocol, non-staking category: DEX Aggregator (slug=jupiter-aggregator)"
29335,PIXEL,Pixels,,,Dexs,False,,False,NO_ID,"no cmcId DL protocol, no contract address, no Snapshot space on file — no on-chain identity available to check"
29555,PORTAL,Portal,,,,False,,False,NO_ID,"no cmcId DL protocol, no contract address, no Snapshot space on file — no on-chain identity available to check"
29587,W,Wormhole,portal,Bridge,Bridge,True,Multi-Chain,False,LOW,"cmcId-matched DL protocol, non-staking category: Bridge (slug=portal)"
29676,AEVO,Aevo,,,Derivatives;Options,False,,False,NO_ID,"no cmcId DL protocol, no contract address, no Snapshot space on file — no on-chain identity available to check"
29779,ZKJ,Polyhedra Network,polyhedra-network,Chain,Chain,True,,False,LOW,"cmcId-matched DL protocol, non-staking category: Chain (slug=polyhedra-network)"
30083,ATH,Aethir,aethir,Developer Tools,Derivatives;Developer Tools;Yield,True,Ethereum,False,LOW,"cmcId-matched DL protocol, non-staking category: Developer Tools (slug=aethir)"
30126,MEW,cat in a dogs world,,,Dexs,False,,False,NO_ID,"no cmcId DL protocol, no contract address, no Snapshot space on file — no on-chain identity available to check"
30494,EIGEN,EigenCloud,eigencloud,Restaking,Restaking,True,Ethereum,False,HIGH,cmcId-matched DL category staking-type: Restaking (slug=eigencloud)
30506,WZEDX,Wrapped Zedxion,,,,False,,False,NO_ID,"no cmcId DL protocol, no contract address, no Snapshot space on file — no on-chain identity available to check"
30636,ZBCN,Zebec Network,,,,False,,False,NO_ID,"no cmcId DL protocol, no contract address, no Snapshot space on file — no on-chain identity available to check"
30712,MERL,Merlin Chain,merlins-seal,Bridge,Bridge;Yield,True,Multi-Chain,False,LOW,"cmcId-matched DL protocol, non-staking category: Bridge (slug=merlins-seal)"
30986,KMNO,Kamino,,,Lending;Liquidity Manager,False,,False,NO_ID,"no cmcId DL protocol, no contract address, no Snapshot space on file — no on-chain identity available to check"
31278,DRIFT,Drift,,,Derivatives;Dexs;Liquid Staking,False,,False,NO_ID,"no cmcId DL protocol, no contract address, no Snapshot space on file — no on-chain identity available to check"
31503,BWB,Bitget Wallet Token,,,,False,,False,NO_ID,"no cmcId DL protocol, no contract address, no Snapshot space on file — no on-chain identity available to check"
32272,PUMPBTC,pumpBTC (Rehypothecated BTC),,,,False,,False,NO_ID,"no cmcId DL protocol, no contract address, no Snapshot space on file — no on-chain identity available to check"
32306,FBTC,Function,,,,False,,False,NO_ID,"no cmcId DL protocol, no contract address, no Snapshot space on file — no on-chain identity available to check"
32376,AVAIL,Avail,,,,False,,False,NO_ID,"no cmcId DL protocol, no contract address, no Snapshot space on file — no on-chain identity available to check"
32724,CAT,Simon's Cat,,,Yield Aggregator,False,,False,NO_ID,"no cmcId DL protocol, no contract address, no Snapshot space on file — no on-chain identity available to check"
32882,BNSOL,Binance Staked SOL,,,,False,,False,NO_ID,"no cmcId DL protocol, no contract address, no Snapshot space on file — no on-chain identity available to check"
33038,SKY,Sky,,,CDP;Dexs;RWA;Risk Curators,False,,False,NO_ID,"no cmcId DL protocol, no contract address, no Snapshot space on file — no on-chain identity available to check"
33055,slisBNBx,slisBNBx,,,,False,,False,NO_ID,"no cmcId DL protocol, no contract address, no Snapshot space on file — no on-chain identity available to check"
33223,LAB,LAB,lab-terminal,Trading App,Lending;Trading App,True,,False,LOW,"cmcId-matched DL protocol, non-staking category: Trading App (slug=lab-terminal)"
33251,WLFI,World Liberty Financial,,,Lending,False,,False,NO_ID,"no cmcId DL protocol, no contract address, no Snapshot space on file — no on-chain identity available to check"
33280,CHEEMS,Cheems (cheems.pet),,,Yield,False,,False,NO_ID,"no cmcId DL protocol, no contract address, no Snapshot space on file — no on-chain identity available to check"
33310,xSolvBTC,xSolvBTC,,,,False,,False,NO_ID,"no cmcId DL protocol, no contract address, no Snapshot space on file — no on-chain identity available to check"
33312,SolvBTC,SolvBTC,,,,False,,False,NO_ID,"no cmcId DL protocol, no contract address, no Snapshot space on file — no on-chain identity available to check"
33342,EVA,EverValue Coin,,,,False,,False,NO_ID,"no cmcId DL protocol, no contract address, no Snapshot space on file — no on-chain identity available to check"
33391,DEEP,DeepBook Protocol,,,Dexs;Launchpad,False,,False,NO_ID,"no cmcId DL protocol, no contract address, no Snapshot space on file — no on-chain identity available to check"
33566,ACT,Act I : The AI Prophecy,,,Farm,False,,False,NO_ID,"no cmcId DL protocol, no contract address, no Snapshot space on file — no on-chain identity available to check"
33652,LBTC,Lombard Staked BTC,,,,False,,False,NO_ID,"no cmcId DL protocol, no contract address, no Snapshot space on file — no on-chain identity available to check"
33696,EBTC,ether.fi Staked BTC,,,,False,,False,NO_ID,"no cmcId DL protocol, no contract address, no Snapshot space on file — no on-chain identity available to check"
33824,SYRUP,Maple Finance,,,Lending;RWA,False,,False,NO_ID,"no cmcId DL protocol, no contract address, no Snapshot space on file — no on-chain identity available to check"
33834,BBSOL,Bybit Staked SOL,,,,False,,False,NO_ID,"no cmcId DL protocol, no contract address, no Snapshot space on file — no on-chain identity available to check"
34104,MORPHO,Morpho,,,Lending,False,,False,NO_ID,"no cmcId DL protocol, no contract address, no Snapshot space on file — no on-chain identity available to check"
34143,WHITE,WhiteRock,,,Options,False,,False,NO_ID,"no cmcId DL protocol, no contract address, no Snapshot space on file — no on-chain identity available to check"
34812,BIO,Bio Protocol,bio-protocol,Launchpad,Launchpad,True,Multi-Chain,False,LOW,"cmcId-matched DL protocol, non-staking category: Launchpad (slug=bio-protocol)"
34926,ARC,AI Rig Complex,,,DEX Aggregator;Dexs;Services,False,,False,NO_ID,"no cmcId DL protocol, no contract address, no Snapshot space on file — no on-chain identity available to check"
35429,LAYER,Solayer,,,Crypto Card Issuer;RWA;Restaking,False,,False,NO_ID,"no cmcId DL protocol, no contract address, no Snapshot space on file — no on-chain identity available to check"
35437,USDF,Aster USDF,,,,False,,False,NO_ID,"no cmcId DL protocol, no contract address, no Snapshot space on file — no on-chain identity available to check"
35509,VVV,Venice Token,venice,Farm,Farm,True,Base,False,LOW,"cmcId-matched DL protocol, non-staking category: Farm (slug=venice)"
35763,KAITO,KAITO,kaito,Services,Services,True,Base,False,LOW,"cmcId-matched DL protocol, non-staking category: Services (slug=kaito)"
35818,SOSO,SoSoValue,,,Basis Trading;Bridge;Derivatives;Dexs;Indexes,False,,False,NO_ID,"no cmcId DL protocol, no contract address, no Snapshot space on file — no on-chain identity available to check"
35881,WHYPE,Wrapped HYPE,,,,False,,False,NO_ID,"no cmcId DL protocol, no contract address, no Snapshot space on file — no on-chain identity available to check"
35931,ZORA,ZORA,,,Canonical Bridge;Launchpad;NFT Marketplace,False,,False,NO_ID,"no cmcId DL protocol, no contract address, no Snapshot space on file — no on-chain identity available to check"
35954,LION,Loaded Lions,,,Algo-Stables;Basis Trading;Derivatives;Services;Yield,False,,False,NO_ID,"no cmcId DL protocol, no contract address, no Snapshot space on file — no on-chain identity available to check"
36044,NXPC,NEXPACE,,,,False,,False,NO_ID,"no cmcId DL protocol, no contract address, no Snapshot space on file — no on-chain identity available to check"
36119,WAL,Walrus,walrus-protocol,Developer Tools,Developer Tools;Dexs,True,,False,LOW,"cmcId-matched DL protocol, non-staking category: Developer Tools (slug=walrus-protocol)"
36175,UNIBTC,Universal BTC,,,,False,,False,NO_ID,"no cmcId DL protocol, no contract address, no Snapshot space on file — no on-chain identity available to check"
36246,stkAAVE,Staked Aave,,,,False,,False,NO_ID,"no cmcId DL protocol, no contract address, no Snapshot space on file — no on-chain identity available to check"
36341,ASTER,Aster,,,Basis Trading;Bridge;CeDeFi;Derivatives;Dexs;Yield,False,,False,NO_ID,"no cmcId DL protocol, no contract address, no Snapshot space on file — no on-chain identity available to check"
36410,MYX,MYX Finance,myx-finance,Derivatives,Derivatives,True,Multi-Chain,False,LOW,"cmcId-matched DL protocol, non-staking category: Derivatives (slug=myx-finance)"
36458,AETHWETH,Aave Ethereum WETH,,,,False,,False,NO_ID,"no cmcId DL protocol, no contract address, no Snapshot space on file — no on-chain identity available to check"
36462,A,Vaulta,,,,False,,False,NO_ID,"no cmcId DL protocol, no contract address, no Snapshot space on file — no on-chain identity available to check"
36507,PUMP,Pump.fun,,,Dexs;Launchpad;Reserve Currency;Telegram Bot,False,,False,NO_ID,"no cmcId DL protocol, no contract address, no Snapshot space on file — no on-chain identity available to check"
36532,B,BUILDon,,,Derivatives;Liquidity Manager,False,,False,NO_ID,"no cmcId DL protocol, no contract address, no Snapshot space on file — no on-chain identity available to check"
36671,SAHARA,Sahara AI,,,,False,,False,NO_ID,"no cmcId DL protocol, no contract address, no Snapshot space on file — no on-chain identity available to check"
37986,LIGHT,Light,heaven,Dexs,Dexs,True,,False,LOW,"cmcId-matched DL protocol, non-staking category: Dexs (slug=heaven)"
38299,AVNT,Avantis,avantis,Derivatives,Derivatives,True,Base,False,LOW,"cmcId-matched DL protocol, non-staking category: Derivatives (slug=avantis)"
38353,MET,Meteora,,,Dexs;Launchpad;Synthetics;Yield;Yield Aggregator,False,,False,NO_ID,"no cmcId DL protocol, no contract address, no Snapshot space on file — no on-chain identity available to check"
38408,BARD,Lombard,,,Bridge;Onchain Capital Allocator;Restaked BTC,False,,False,NO_ID,"no cmcId DL protocol, no contract address, no Snapshot space on file — no on-chain identity available to check"
38417,RIVER,River,,,CeDeFi,False,,False,NO_ID,"no cmcId DL protocol, no contract address, no Snapshot space on file — no on-chain identity available to check"
38770,MEGA,MegaETH,,,Dexs,False,,False,NO_ID,"no cmcId DL protocol, no contract address, no Snapshot space on file — no on-chain identity available to check"
38779,syrupUSDC,syrupUSDC,,,,False,,False,NO_ID,"no cmcId DL protocol, no contract address, no Snapshot space on file — no on-chain identity available to check"
38786,syrupUSDT,syrupUSDT,,,,False,,False,NO_ID,"no cmcId DL protocol, no contract address, no Snapshot space on file — no on-chain identity available to check"
38967,RAVE,RaveDAO,,,,False,,False,NO_ID,"no cmcId DL protocol, no contract address, no Snapshot space on file — no on-chain identity available to check"
39042,POWER,Power Protocol,,,Dexs;Reserve Currency;Stablecoin Issuer;Yield,False,,False,NO_ID,"no cmcId DL protocol, no contract address, no Snapshot space on file — no on-chain identity available to check"
39125,LIT,Lighter,,,Algo-Stables;Bridge;Derivatives;Dexs;Yield,False,,False,NO_ID,"no cmcId DL protocol, no contract address, no Snapshot space on file — no on-chain identity available to check"
39379,GWEI,ETHGas,,,,False,,False,NO_ID,"no cmcId DL protocol, no contract address, no Snapshot space on file — no on-chain identity available to check"
39720,EDGE,edgeX,,,Bridge;DEX Aggregator;Derivatives;Dexs;Yield,False,,False,NO_ID,"no cmcId DL protocol, no contract address, no Snapshot space on file — no on-chain identity available to check"
39841,GENIUS,Genius Terminal,,,,False,,False,NO_ID,"no cmcId DL protocol, no contract address, no Snapshot space on file — no on-chain identity available to check"
