cmc_id,symbol,month_end,locked_supply,circulating_supply,staking_ratio,escrow,mechanism,source,flag
11857,GMX,2022-10-31,6573827.594123471,7990696.0,0.8226852321904713,0x908c4d94d34924765f1edc22a1dd098397c59dd4,"single-tracker stake (StakedGmxTracker, Arbitrum)",dune:tokens_arbitrum.transfers cumulative in-out of escrow,
11857,GMX,2022-11-30,6705347.139754402,7990696.0,0.8391443173103322,0x908c4d94d34924765f1edc22a1dd098397c59dd4,"single-tracker stake (StakedGmxTracker, Arbitrum)",dune:tokens_arbitrum.transfers cumulative in-out of escrow,
11857,GMX,2022-12-31,6655840.183423891,8399590.43959459,0.792400561823719,0x908c4d94d34924765f1edc22a1dd098397c59dd4,"single-tracker stake (StakedGmxTracker, Arbitrum)",dune:tokens_arbitrum.transfers cumulative in-out of escrow,
11857,GMX,2023-01-31,6510124.243343201,8431418.57196487,0.7721268002266992,0x908c4d94d34924765f1edc22a1dd098397c59dd4,"single-tracker stake (StakedGmxTracker, Arbitrum)",dune:tokens_arbitrum.transfers cumulative in-out of escrow,
11857,GMX,2023-02-28,6421505.917705608,8507889.37896803,0.7547707347464957,0x908c4d94d34924765f1edc22a1dd098397c59dd4,"single-tracker stake (StakedGmxTracker, Arbitrum)",dune:tokens_arbitrum.transfers cumulative in-out of escrow,
11857,GMX,2023-03-31,6393514.179213539,8694347.75084678,0.735364441638632,0x908c4d94d34924765f1edc22a1dd098397c59dd4,"single-tracker stake (StakedGmxTracker, Arbitrum)",dune:tokens_arbitrum.transfers cumulative in-out of escrow,
11857,GMX,2023-04-30,6424094.3643933255,8677461.57832415,0.7403195400415694,0x908c4d94d34924765f1edc22a1dd098397c59dd4,"single-tracker stake (StakedGmxTracker, Arbitrum)",dune:tokens_arbitrum.transfers cumulative in-out of escrow,
11857,GMX,2023-05-31,6425283.052980882,8757395.79323416,0.7336979171302233,0x908c4d94d34924765f1edc22a1dd098397c59dd4,"single-tracker stake (StakedGmxTracker, Arbitrum)",dune:tokens_arbitrum.transfers cumulative in-out of escrow,
11857,GMX,2023-06-30,6757045.791566487,8839886.8092637,0.7643814833110177,0x908c4d94d34924765f1edc22a1dd098397c59dd4,"single-tracker stake (StakedGmxTracker, Arbitrum)",dune:tokens_arbitrum.transfers cumulative in-out of escrow,
11857,GMX,2023-07-31,6791030.69983564,8919273.58261879,0.7613883167648866,0x908c4d94d34924765f1edc22a1dd098397c59dd4,"single-tracker stake (StakedGmxTracker, Arbitrum)",dune:tokens_arbitrum.transfers cumulative in-out of escrow,
11857,GMX,2023-08-31,6386603.0535659315,8989939.35362642,0.7104167005297607,0x908c4d94d34924765f1edc22a1dd098397c59dd4,"single-tracker stake (StakedGmxTracker, Arbitrum)",dune:tokens_arbitrum.transfers cumulative in-out of escrow,
11857,GMX,2023-09-30,6445530.9718273785,9057006.07013701,0.7116624325868287,0x908c4d94d34924765f1edc22a1dd098397c59dd4,"single-tracker stake (StakedGmxTracker, Arbitrum)",dune:tokens_arbitrum.transfers cumulative in-out of escrow,
11857,GMX,2023-10-31,6543603.72021804,9159096.40873306,0.7144376943099772,0x908c4d94d34924765f1edc22a1dd098397c59dd4,"single-tracker stake (StakedGmxTracker, Arbitrum)",dune:tokens_arbitrum.transfers cumulative in-out of escrow,
11857,GMX,2023-11-30,6457706.769617572,9245220.89215522,0.6984913443330578,0x908c4d94d34924765f1edc22a1dd098397c59dd4,"single-tracker stake (StakedGmxTracker, Arbitrum)",dune:tokens_arbitrum.transfers cumulative in-out of escrow,
11857,GMX,2023-12-31,6308120.903731231,9322964.43433286,0.6766217921523833,0x908c4d94d34924765f1edc22a1dd098397c59dd4,"single-tracker stake (StakedGmxTracker, Arbitrum)",dune:tokens_arbitrum.transfers cumulative in-out of escrow,
11857,GMX,2024-01-31,6271838.19374226,9408816.65973615,0.6665916045087587,0x908c4d94d34924765f1edc22a1dd098397c59dd4,"single-tracker stake (StakedGmxTracker, Arbitrum)",dune:tokens_arbitrum.transfers cumulative in-out of escrow,
11857,GMX,2024-02-29,5886675.985463196,9477600.52790189,0.6211145920460486,0x908c4d94d34924765f1edc22a1dd098397c59dd4,"single-tracker stake (StakedGmxTracker, Arbitrum)",dune:tokens_arbitrum.transfers cumulative in-out of escrow,
11857,GMX,2024-03-31,5446431.56314705,9536586.76363226,0.5711091083360137,0x908c4d94d34924765f1edc22a1dd098397c59dd4,"single-tracker stake (StakedGmxTracker, Arbitrum)",dune:tokens_arbitrum.transfers cumulative in-out of escrow,
11857,GMX,2024-04-30,5384725.767096738,9478086.74342463,0.5681237060667715,0x908c4d94d34924765f1edc22a1dd098397c59dd4,"single-tracker stake (StakedGmxTracker, Arbitrum)",dune:tokens_arbitrum.transfers cumulative in-out of escrow,
11857,GMX,2024-05-31,5520962.074055103,9518162.12123787,0.5800449712593341,0x908c4d94d34924765f1edc22a1dd098397c59dd4,"single-tracker stake (StakedGmxTracker, Arbitrum)",dune:tokens_arbitrum.transfers cumulative in-out of escrow,
11857,GMX,2024-06-30,5447877.01025142,9559842.03590245,0.5698710281813919,0x908c4d94d34924765f1edc22a1dd098397c59dd4,"single-tracker stake (StakedGmxTracker, Arbitrum)",dune:tokens_arbitrum.transfers cumulative in-out of escrow,
11857,GMX,2024-07-31,5603793.118193586,9606557.10799608,0.5833300166954957,0x908c4d94d34924765f1edc22a1dd098397c59dd4,"single-tracker stake (StakedGmxTracker, Arbitrum)",dune:tokens_arbitrum.transfers cumulative in-out of escrow,
11857,GMX,2024-08-31,5711820.731576242,9660256.33602064,0.591270100181329,0x908c4d94d34924765f1edc22a1dd098397c59dd4,"single-tracker stake (StakedGmxTracker, Arbitrum)",dune:tokens_arbitrum.transfers cumulative in-out of escrow,
11857,GMX,2024-09-30,5697679.7193134995,9715059.35914913,0.5864791463108998,0x908c4d94d34924765f1edc22a1dd098397c59dd4,"single-tracker stake (StakedGmxTracker, Arbitrum)",dune:tokens_arbitrum.transfers cumulative in-out of escrow,
11857,GMX,2024-10-31,5733341.421708473,9792230.98706617,0.5854989970397162,0x908c4d94d34924765f1edc22a1dd098397c59dd4,"single-tracker stake (StakedGmxTracker, Arbitrum)",dune:tokens_arbitrum.transfers cumulative in-out of escrow,
11857,GMX,2024-11-30,5970381.586424624,9856839.83948376,0.6057095056479395,0x908c4d94d34924765f1edc22a1dd098397c59dd4,"single-tracker stake (StakedGmxTracker, Arbitrum)",dune:tokens_arbitrum.transfers cumulative in-out of escrow,
11857,GMX,2024-12-31,6024299.265261885,9909927.90557521,0.6079054583104165,0x908c4d94d34924765f1edc22a1dd098397c59dd4,"single-tracker stake (StakedGmxTracker, Arbitrum)",dune:tokens_arbitrum.transfers cumulative in-out of escrow,
11857,GMX,2025-01-31,5823465.818706757,9952910.94717038,0.5851017706897471,0x908c4d94d34924765f1edc22a1dd098397c59dd4,"single-tracker stake (StakedGmxTracker, Arbitrum)",dune:tokens_arbitrum.transfers cumulative in-out of escrow,
11857,GMX,2025-02-28,6069095.754907394,9994403.81555931,0.6072494034570638,0x908c4d94d34924765f1edc22a1dd098397c59dd4,"single-tracker stake (StakedGmxTracker, Arbitrum)",dune:tokens_arbitrum.transfers cumulative in-out of escrow,
11857,GMX,2025-03-31,5892012.93756768,10044120.27124699,0.586613140668434,0x908c4d94d34924765f1edc22a1dd098397c59dd4,"single-tracker stake (StakedGmxTracker, Arbitrum)",dune:tokens_arbitrum.transfers cumulative in-out of escrow,
11857,GMX,2025-04-30,6148882.408497603,10111852.7405271,0.6080866252980144,0x908c4d94d34924765f1edc22a1dd098397c59dd4,"single-tracker stake (StakedGmxTracker, Arbitrum)",dune:tokens_arbitrum.transfers cumulative in-out of escrow,
11857,GMX,2025-05-31,6229886.814368654,10160169.41736201,0.6131676115284881,0x908c4d94d34924765f1edc22a1dd098397c59dd4,"single-tracker stake (StakedGmxTracker, Arbitrum)",dune:tokens_arbitrum.transfers cumulative in-out of escrow,
11857,GMX,2025-06-30,6349173.725367097,10195246.31566541,0.622758247205007,0x908c4d94d34924765f1edc22a1dd098397c59dd4,"single-tracker stake (StakedGmxTracker, Arbitrum)",dune:tokens_arbitrum.transfers cumulative in-out of escrow,
11857,GMX,2025-07-31,6241283.104746475,10236261.39893708,0.6097229116671993,0x908c4d94d34924765f1edc22a1dd098397c59dd4,"single-tracker stake (StakedGmxTracker, Arbitrum)",dune:tokens_arbitrum.transfers cumulative in-out of escrow,
11857,GMX,2025-08-31,6333948.488221774,10285604.99845825,0.6158070905086472,0x908c4d94d34924765f1edc22a1dd098397c59dd4,"single-tracker stake (StakedGmxTracker, Arbitrum)",dune:tokens_arbitrum.transfers cumulative in-out of escrow,
11857,GMX,2025-09-30,6230110.484339226,10325572.81684865,0.6033670571935056,0x908c4d94d34924765f1edc22a1dd098397c59dd4,"single-tracker stake (StakedGmxTracker, Arbitrum)",dune:tokens_arbitrum.transfers cumulative in-out of escrow,
11857,GMX,2025-10-31,6257596.555083105,10343584.3362595,0.6049737065658237,0x908c4d94d34924765f1edc22a1dd098397c59dd4,"single-tracker stake (StakedGmxTracker, Arbitrum)",dune:tokens_arbitrum.transfers cumulative in-out of escrow,
11857,GMX,2025-11-30,6481845.22511643,10353443.49090138,0.6260569472188343,0x908c4d94d34924765f1edc22a1dd098397c59dd4,"single-tracker stake (StakedGmxTracker, Arbitrum)",dune:tokens_arbitrum.transfers cumulative in-out of escrow,
11857,GMX,2025-12-31,6441296.167381376,10367443.43586558,0.6213003434480365,0x908c4d94d34924765f1edc22a1dd098397c59dd4,"single-tracker stake (StakedGmxTracker, Arbitrum)",dune:tokens_arbitrum.transfers cumulative in-out of escrow,
11857,GMX,2026-01-31,6451174.505959512,10384671.62200638,0.6212208474930193,0x908c4d94d34924765f1edc22a1dd098397c59dd4,"single-tracker stake (StakedGmxTracker, Arbitrum)",dune:tokens_arbitrum.transfers cumulative in-out of escrow,
11857,GMX,2026-02-28,6642190.099316608,10403407.70554968,0.6384629236219728,0x908c4d94d34924765f1edc22a1dd098397c59dd4,"single-tracker stake (StakedGmxTracker, Arbitrum)",dune:tokens_arbitrum.transfers cumulative in-out of escrow,
11857,GMX,2026-03-31,6437964.833504211,10381423.35990804,0.6201427887400248,0x908c4d94d34924765f1edc22a1dd098397c59dd4,"single-tracker stake (StakedGmxTracker, Arbitrum)",dune:tokens_arbitrum.transfers cumulative in-out of escrow,
11857,GMX,2026-04-30,6267901.971126044,10395512.63001032,0.6029430384252077,0x908c4d94d34924765f1edc22a1dd098397c59dd4,"single-tracker stake (StakedGmxTracker, Arbitrum)",dune:tokens_arbitrum.transfers cumulative in-out of escrow,
11857,GMX,2026-05-31,6172105.093676793,10409559.63232958,0.5929266281839363,0x908c4d94d34924765f1edc22a1dd098397c59dd4,"single-tracker stake (StakedGmxTracker, Arbitrum)",dune:tokens_arbitrum.transfers cumulative in-out of escrow,
29270,AERO,2024-04-30,582009339.0576336,423243016.6666741,1.3751185870504186,0xebf418fe2512e7e6bd9b87a8f0f294acdc67e6b4,"vote-escrow (veAERO VotingEscrow, Base)",dune:tokens_base.transfers cumulative in-out of escrow,"staking_ratio>1 in many months: CMC circulating_supply excludes veAERO-locked AERO, so locked/circulating exceeds 1 (vs total supply it is ~50%); kept un-capped & flagged, z-score uses relative rank not level"
29270,AERO,2024-05-31,594432813.4858831,479610559.6833026,1.2394072680101127,0xebf418fe2512e7e6bd9b87a8f0f294acdc67e6b4,"vote-escrow (veAERO VotingEscrow, Base)",dune:tokens_base.transfers cumulative in-out of escrow,"staking_ratio>1 in many months: CMC circulating_supply excludes veAERO-locked AERO, so locked/circulating exceeds 1 (vs total supply it is ~50%); kept un-capped & flagged, z-score uses relative rank not level"
29270,AERO,2024-06-30,610031482.6241405,517159844.9421078,1.179580140628337,0xebf418fe2512e7e6bd9b87a8f0f294acdc67e6b4,"vote-escrow (veAERO VotingEscrow, Base)",dune:tokens_base.transfers cumulative in-out of escrow,"staking_ratio>1 in many months: CMC circulating_supply excludes veAERO-locked AERO, so locked/circulating exceeds 1 (vs total supply it is ~50%); kept un-capped & flagged, z-score uses relative rank not level"
29270,AERO,2024-07-31,627402489.9760752,551629815.6337773,1.1373614554449734,0xebf418fe2512e7e6bd9b87a8f0f294acdc67e6b4,"vote-escrow (veAERO VotingEscrow, Base)",dune:tokens_base.transfers cumulative in-out of escrow,"staking_ratio>1 in many months: CMC circulating_supply excludes veAERO-locked AERO, so locked/circulating exceeds 1 (vs total supply it is ~50%); kept un-capped & flagged, z-score uses relative rank not level"
29270,AERO,2024-08-31,642693020.8973941,597065050.0535594,1.0764204349923707,0xebf418fe2512e7e6bd9b87a8f0f294acdc67e6b4,"vote-escrow (veAERO VotingEscrow, Base)",dune:tokens_base.transfers cumulative in-out of escrow,"staking_ratio>1 in many months: CMC circulating_supply excludes veAERO-locked AERO, so locked/circulating exceeds 1 (vs total supply it is ~50%); kept un-capped & flagged, z-score uses relative rank not level"
29270,AERO,2024-09-30,652730716.9951378,634179189.7973084,1.0292528160751517,0xebf418fe2512e7e6bd9b87a8f0f294acdc67e6b4,"vote-escrow (veAERO VotingEscrow, Base)",dune:tokens_base.transfers cumulative in-out of escrow,"staking_ratio>1 in many months: CMC circulating_supply excludes veAERO-locked AERO, so locked/circulating exceeds 1 (vs total supply it is ~50%); kept un-capped & flagged, z-score uses relative rank not level"
29270,AERO,2024-10-31,665233195.5883688,678237457.4293085,0.9808263880172157,0xebf418fe2512e7e6bd9b87a8f0f294acdc67e6b4,"vote-escrow (veAERO VotingEscrow, Base)",dune:tokens_base.transfers cumulative in-out of escrow,"staking_ratio>1 in many months: CMC circulating_supply excludes veAERO-locked AERO, so locked/circulating exceeds 1 (vs total supply it is ~50%); kept un-capped & flagged, z-score uses relative rank not level"
29270,AERO,2024-11-30,683530501.0077497,703262768.1203258,0.9719418288482464,0xebf418fe2512e7e6bd9b87a8f0f294acdc67e6b4,"vote-escrow (veAERO VotingEscrow, Base)",dune:tokens_base.transfers cumulative in-out of escrow,"staking_ratio>1 in many months: CMC circulating_supply excludes veAERO-locked AERO, so locked/circulating exceeds 1 (vs total supply it is ~50%); kept un-capped & flagged, z-score uses relative rank not level"
29270,AERO,2024-12-31,704129813.5424373,725931501.38607,0.9699672933300107,0xebf418fe2512e7e6bd9b87a8f0f294acdc67e6b4,"vote-escrow (veAERO VotingEscrow, Base)",dune:tokens_base.transfers cumulative in-out of escrow,"staking_ratio>1 in many months: CMC circulating_supply excludes veAERO-locked AERO, so locked/circulating exceeds 1 (vs total supply it is ~50%); kept un-capped & flagged, z-score uses relative rank not level"
29270,AERO,2025-01-31,723651967.6999696,758706357.6853359,0.9537971579778107,0xebf418fe2512e7e6bd9b87a8f0f294acdc67e6b4,"vote-escrow (veAERO VotingEscrow, Base)",dune:tokens_base.transfers cumulative in-out of escrow,"staking_ratio>1 in many months: CMC circulating_supply excludes veAERO-locked AERO, so locked/circulating exceeds 1 (vs total supply it is ~50%); kept un-capped & flagged, z-score uses relative rank not level"
29270,AERO,2025-02-28,734641789.3653322,787809033.9436995,0.9325125223403229,0xebf418fe2512e7e6bd9b87a8f0f294acdc67e6b4,"vote-escrow (veAERO VotingEscrow, Base)",dune:tokens_base.transfers cumulative in-out of escrow,"staking_ratio>1 in many months: CMC circulating_supply excludes veAERO-locked AERO, so locked/circulating exceeds 1 (vs total supply it is ~50%); kept un-capped & flagged, z-score uses relative rank not level"
29270,AERO,2025-03-31,759424589.1531758,801362668.7697017,0.947666541940478,0xebf418fe2512e7e6bd9b87a8f0f294acdc67e6b4,"vote-escrow (veAERO VotingEscrow, Base)",dune:tokens_base.transfers cumulative in-out of escrow,"staking_ratio>1 in many months: CMC circulating_supply excludes veAERO-locked AERO, so locked/circulating exceeds 1 (vs total supply it is ~50%); kept un-capped & flagged, z-score uses relative rank not level"
29270,AERO,2025-04-30,796668682.7141103,800366985.337293,0.995379241409334,0xebf418fe2512e7e6bd9b87a8f0f294acdc67e6b4,"vote-escrow (veAERO VotingEscrow, Base)",dune:tokens_base.transfers cumulative in-out of escrow,"staking_ratio>1 in many months: CMC circulating_supply excludes veAERO-locked AERO, so locked/circulating exceeds 1 (vs total supply it is ~50%); kept un-capped & flagged, z-score uses relative rank not level"
29270,AERO,2025-05-31,812906777.9074149,826285161.8087736,0.9838089989755197,0xebf418fe2512e7e6bd9b87a8f0f294acdc67e6b4,"vote-escrow (veAERO VotingEscrow, Base)",dune:tokens_base.transfers cumulative in-out of escrow,"staking_ratio>1 in many months: CMC circulating_supply excludes veAERO-locked AERO, so locked/circulating exceeds 1 (vs total supply it is ~50%); kept un-capped & flagged, z-score uses relative rank not level"
29270,AERO,2025-06-30,824421692.1606959,845912210.139536,0.9745948601743257,0xebf418fe2512e7e6bd9b87a8f0f294acdc67e6b4,"vote-escrow (veAERO VotingEscrow, Base)",dune:tokens_base.transfers cumulative in-out of escrow,"staking_ratio>1 in many months: CMC circulating_supply excludes veAERO-locked AERO, so locked/circulating exceeds 1 (vs total supply it is ~50%); kept un-capped & flagged, z-score uses relative rank not level"
29270,AERO,2025-07-31,836908153.7276028,868911780.782434,0.9631681515170474,0xebf418fe2512e7e6bd9b87a8f0f294acdc67e6b4,"vote-escrow (veAERO VotingEscrow, Base)",dune:tokens_base.transfers cumulative in-out of escrow,"staking_ratio>1 in many months: CMC circulating_supply excludes veAERO-locked AERO, so locked/circulating exceeds 1 (vs total supply it is ~50%); kept un-capped & flagged, z-score uses relative rank not level"
29270,AERO,2025-08-31,840319263.2546115,890942135.4299619,0.9431805162622372,0xebf418fe2512e7e6bd9b87a8f0f294acdc67e6b4,"vote-escrow (veAERO VotingEscrow, Base)",dune:tokens_base.transfers cumulative in-out of escrow,"staking_ratio>1 in many months: CMC circulating_supply excludes veAERO-locked AERO, so locked/circulating exceeds 1 (vs total supply it is ~50%); kept un-capped & flagged, z-score uses relative rank not level"
29270,AERO,2025-09-30,855892362.0131749,898369490.340556,0.952717530165368,0xebf418fe2512e7e6bd9b87a8f0f294acdc67e6b4,"vote-escrow (veAERO VotingEscrow, Base)",dune:tokens_base.transfers cumulative in-out of escrow,"staking_ratio>1 in many months: CMC circulating_supply excludes veAERO-locked AERO, so locked/circulating exceeds 1 (vs total supply it is ~50%); kept un-capped & flagged, z-score uses relative rank not level"
29270,AERO,2025-10-31,873422800.7557158,902907974.4017736,0.9673442095075157,0xebf418fe2512e7e6bd9b87a8f0f294acdc67e6b4,"vote-escrow (veAERO VotingEscrow, Base)",dune:tokens_base.transfers cumulative in-out of escrow,"staking_ratio>1 in many months: CMC circulating_supply excludes veAERO-locked AERO, so locked/circulating exceeds 1 (vs total supply it is ~50%); kept un-capped & flagged, z-score uses relative rank not level"
29270,AERO,2025-11-30,890375314.2701645,902694420.7065296,0.986352960477231,0xebf418fe2512e7e6bd9b87a8f0f294acdc67e6b4,"vote-escrow (veAERO VotingEscrow, Base)",dune:tokens_base.transfers cumulative in-out of escrow,"staking_ratio>1 in many months: CMC circulating_supply excludes veAERO-locked AERO, so locked/circulating exceeds 1 (vs total supply it is ~50%); kept un-capped & flagged, z-score uses relative rank not level"
29270,AERO,2025-12-31,902093034.8511198,912021669.317042,0.9891135980646631,0xebf418fe2512e7e6bd9b87a8f0f294acdc67e6b4,"vote-escrow (veAERO VotingEscrow, Base)",dune:tokens_base.transfers cumulative in-out of escrow,"staking_ratio>1 in many months: CMC circulating_supply excludes veAERO-locked AERO, so locked/circulating exceeds 1 (vs total supply it is ~50%); kept un-capped & flagged, z-score uses relative rank not level"
29270,AERO,2026-01-31,914459833.7483324,916721656.6297235,0.9975327048673568,0xebf418fe2512e7e6bd9b87a8f0f294acdc67e6b4,"vote-escrow (veAERO VotingEscrow, Base)",dune:tokens_base.transfers cumulative in-out of escrow,"staking_ratio>1 in many months: CMC circulating_supply excludes veAERO-locked AERO, so locked/circulating exceeds 1 (vs total supply it is ~50%); kept un-capped & flagged, z-score uses relative rank not level"
29270,AERO,2026-02-28,926303574.939156,922065025.3909768,1.0045968011273196,0xebf418fe2512e7e6bd9b87a8f0f294acdc67e6b4,"vote-escrow (veAERO VotingEscrow, Base)",dune:tokens_base.transfers cumulative in-out of escrow,"staking_ratio>1 in many months: CMC circulating_supply excludes veAERO-locked AERO, so locked/circulating exceeds 1 (vs total supply it is ~50%); kept un-capped & flagged, z-score uses relative rank not level"
29270,AERO,2026-03-31,939481243.4592358,927079083.6109036,1.0133776719457706,0xebf418fe2512e7e6bd9b87a8f0f294acdc67e6b4,"vote-escrow (veAERO VotingEscrow, Base)",dune:tokens_base.transfers cumulative in-out of escrow,"staking_ratio>1 in many months: CMC circulating_supply excludes veAERO-locked AERO, so locked/circulating exceeds 1 (vs total supply it is ~50%); kept un-capped & flagged, z-score uses relative rank not level"
29270,AERO,2026-04-30,959269560.4306633,930163398.3700974,1.0312914506328328,0xebf418fe2512e7e6bd9b87a8f0f294acdc67e6b4,"vote-escrow (veAERO VotingEscrow, Base)",dune:tokens_base.transfers cumulative in-out of escrow,"staking_ratio>1 in many months: CMC circulating_supply excludes veAERO-locked AERO, so locked/circulating exceeds 1 (vs total supply it is ~50%); kept un-capped & flagged, z-score uses relative rank not level"
29270,AERO,2026-05-31,963502626.9172617,944288561.8938944,1.0203476625670769,0xebf418fe2512e7e6bd9b87a8f0f294acdc67e6b4,"vote-escrow (veAERO VotingEscrow, Base)",dune:tokens_base.transfers cumulative in-out of escrow,"staking_ratio>1 in many months: CMC circulating_supply excludes veAERO-locked AERO, so locked/circulating exceeds 1 (vs total supply it is ~50%); kept un-capped & flagged, z-score uses relative rank not level"
7186,CAKE,2020-12-31,,84637855.80149187,,0x5692db8177a81a6c6afc8084c2976c9933ec1bab,"vote-escrow (veCAKE, BNB Chain)",dune:tokens_bnb.transfers cumulative in-out of escrow (since 2023-10-01),"veCAKE adoption fell post-2024 -> small lock share (~1.5%); clean single-contract lock kept, flagged like RPL"
7186,CAKE,2021-01-31,,105484761.55622624,,0x5692db8177a81a6c6afc8084c2976c9933ec1bab,"vote-escrow (veCAKE, BNB Chain)",dune:tokens_bnb.transfers cumulative in-out of escrow (since 2023-10-01),"veCAKE adoption fell post-2024 -> small lock share (~1.5%); clean single-contract lock kept, flagged like RPL"
7186,CAKE,2021-02-28,,125814399.63935564,,0x5692db8177a81a6c6afc8084c2976c9933ec1bab,"vote-escrow (veCAKE, BNB Chain)",dune:tokens_bnb.transfers cumulative in-out of escrow (since 2023-10-01),"veCAKE adoption fell post-2024 -> small lock share (~1.5%); clean single-contract lock kept, flagged like RPL"
7186,CAKE,2021-03-31,,144578552.54861295,,0x5692db8177a81a6c6afc8084c2976c9933ec1bab,"vote-escrow (veCAKE, BNB Chain)",dune:tokens_bnb.transfers cumulative in-out of escrow (since 2023-10-01),"veCAKE adoption fell post-2024 -> small lock share (~1.5%); clean single-contract lock kept, flagged like RPL"
7186,CAKE,2021-04-30,,160193129.0036479,,0x5692db8177a81a6c6afc8084c2976c9933ec1bab,"vote-escrow (veCAKE, BNB Chain)",dune:tokens_bnb.transfers cumulative in-out of escrow (since 2023-10-01),"veCAKE adoption fell post-2024 -> small lock share (~1.5%); clean single-contract lock kept, flagged like RPL"
7186,CAKE,2021-05-31,,164900128.85893455,,0x5692db8177a81a6c6afc8084c2976c9933ec1bab,"vote-escrow (veCAKE, BNB Chain)",dune:tokens_bnb.transfers cumulative in-out of escrow (since 2023-10-01),"veCAKE adoption fell post-2024 -> small lock share (~1.5%); clean single-contract lock kept, flagged like RPL"
7186,CAKE,2021-06-30,,188818190.02172568,,0x5692db8177a81a6c6afc8084c2976c9933ec1bab,"vote-escrow (veCAKE, BNB Chain)",dune:tokens_bnb.transfers cumulative in-out of escrow (since 2023-10-01),"veCAKE adoption fell post-2024 -> small lock share (~1.5%); clean single-contract lock kept, flagged like RPL"
7186,CAKE,2021-07-31,,203287107.28427568,,0x5692db8177a81a6c6afc8084c2976c9933ec1bab,"vote-escrow (veCAKE, BNB Chain)",dune:tokens_bnb.transfers cumulative in-out of escrow (since 2023-10-01),"veCAKE adoption fell post-2024 -> small lock share (~1.5%); clean single-contract lock kept, flagged like RPL"
7186,CAKE,2021-08-31,,216211497.0971836,,0x5692db8177a81a6c6afc8084c2976c9933ec1bab,"vote-escrow (veCAKE, BNB Chain)",dune:tokens_bnb.transfers cumulative in-out of escrow (since 2023-10-01),"veCAKE adoption fell post-2024 -> small lock share (~1.5%); clean single-contract lock kept, flagged like RPL"
7186,CAKE,2021-09-30,,226995585.76385772,,0x5692db8177a81a6c6afc8084c2976c9933ec1bab,"vote-escrow (veCAKE, BNB Chain)",dune:tokens_bnb.transfers cumulative in-out of escrow (since 2023-10-01),"veCAKE adoption fell post-2024 -> small lock share (~1.5%); clean single-contract lock kept, flagged like RPL"
7186,CAKE,2021-10-31,,237692846.03286028,,0x5692db8177a81a6c6afc8084c2976c9933ec1bab,"vote-escrow (veCAKE, BNB Chain)",dune:tokens_bnb.transfers cumulative in-out of escrow (since 2023-10-01),"veCAKE adoption fell post-2024 -> small lock share (~1.5%); clean single-contract lock kept, flagged like RPL"
7186,CAKE,2021-11-30,,245319017.00452787,,0x5692db8177a81a6c6afc8084c2976c9933ec1bab,"vote-escrow (veCAKE, BNB Chain)",dune:tokens_bnb.transfers cumulative in-out of escrow (since 2023-10-01),"veCAKE adoption fell post-2024 -> small lock share (~1.5%); clean single-contract lock kept, flagged like RPL"
7186,CAKE,2021-12-31,,252043050.495,,0x5692db8177a81a6c6afc8084c2976c9933ec1bab,"vote-escrow (veCAKE, BNB Chain)",dune:tokens_bnb.transfers cumulative in-out of escrow (since 2023-10-01),"veCAKE adoption fell post-2024 -> small lock share (~1.5%); clean single-contract lock kept, flagged like RPL"
7186,CAKE,2022-01-31,,263400949.8211825,,0x5692db8177a81a6c6afc8084c2976c9933ec1bab,"vote-escrow (veCAKE, BNB Chain)",dune:tokens_bnb.transfers cumulative in-out of escrow (since 2023-10-01),"veCAKE adoption fell post-2024 -> small lock share (~1.5%); clean single-contract lock kept, flagged like RPL"
7186,CAKE,2022-02-28,,271929294.8854782,,0x5692db8177a81a6c6afc8084c2976c9933ec1bab,"vote-escrow (veCAKE, BNB Chain)",dune:tokens_bnb.transfers cumulative in-out of escrow (since 2023-10-01),"veCAKE adoption fell post-2024 -> small lock share (~1.5%); clean single-contract lock kept, flagged like RPL"
7186,CAKE,2022-03-31,,279825473.7763343,,0x5692db8177a81a6c6afc8084c2976c9933ec1bab,"vote-escrow (veCAKE, BNB Chain)",dune:tokens_bnb.transfers cumulative in-out of escrow (since 2023-10-01),"veCAKE adoption fell post-2024 -> small lock share (~1.5%); clean single-contract lock kept, flagged like RPL"
7186,CAKE,2022-04-30,,289924847.8757874,,0x5692db8177a81a6c6afc8084c2976c9933ec1bab,"vote-escrow (veCAKE, BNB Chain)",dune:tokens_bnb.transfers cumulative in-out of escrow (since 2023-10-01),"veCAKE adoption fell post-2024 -> small lock share (~1.5%); clean single-contract lock kept, flagged like RPL"
7186,CAKE,2022-05-31,,166277672.31464195,,0x5692db8177a81a6c6afc8084c2976c9933ec1bab,"vote-escrow (veCAKE, BNB Chain)",dune:tokens_bnb.transfers cumulative in-out of escrow (since 2023-10-01),"veCAKE adoption fell post-2024 -> small lock share (~1.5%); clean single-contract lock kept, flagged like RPL"
7186,CAKE,2022-06-30,,143668003.2398394,,0x5692db8177a81a6c6afc8084c2976c9933ec1bab,"vote-escrow (veCAKE, BNB Chain)",dune:tokens_bnb.transfers cumulative in-out of escrow (since 2023-10-01),"veCAKE adoption fell post-2024 -> small lock share (~1.5%); clean single-contract lock kept, flagged like RPL"
7186,CAKE,2022-07-31,,146570640.54151592,,0x5692db8177a81a6c6afc8084c2976c9933ec1bab,"vote-escrow (veCAKE, BNB Chain)",dune:tokens_bnb.transfers cumulative in-out of escrow (since 2023-10-01),"veCAKE adoption fell post-2024 -> small lock share (~1.5%); clean single-contract lock kept, flagged like RPL"
7186,CAKE,2022-08-31,,137672103.49026155,,0x5692db8177a81a6c6afc8084c2976c9933ec1bab,"vote-escrow (veCAKE, BNB Chain)",dune:tokens_bnb.transfers cumulative in-out of escrow (since 2023-10-01),"veCAKE adoption fell post-2024 -> small lock share (~1.5%); clean single-contract lock kept, flagged like RPL"
7186,CAKE,2022-09-30,,143452355.84435916,,0x5692db8177a81a6c6afc8084c2976c9933ec1bab,"vote-escrow (veCAKE, BNB Chain)",dune:tokens_bnb.transfers cumulative in-out of escrow (since 2023-10-01),"veCAKE adoption fell post-2024 -> small lock share (~1.5%); clean single-contract lock kept, flagged like RPL"
7186,CAKE,2022-10-31,,144024289.57821444,,0x5692db8177a81a6c6afc8084c2976c9933ec1bab,"vote-escrow (veCAKE, BNB Chain)",dune:tokens_bnb.transfers cumulative in-out of escrow (since 2023-10-01),"veCAKE adoption fell post-2024 -> small lock share (~1.5%); clean single-contract lock kept, flagged like RPL"
7186,CAKE,2022-11-30,,157061220.5622447,,0x5692db8177a81a6c6afc8084c2976c9933ec1bab,"vote-escrow (veCAKE, BNB Chain)",dune:tokens_bnb.transfers cumulative in-out of escrow (since 2023-10-01),"veCAKE adoption fell post-2024 -> small lock share (~1.5%); clean single-contract lock kept, flagged like RPL"
7186,CAKE,2022-12-31,,165840835.00945082,,0x5692db8177a81a6c6afc8084c2976c9933ec1bab,"vote-escrow (veCAKE, BNB Chain)",dune:tokens_bnb.transfers cumulative in-out of escrow (since 2023-10-01),"veCAKE adoption fell post-2024 -> small lock share (~1.5%); clean single-contract lock kept, flagged like RPL"
7186,CAKE,2023-01-31,,165380445.65264195,,0x5692db8177a81a6c6afc8084c2976c9933ec1bab,"vote-escrow (veCAKE, BNB Chain)",dune:tokens_bnb.transfers cumulative in-out of escrow (since 2023-10-01),"veCAKE adoption fell post-2024 -> small lock share (~1.5%); clean single-contract lock kept, flagged like RPL"
7186,CAKE,2023-02-28,,188983379.5984249,,0x5692db8177a81a6c6afc8084c2976c9933ec1bab,"vote-escrow (veCAKE, BNB Chain)",dune:tokens_bnb.transfers cumulative in-out of escrow (since 2023-10-01),"veCAKE adoption fell post-2024 -> small lock share (~1.5%); clean single-contract lock kept, flagged like RPL"
7186,CAKE,2023-03-31,,197531105.8897285,,0x5692db8177a81a6c6afc8084c2976c9933ec1bab,"vote-escrow (veCAKE, BNB Chain)",dune:tokens_bnb.transfers cumulative in-out of escrow (since 2023-10-01),"veCAKE adoption fell post-2024 -> small lock share (~1.5%); clean single-contract lock kept, flagged like RPL"
7186,CAKE,2023-04-30,,198847567.97859967,,0x5692db8177a81a6c6afc8084c2976c9933ec1bab,"vote-escrow (veCAKE, BNB Chain)",dune:tokens_bnb.transfers cumulative in-out of escrow (since 2023-10-01),"veCAKE adoption fell post-2024 -> small lock share (~1.5%); clean single-contract lock kept, flagged like RPL"
7186,CAKE,2023-05-31,,201302655.977967,,0x5692db8177a81a6c6afc8084c2976c9933ec1bab,"vote-escrow (veCAKE, BNB Chain)",dune:tokens_bnb.transfers cumulative in-out of escrow (since 2023-10-01),"veCAKE adoption fell post-2024 -> small lock share (~1.5%); clean single-contract lock kept, flagged like RPL"
7186,CAKE,2023-06-30,,210241364.97048,,0x5692db8177a81a6c6afc8084c2976c9933ec1bab,"vote-escrow (veCAKE, BNB Chain)",dune:tokens_bnb.transfers cumulative in-out of escrow (since 2023-10-01),"veCAKE adoption fell post-2024 -> small lock share (~1.5%); clean single-contract lock kept, flagged like RPL"
7186,CAKE,2023-07-31,,212882417.7583812,,0x5692db8177a81a6c6afc8084c2976c9933ec1bab,"vote-escrow (veCAKE, BNB Chain)",dune:tokens_bnb.transfers cumulative in-out of escrow (since 2023-10-01),"veCAKE adoption fell post-2024 -> small lock share (~1.5%); clean single-contract lock kept, flagged like RPL"
7186,CAKE,2023-08-31,,208630465.58559012,,0x5692db8177a81a6c6afc8084c2976c9933ec1bab,"vote-escrow (veCAKE, BNB Chain)",dune:tokens_bnb.transfers cumulative in-out of escrow (since 2023-10-01),"veCAKE adoption fell post-2024 -> small lock share (~1.5%); clean single-contract lock kept, flagged like RPL"
7186,CAKE,2023-09-30,,227047368.2101848,,0x5692db8177a81a6c6afc8084c2976c9933ec1bab,"vote-escrow (veCAKE, BNB Chain)",dune:tokens_bnb.transfers cumulative in-out of escrow (since 2023-10-01),"veCAKE adoption fell post-2024 -> small lock share (~1.5%); clean single-contract lock kept, flagged like RPL"
7186,CAKE,2023-10-31,,226209229.3124748,,0x5692db8177a81a6c6afc8084c2976c9933ec1bab,"vote-escrow (veCAKE, BNB Chain)",dune:tokens_bnb.transfers cumulative in-out of escrow (since 2023-10-01),"veCAKE adoption fell post-2024 -> small lock share (~1.5%); clean single-contract lock kept, flagged like RPL"
7186,CAKE,2023-11-30,8709032.891124161,234010423.4722609,0.03721643148155113,0x5692db8177a81a6c6afc8084c2976c9933ec1bab,"vote-escrow (veCAKE, BNB Chain)",dune:tokens_bnb.transfers cumulative in-out of escrow (since 2023-10-01),"veCAKE adoption fell post-2024 -> small lock share (~1.5%); clean single-contract lock kept, flagged like RPL"
7186,CAKE,2023-12-31,24880572.20644866,243671593.1156675,0.10210698706532526,0x5692db8177a81a6c6afc8084c2976c9933ec1bab,"vote-escrow (veCAKE, BNB Chain)",dune:tokens_bnb.transfers cumulative in-out of escrow (since 2023-10-01),"veCAKE adoption fell post-2024 -> small lock share (~1.5%); clean single-contract lock kept, flagged like RPL"
7186,CAKE,2024-01-31,27197451.551004022,247892107.09644204,0.10971487502997784,0x5692db8177a81a6c6afc8084c2976c9933ec1bab,"vote-escrow (veCAKE, BNB Chain)",dune:tokens_bnb.transfers cumulative in-out of escrow (since 2023-10-01),"veCAKE adoption fell post-2024 -> small lock share (~1.5%); clean single-contract lock kept, flagged like RPL"
7186,CAKE,2024-02-29,45961924.00994013,235792190.1272264,0.19492555705572967,0x5692db8177a81a6c6afc8084c2976c9933ec1bab,"vote-escrow (veCAKE, BNB Chain)",dune:tokens_bnb.transfers cumulative in-out of escrow (since 2023-10-01),"veCAKE adoption fell post-2024 -> small lock share (~1.5%); clean single-contract lock kept, flagged like RPL"
7186,CAKE,2024-03-31,61405384.620872654,250450524.65455315,0.24517970048403456,0x5692db8177a81a6c6afc8084c2976c9933ec1bab,"vote-escrow (veCAKE, BNB Chain)",dune:tokens_bnb.transfers cumulative in-out of escrow (since 2023-10-01),"veCAKE adoption fell post-2024 -> small lock share (~1.5%); clean single-contract lock kept, flagged like RPL"
7186,CAKE,2024-04-30,63692599.702404134,257590169.74975905,0.2472633166253182,0x5692db8177a81a6c6afc8084c2976c9933ec1bab,"vote-escrow (veCAKE, BNB Chain)",dune:tokens_bnb.transfers cumulative in-out of escrow (since 2023-10-01),"veCAKE adoption fell post-2024 -> small lock share (~1.5%); clean single-contract lock kept, flagged like RPL"
7186,CAKE,2024-05-31,66316838.92354305,265257338.10979497,0.2500094413828931,0x5692db8177a81a6c6afc8084c2976c9933ec1bab,"vote-escrow (veCAKE, BNB Chain)",dune:tokens_bnb.transfers cumulative in-out of escrow (since 2023-10-01),"veCAKE adoption fell post-2024 -> small lock share (~1.5%); clean single-contract lock kept, flagged like RPL"
7186,CAKE,2024-06-30,69024033.78128044,267051465.35716665,0.2584671598373916,0x5692db8177a81a6c6afc8084c2976c9933ec1bab,"vote-escrow (veCAKE, BNB Chain)",dune:tokens_bnb.transfers cumulative in-out of escrow (since 2023-10-01),"veCAKE adoption fell post-2024 -> small lock share (~1.5%); clean single-contract lock kept, flagged like RPL"
7186,CAKE,2024-07-31,70280380.64010003,232841691.30026937,0.3018376144221846,0x5692db8177a81a6c6afc8084c2976c9933ec1bab,"vote-escrow (veCAKE, BNB Chain)",dune:tokens_bnb.transfers cumulative in-out of escrow (since 2023-10-01),"veCAKE adoption fell post-2024 -> small lock share (~1.5%); clean single-contract lock kept, flagged like RPL"
7186,CAKE,2024-08-31,73130411.52346683,269783200.69753444,0.27107103531422805,0x5692db8177a81a6c6afc8084c2976c9933ec1bab,"vote-escrow (veCAKE, BNB Chain)",dune:tokens_bnb.transfers cumulative in-out of escrow (since 2023-10-01),"veCAKE adoption fell post-2024 -> small lock share (~1.5%); clean single-contract lock kept, flagged like RPL"
7186,CAKE,2024-09-30,73962905.2530689,272376313.7863846,0.27154675905877584,0x5692db8177a81a6c6afc8084c2976c9933ec1bab,"vote-escrow (veCAKE, BNB Chain)",dune:tokens_bnb.transfers cumulative in-out of escrow (since 2023-10-01),"veCAKE adoption fell post-2024 -> small lock share (~1.5%); clean single-contract lock kept, flagged like RPL"
7186,CAKE,2024-10-31,73575853.88937247,276352613.9186737,0.2662390373156546,0x5692db8177a81a6c6afc8084c2976c9933ec1bab,"vote-escrow (veCAKE, BNB Chain)",dune:tokens_bnb.transfers cumulative in-out of escrow (since 2023-10-01),"veCAKE adoption fell post-2024 -> small lock share (~1.5%); clean single-contract lock kept, flagged like RPL"
7186,CAKE,2024-11-30,72405766.4175377,285911170.6387145,0.2532456715692011,0x5692db8177a81a6c6afc8084c2976c9933ec1bab,"vote-escrow (veCAKE, BNB Chain)",dune:tokens_bnb.transfers cumulative in-out of escrow (since 2023-10-01),"veCAKE adoption fell post-2024 -> small lock share (~1.5%); clean single-contract lock kept, flagged like RPL"
7186,CAKE,2024-12-31,68089379.17793334,291227588.3185267,0.23380126715007987,0x5692db8177a81a6c6afc8084c2976c9933ec1bab,"vote-escrow (veCAKE, BNB Chain)",dune:tokens_bnb.transfers cumulative in-out of escrow (since 2023-10-01),"veCAKE adoption fell post-2024 -> small lock share (~1.5%); clean single-contract lock kept, flagged like RPL"
7186,CAKE,2025-01-31,69107058.14172539,295558503.441468,0.2338185412940124,0x5692db8177a81a6c6afc8084c2976c9933ec1bab,"vote-escrow (veCAKE, BNB Chain)",dune:tokens_bnb.transfers cumulative in-out of escrow (since 2023-10-01),"veCAKE adoption fell post-2024 -> small lock share (~1.5%); clean single-contract lock kept, flagged like RPL"
7186,CAKE,2025-02-28,67707641.81775731,290092093.8601325,0.2334005071175861,0x5692db8177a81a6c6afc8084c2976c9933ec1bab,"vote-escrow (veCAKE, BNB Chain)",dune:tokens_bnb.transfers cumulative in-out of escrow (since 2023-10-01),"veCAKE adoption fell post-2024 -> small lock share (~1.5%); clean single-contract lock kept, flagged like RPL"
7186,CAKE,2025-03-31,59507451.03739692,295574805.5468773,0.20132788695333917,0x5692db8177a81a6c6afc8084c2976c9933ec1bab,"vote-escrow (veCAKE, BNB Chain)",dune:tokens_bnb.transfers cumulative in-out of escrow (since 2023-10-01),"veCAKE adoption fell post-2024 -> small lock share (~1.5%); clean single-contract lock kept, flagged like RPL"
7186,CAKE,2025-04-30,47130681.20211425,317409908.3242329,0.1484852235739612,0x5692db8177a81a6c6afc8084c2976c9933ec1bab,"vote-escrow (veCAKE, BNB Chain)",dune:tokens_bnb.transfers cumulative in-out of escrow (since 2023-10-01),"veCAKE adoption fell post-2024 -> small lock share (~1.5%); clean single-contract lock kept, flagged like RPL"
7186,CAKE,2025-05-31,39702384.86661478,322090995.423486,0.12326449801682283,0x5692db8177a81a6c6afc8084c2976c9933ec1bab,"vote-escrow (veCAKE, BNB Chain)",dune:tokens_bnb.transfers cumulative in-out of escrow (since 2023-10-01),"veCAKE adoption fell post-2024 -> small lock share (~1.5%); clean single-contract lock kept, flagged like RPL"
7186,CAKE,2025-06-30,38566664.49243976,320535908.28999054,0.12031932615034287,0x5692db8177a81a6c6afc8084c2976c9933ec1bab,"vote-escrow (veCAKE, BNB Chain)",dune:tokens_bnb.transfers cumulative in-out of escrow (since 2023-10-01),"veCAKE adoption fell post-2024 -> small lock share (~1.5%); clean single-contract lock kept, flagged like RPL"
7186,CAKE,2025-07-31,12096175.198877174,344952955.8583305,0.03506615900356273,0x5692db8177a81a6c6afc8084c2976c9933ec1bab,"vote-escrow (veCAKE, BNB Chain)",dune:tokens_bnb.transfers cumulative in-out of escrow (since 2023-10-01),"veCAKE adoption fell post-2024 -> small lock share (~1.5%); clean single-contract lock kept, flagged like RPL"
7186,CAKE,2025-08-31,11055504.142027367,344288067.93396,0.03211120329661843,0x5692db8177a81a6c6afc8084c2976c9933ec1bab,"vote-escrow (veCAKE, BNB Chain)",dune:tokens_bnb.transfers cumulative in-out of escrow (since 2023-10-01),"veCAKE adoption fell post-2024 -> small lock share (~1.5%); clean single-contract lock kept, flagged like RPL"
7186,CAKE,2025-09-30,8502009.317585576,344264607.909779,0.024696146865650758,0x5692db8177a81a6c6afc8084c2976c9933ec1bab,"vote-escrow (veCAKE, BNB Chain)",dune:tokens_bnb.transfers cumulative in-out of escrow (since 2023-10-01),"veCAKE adoption fell post-2024 -> small lock share (~1.5%); clean single-contract lock kept, flagged like RPL"
7186,CAKE,2025-10-31,7658384.1968128625,341014471.8723723,0.022457651591041804,0x5692db8177a81a6c6afc8084c2976c9933ec1bab,"vote-escrow (veCAKE, BNB Chain)",dune:tokens_bnb.transfers cumulative in-out of escrow (since 2023-10-01),"veCAKE adoption fell post-2024 -> small lock share (~1.5%); clean single-contract lock kept, flagged like RPL"
7186,CAKE,2025-11-30,7035739.438644622,337551687.989703,0.020843443208790138,0x5692db8177a81a6c6afc8084c2976c9933ec1bab,"vote-escrow (veCAKE, BNB Chain)",dune:tokens_bnb.transfers cumulative in-out of escrow (since 2023-10-01),"veCAKE adoption fell post-2024 -> small lock share (~1.5%); clean single-contract lock kept, flagged like RPL"
7186,CAKE,2025-12-31,6887093.595134778,335705951.3172334,0.020515256188075898,0x5692db8177a81a6c6afc8084c2976c9933ec1bab,"vote-escrow (veCAKE, BNB Chain)",dune:tokens_bnb.transfers cumulative in-out of escrow (since 2023-10-01),"veCAKE adoption fell post-2024 -> small lock share (~1.5%); clean single-contract lock kept, flagged like RPL"
7186,CAKE,2026-01-31,6735745.163744066,333510530.3520608,0.020196499212884435,0x5692db8177a81a6c6afc8084c2976c9933ec1bab,"vote-escrow (veCAKE, BNB Chain)",dune:tokens_bnb.transfers cumulative in-out of escrow (since 2023-10-01),"veCAKE adoption fell post-2024 -> small lock share (~1.5%); clean single-contract lock kept, flagged like RPL"
7186,CAKE,2026-02-28,6687592.112293178,330806335.3358197,0.020216033968951153,0x5692db8177a81a6c6afc8084c2976c9933ec1bab,"vote-escrow (veCAKE, BNB Chain)",dune:tokens_bnb.transfers cumulative in-out of escrow (since 2023-10-01),"veCAKE adoption fell post-2024 -> small lock share (~1.5%); clean single-contract lock kept, flagged like RPL"
7186,CAKE,2026-03-31,6633904.4317008825,341863486.363471,0.019405127181812223,0x5692db8177a81a6c6afc8084c2976c9933ec1bab,"vote-escrow (veCAKE, BNB Chain)",dune:tokens_bnb.transfers cumulative in-out of escrow (since 2023-10-01),"veCAKE adoption fell post-2024 -> small lock share (~1.5%); clean single-contract lock kept, flagged like RPL"
7186,CAKE,2026-04-30,5953308.561212733,327220534.900713,0.01819356649795563,0x5692db8177a81a6c6afc8084c2976c9933ec1bab,"vote-escrow (veCAKE, BNB Chain)",dune:tokens_bnb.transfers cumulative in-out of escrow (since 2023-10-01),"veCAKE adoption fell post-2024 -> small lock share (~1.5%); clean single-contract lock kept, flagged like RPL"
7186,CAKE,2026-05-31,5922855.204125269,325481692.70481247,0.018197199218503685,0x5692db8177a81a6c6afc8084c2976c9933ec1bab,"vote-escrow (veCAKE, BNB Chain)",dune:tokens_bnb.transfers cumulative in-out of escrow (since 2023-10-01),"veCAKE adoption fell post-2024 -> small lock share (~1.5%); clean single-contract lock kept, flagged like RPL"
