cmc_id,symbol,name,chain,chainid,address,etherscan_reachable,getlogs_free_tier,contract,ch1_lock_stake,ch1_event,ch2_holding,ch3_voting,ch3_event
314,OC,OrangeCoin,non-EVM,,,no,n/a,,n/a (off Etherscan),,n/a,n/a (off Etherscan),
329,SYNC,Sync,non-EVM,,,no,n/a,,n/a (off Etherscan),,n/a,n/a (off Etherscan),
399,MIN,Mineralscoin,non-EVM,,,no,n/a,,n/a (off Etherscan),,n/a,n/a (off Etherscan),
473,APEX,ApexCoin,non-EVM,,,no,n/a,,n/a (off Etherscan),,n/a,n/a (off Etherscan),
603,DEX,InstantDEX,non-EVM,,,no,n/a,,n/a (off Etherscan),,n/a,n/a (off Etherscan),
659,BITS,Bitswift,non-EVM,,,no,n/a,,n/a (off Etherscan),,n/a,n/a (off Etherscan),
661,ARCH,ARCHcoin,non-EVM,,,no,n/a,,n/a (off Etherscan),,n/a,n/a (off Etherscan),
671,GAIA,GAIA,non-EVM,,,no,n/a,,n/a (off Etherscan),,n/a,n/a (off Etherscan),
703,RBT,Rimbit,non-EVM,,,no,n/a,,n/a (off Etherscan),,n/a,n/a (off Etherscan),
769,XUSD,CoinoUSD,non-EVM,,,no,n/a,,n/a (off Etherscan),,n/a,n/a (off Etherscan),
785,GP,GoldPieces,non-EVM,,,no,n/a,,n/a (off Etherscan),,n/a,n/a (off Etherscan),
788,COVAL,Circuits of Value,Ethereum,1,0x3d658390460295fb963f54dc0899cfb1c30776df,yes,yes,AdminUpgradeabilityProxy->impl:CircuitsOfValue,-,,Transfer-log (free),-,
793,CELL,SolarFarm,non-EVM,,,no,n/a,,n/a (off Etherscan),,n/a,n/a (off Etherscan),
810,LQD,LIQUID,non-EVM,,,no,n/a,,n/a (off Etherscan),,n/a,n/a (off Etherscan),
814,DOT,Dotcoin,non-EVM,,,no,n/a,,n/a (off Etherscan),,n/a,n/a (off Etherscan),
873,XEM,NEM,non-EVM,,,no,n/a,,n/a (off Etherscan),,n/a,n/a (off Etherscan),
888,JAY,Jay,non-EVM,,,no,n/a,,n/a (off Etherscan),,n/a,n/a (off Etherscan),
963,CORE,CORE,non-EVM,,,no,n/a,,n/a (off Etherscan),,n/a,n/a (off Etherscan),
1062,FLY,Flycoin,non-EVM,,,no,n/a,,n/a (off Etherscan),,n/a,n/a (off Etherscan),
1080,NEU,NeuCoin,non-EVM,,,no,n/a,,n/a (off Etherscan),,n/a,n/a (off Etherscan),
1091,PLS,PLAY,non-EVM,,,no,n/a,,n/a (off Etherscan),,n/a,n/a (off Etherscan),
1104,REP,Augur,Ethereum,1,0x1985365e9f78359a9B6AD760e32412f4a445E862,yes,yes,Delegator->impl:ReputationToken,-,,Transfer-log (free),-,
1121,BST,BitStone,non-EVM,,,no,n/a,,n/a (off Etherscan),,n/a,n/a (off Etherscan),
1125,AMP,HyperSpace,non-EVM,,,no,n/a,,n/a (off Etherscan),,n/a,n/a (off Etherscan),
1166,WARP,WARP,Ethereum,1,0x83e6f1E41cdd28eAcEB20Cb649155049Fac3D5Aa,yes,yes,PolkastarterToken,-,,Transfer-log (free),-,
1237,JACK,BlackJack,non-EVM,,,no,n/a,,n/a (off Etherscan),,n/a,n/a (off Etherscan),
1253,DAO,The DAO,non-EVM,,,no,n/a,,n/a (off Etherscan),,n/a,n/a (off Etherscan),
1274,WAVES,Waves,Ethereum,1,0x7296eaA225804451a91616b29D040cAB05435f0d,yes,yes,WrappedToken,-,,Transfer-log (free),-,
1295,DRACO,DT Token,non-EVM,,,no,n/a,,n/a (off Etherscan),,n/a,n/a (off Etherscan),
1467,ARC,Arcade Token,Ethereum,1,0xac709fcb44a43c35f0da4e3163b117a17f3770f5,yes,yes,ARCToken,-,,Transfer-log (free),-,
1500,WINGS,Wings,Ethereum,1,0x667088b212ce3d06a1b553a7221E1fD19000d9aF,yes,yes,Token,-,,Transfer-log (free),-,
1503,JUP,Jupiter,Ethereum,1,0x4B1E80cAC91e2216EEb63e29B957eB91Ae9C2Be8,yes,yes,Jupiter,-,,Transfer-log (free),-,
1518,MKR,Maker,Ethereum,1,0x9f8f72aa9304c8b593d555f12ef6589cc3a579a2,yes,yes,DSToken,-,,Transfer-log (free),-,
1552,MLN,Enzyme,Ethereum,1,0xec67005c4e498ec7f55e092bd1d35cbc47c91892,yes,yes,Melon,-,,Transfer-log (free),-,
1556,TIME,Chrono.tech,Ethereum,1,0x485d17A6f1B8780392d53D64751824253011A260,yes,yes,TimeToken,-,,Transfer-log (free),-,
1573,CASINO,Casino,non-EVM,,,no,n/a,,n/a (off Etherscan),,n/a,n/a (off Etherscan),
1619,SKY,Skycoin,non-EVM,,,no,n/a,,n/a (off Etherscan),,n/a,n/a (off Etherscan),
1637,RLC,iExec RLC,Ethereum,1,0x607f4c5bb672230e8672085532f7e901544a7375,yes,yes,RLC,-,,Transfer-log (free),-,
1660,TKN,Monolith,Ethereum,1,0xaaaf91d9b90df800df4f55c205fd6989c977e73a,yes,yes,Token,-,,Transfer-log (free),-,
1680,ANT,Aragon,Ethereum,1,0xa117000000f279d81a1d3cc75430faa017fa5a2e,yes,yes,ANTv2,-,,Transfer-log (free),-,
1684,QTUM,Qtum,non-EVM,,,no,n/a,,n/a (off Etherscan),,n/a,n/a (off Etherscan),
1722,MORE,More Coin,Ethereum,1,0x305DE070488C8469dFAC957226c9c900c4BFbA22,yes,yes,Token,-,,Transfer-log (free),-,
1732,NMR,Numeraire,Ethereum,1,0x1776e1F26f98b1A5dF9cD347953a26dd3Cb46671,yes,yes,NumeraireBackend->impl:UpgradeDelegate,GENUINE,"Staked(address,bytes32,uint256,uint256,uint256,uint256)",Transfer-log (free),delegation-only,"DelegateChanged(address,address)"
1750,GXC,GXChain,non-EVM,,,no,n/a,,n/a (off Etherscan),,n/a,n/a (off Etherscan),
1757,FUN,FUNToken,Ethereum,1,0x419d0d8bdd9af5e606ae2232ed285aff190e711b,yes,yes,Token,-,,Transfer-log (free),-,
1758,PAY,TenX,Ethereum,1,0xb97048628db6b661d4c2aa833e95dbe1a905b280,yes,yes,PayToken,-,,Transfer-log (free),-,
1768,ADX,AdEx,Ethereum,1,0xade00c28244d5ce17d72e40330b1c318cd12b7c3,yes,yes,ADXToken,-,,Transfer-log (free),-,
1785,GAS,Gas,non-EVM,,,no,n/a,,n/a (off Etherscan),,n/a,n/a (off Etherscan),
1808,OMG,OMG Network,Ethereum,1,0xd26114cd6ee289accf82350c8d8487fedb8a0c07,yes,yes,OMGToken,-,,Transfer-log (free),-,
1834,PLR,Pillar,Ethereum,1,0xe3818504c1b32bf1557b16c238b2e01fd3149c17,yes,yes,PillarToken,-,,Transfer-log (free),-,
1847,MSP,Mothership,Ethereum,1,0x68aa3f232da9bdc2343465545794ef3eea5209bd,yes,yes,MSP,-,,Transfer-log (free),-,
1867,CTR,Centra,non-EVM,,,no,n/a,,n/a (off Etherscan),,n/a,n/a (off Etherscan),
1882,CAT,BlockCAT,Ethereum,1,0x56ba2Ee7890461f463F7be02aAC3099f6d5811A8,yes,yes,CATToken,-,,Transfer-log (free),-,
1904,VEN,Vechain [Token],non-EVM,,,no,n/a,,n/a (off Etherscan),,n/a,n/a (off Etherscan),
1982,KNCL,Kyber Network Crystal Legacy,Ethereum,1,0xdd974d5c2e2928dea5f71b9825b8b646686bd200,yes,yes,KyberNetworkCrystal,-,,Transfer-log (free),-,
1984,SUB,Substratum,Ethereum,1,0x8D75959f1E61EC2571aa72798237101F084DE63a,yes,yes,Substratum,-,,Transfer-log (free),-,
2015,ATM,ATMChain,Ethereum,1,0x9B11EFcAAA1890f6eE52C6bB7CF8153aC5d74139,yes,yes,ATMToken,-,,Transfer-log (free),-,
2057,EDO,Eidoo,Ethereum,1,0xced4e93198734ddaff8492d525bd258d49eb388e,yes,yes,EidooToken,-,,Transfer-log (free),-,
2058,AST,AirSwap,Ethereum,1,0x27054b13b1b798b345b591a4d22e6562d47ea75a,yes,yes,AirSwapToken,event-declared(no logs),"BalanceLocked(address,uint256,uint256,uint256)",Transfer-log (free),-,
2071,REQ,Request,Ethereum,1,0x8f8221afbb33998d8584a2b05749ba73c37a938a,yes,yes,RequestToken,-,,Transfer-log (free),-,
2081,AMB,AirDAO,Ethereum,1,0xf4fb9bf10e489ea3edb03e094939341399587b0c,yes,yes,BridgeERC20,-,,Transfer-log (free),-,
2096,RCN,Ripio Credit Network,Ethereum,1,0xf970b8e36e23f7fc3fd752eea86f8be8d83375a6,yes,yes,RCNToken,-,,Transfer-log (free),-,
2099,ICX,ICON,non-EVM,,,no,n/a,,n/a (off Etherscan),,n/a,n/a (off Etherscan),
2110,DOV,Dovu,Ethereum,1,0xac3211a5025414af2866ff09c23fc18bc97e79b1,yes,yes,BurnableCrowdsaleToken,-,,Transfer-log (free),-,
2112,PHB,Phoenix Global,non-EVM,,,no,n/a,,n/a (off Etherscan),,n/a,n/a (off Etherscan),
2120,FUEL,Etherparty,Ethereum,1,0xea38eaa3c86c8f9b751533ba2e562deb9acded40,yes,yes,FuelToken,-,,Transfer-log (free),-,
2165,ERC20,ERC20,Ethereum,1,0xc3761EB917CD790B30dAD99f6Cc5b4Ff93C4F9eA,yes,yes,TokenERC20,-,,Transfer-log (free),-,
2176,HST,Decision Token,Ethereum,1,0x554c20b7c486beee439277b4540a434566dc4c02,yes,yes,DecisionToken,-,,Transfer-log (free),-,
2202,PRL,Oyster,Ethereum,1,0x1844b21593262668b7248d0f57a220caaba46ab9,yes,yes,OysterPearl,-,,Transfer-log (free),-,
2223,VEE,BLOCKv,Ethereum,1,0x340d2bde5eb28c1eed91b2f790723e3b160613b7,yes,yes,BlockvToken,-,,Transfer-log (free),-,
2239,LEND,Aave,Ethereum,1,0x80fB784B7eD66730e8b1DBd9820aFD29931aab03,yes,yes,EthLendToken,-,,Transfer-log (free),-,
2242,QBT,Qbao,non-EVM,,,no,n/a,,n/a (off Etherscan),,n/a,n/a (off Etherscan),
2273,UQC,Uquid Coin,Ethereum,1,0x8806926ab68eb5a7b909dcaf6fdbe5d93271d6e2,yes,yes,UquidCoin,-,,Transfer-log (free),-,
2277,SMT,SmartMesh,Ethereum,1,0x55f93985431fc9304077687a35a1ba103dc1e081,yes,yes,SMT,-,,Transfer-log (free),-,
2296,OST,OST,Ethereum,1,0x2c4e8f2d746113d0696ce89b35f0d8bf88e0aeca,yes,yes,SimpleToken,-,,Transfer-log (free),-,
2308,SAI,Single Collateral DAI ,Ethereum,1,0x89d24a6b4ccb1b6faa2625fe562bdd9a23260359,yes,yes,DSToken,-,,Transfer-log (free),-,
2318,NEU,Neumark,Ethereum,1,0xa823e6722006afe99e91c30ff5295052fe6b8e32,yes,yes,Neumark,-,,Transfer-log (free),-,
2320,UTK,xMoney,Ethereum,1,0xdc9Ac3C20D1ed0B540dF9b1feDC10039Df13F99c,yes,yes,UtrustToken,-,,Transfer-log (free),-,
2324,ONE,BigONE Token,Ethereum,1,0x946551dd05c5abd7cc808927480225ce36d8c475,yes,yes,Token,-,,Transfer-log (free),-,
2341,SWFTC,SwftCoin,Ethereum,1,0x0bb217E40F8a5Cb79Adf04E1aAb60E5abd0dfC1e,yes,yes,SwftCoin,-,,Transfer-log (free),-,
2363,ZAP,Zap,Ethereum,1,0x6781a0f84c7e9e846dcb84a9a5bd49333067b104,yes,yes,ZapToken,-,,Transfer-log (free),-,
2377,LEV,Leverj,Ethereum,1,0x0f4ca92660efad97a9a70cb0fe969c755439772c,yes,yes,HumanStandardToken,-,,Transfer-log (free),-,
2410,SPC,SpaceChain,Ethereum,1,0x86ed939b500e121c0c5f493f399084db596dad20,yes,yes,SpaceChain,-,,Transfer-log (free),-,
2424,AGIX,SingularityNET,Ethereum,1,0x5B7533812759B45C2B44C19e320ba2cD2681b542,yes,yes,SingularityNetToken,-,,Transfer-log (free),-,
2429,MOBI,Mobius,non-EVM,,,no,n/a,,n/a (off Etherscan),,n/a,n/a (off Etherscan),
2430,HOT,Hydro Protocol,Ethereum,1,0x9af839687f6c94542ac5ece2e317daae355493a1,yes,yes,HydroToken,-,,Transfer-log (free),-,
2496,POLY,Polymath,Ethereum,1,0x9992ec3cf6a55b00978cddf2b27bc6882d88d1ec,yes,yes,PolyToken,-,,Transfer-log (free),-,
2505,BLZ,Bluzelle,Ethereum,1,0x5732046a883704404f284ce41ffadd5b007fd668,yes,yes,BluzelleToken,-,,Transfer-log (free),-,
2530,FSN,Fusion,Ethereum,1,0x9AfC975EdB8a0B57f066e8e0A72A5e2ADbdCb605,yes,yes,Token,-,,Transfer-log (free),-,
2538,NEC,Nectar,Ethereum,1,0xcc80c051057b774cd75067dc48f8987c4eb97a5e,yes,yes,NEC,-,,Transfer-log (free),-,
2545,ABT,ArcBlock,Ethereum,1,0xb98d4c97425d9908e66e53a6fdf673acca0be986,yes,yes,ArcBlockToken,-,,Transfer-log (free),-,
2559,AUTO,Cube,Ethereum,1,0x622dFfCc4e83C64ba959530A5a5580687a57581b,yes,yes,Token,-,,Transfer-log (free),-,
2576,TEN,Tokenomy,Ethereum,1,0xdd16ec0f66e54d453e6756713e533355989040e4,yes,yes,TenToken,-,,Transfer-log (free),-,
2586,SNX,Synthetix,Ethereum,1,0xc011a73ee8576fb46f5e1c5751ca3b9fe0af2a6f,yes,yes,ProxyERC20,-,,Transfer-log (free),-,
2593,DRG,Dragon Coins,Ethereum,1,0x814f67fa286f7572b041d041b1d99b432c9155ee,yes,yes,Dragon,-,,Transfer-log (free),-,
2620,SWTH,Carbon Protocol,Ethereum,1,0xb4371da53140417cbb3362055374b10d97e420bb,yes,yes,SwitcheoToken,-,,Transfer-log (free),-,
2662,XHV,Haven Protocol,non-EVM,,,no,n/a,,n/a (off Etherscan),,n/a,n/a (off Etherscan),
2663,KST,StarCoin,non-EVM,,,no,n/a,,n/a (off Etherscan),,n/a,n/a (off Etherscan),
2675,DOCK,Dock,non-EVM,,,no,n/a,,n/a (off Etherscan),,n/a,n/a (off Etherscan),
2693,LRN,Loopring [NEO],non-EVM,,,no,n/a,,n/a (off Etherscan),,n/a,n/a (off Etherscan),
2700,CEL,Celsius,Ethereum,1,0xaaaebe6fe48e54f431b0c390cfaf0b017d09d42d,yes,yes,CelsiusToken,-,,Transfer-log (free),-,
2726,GEN,DAOstack,Ethereum,1,0x543ff227f64aa17ea132bf9886cab5db55dcaddf,yes,yes,DAOToken,-,,Transfer-log (free),-,
2765,XYO,XYO,Ethereum,1,0x55296f69f40ea6d20e478533c15a6b08b654e758,yes,yes,TokenERC20,-,,Transfer-log (free),-,
2772,DGTX,Digitex,Ethereum,1,0xc666081073e8dff8d3d1c2292a29ae1a2153ec09,yes,yes,DGTXToken,-,,Transfer-log (free),-,
2778,EXC,Eximchain,Ethereum,1,0x00c4b398500645eb5da00a1a379a88b11683ba01,yes,yes,EximchainToken,-,,Transfer-log (free),-,
2826,ZIP,Zipper,Ethereum,1,0xa9d2927d3a04309e008b6af6e2e282ae2952e7fd,yes,yes,HumanStandardToken,-,,Transfer-log (free),-,
2873,MET,Metronome,Ethereum,1,0x2Ebd53d035150f328bd754D6DC66B99B0eDB89aa,yes,yes,Metronome2,-,,Transfer-log (free),ERC20Votes,"DelegateVotesChanged(address,uint256,uint256)"
2930,IQ,IQ,Ethereum,1,0x579cea1889991f68acc35ff5c3dd0621ff29b0c9,yes,yes,IQERC20,-,,Transfer-log (free),-,
2933,BMX,BitMart Token,Ethereum,1,0x986EE2B944c42D017F52Af21c4c69B84DBeA35d8,yes,yes,BMC,-,,Transfer-log (free),-,
2937,VITE,VITE,Ethereum,1,0xadd5e881984783dd432f80381fb52f45b53f3e70,yes,yes,ViteToken,-,,Transfer-log (free),-,
2945,BOX,ContentBox,Ethereum,1,0x63f584fa56e60e4d0fe8802b27c7e6e3b33e007f,yes,yes,BOXToken,-,,Transfer-log (free),-,
2982,MVL,MVL,Ethereum,1,0xa849eaae994fb86afa73382e9bd88c2b6b18dc71,yes,yes,MVLToken,admin/vesting-lock(not conviction),,Transfer-log (free),-,
3053,YOU,YOU COIN,Ethereum,1,0x34364BEe11607b1963d66BCA665FDE93fCA666a8,yes,yes,YOUToken,-,,Transfer-log (free),-,
3083,LINA,LINA,Ethereum,1,0xc05d14442a510de4d3d71a3d316585aa0ce32b50,yes,yes,TokenERC20,-,,Transfer-log (free),-,
3139,DX,DxChain Token,Ethereum,1,0x973e52691176d36453868D9d86572788d27041A9,yes,yes,DxToken,-,,Transfer-log (free),-,
3155,QNT,Quant,Ethereum,1,0x4a220e6096b25eadb88358cb44068a3248254675,yes,yes,StandardToken,-,,Transfer-log (free),-,
3296,MIN,MINDOL,Ethereum,1,0x5d64d850c8368008afb39224e92ad0dceff3cf38,yes,yes,TokenERC20,-,,Transfer-log (free),-,
3325,ROX,Robotina,Ethereum,1,0x574f84108a98c575794f75483d801d1d5dc861a5,yes,yes,RoxToken,-,,Transfer-log (free),-,
3367,CRD,CryptalDash,Ethereum,1,0xcaaa93712bdac37f736c323c93d4d5fdefcc31cc,yes,yes,CRDToken,-,,Transfer-log (free),-,
3418,META,Metadium,Ethereum,1,0xde2f7766c8bf14ca67193128535e5c7454f8387c,yes,yes,Metadium,-,,Transfer-log (free),-,
3475,BOX,BOX Token,Ethereum,1,0xe1A178B681BD05964d3e3Ed33AE731577d9d96dD,yes,yes,BOX,-,,Transfer-log (free),-,
3515,DEX,DEX,Ethereum,1,0x497bAEF294c11a5f0f5Bea3f2AdB3073DB448B56,yes,yes,ZeppelinCoin,-,,Transfer-log (free),-,
3637,AERGO,Aergo,Ethereum,1,0x91af0fbb28aba7e31403cb457106ce79397fd4e6,yes,yes,AergoErc20,-,,Transfer-log (free),-,
3653,BRC,Baer Chain,non-EVM,,,no,n/a,,n/a (off Etherscan),,n/a,n/a (off Etherscan),
3748,HXRO,Hxro,Ethereum,1,0x4bd70556ae3f8a6ec6c4080a0c327b24325438f3,yes,yes,HxroTokenContract,-,,Transfer-log (free),-,
3792,USDE,USDe,non-EVM,,,no,n/a,,n/a (off Etherscan),,n/a,n/a (off Etherscan),
3814,CELR,Celer Network,Ethereum,1,0x4f9254c83eb525f9fcf346490bbb3ed28a81c667,yes,yes,CelerToken,-,,Transfer-log (free),-,
3822,TFUEL,Theta Fuel,non-EVM,,,no,n/a,,n/a (off Etherscan),,n/a,n/a (off Etherscan),
3835,ORBS,Orbs,Ethereum,1,0xff56cc6b1e6ded347aa0b7676c85ab0b3d08b0fa,yes,yes,OrbsToken,-,,Transfer-log (free),-,
3840,FST,1irstcoin,Ethereum,1,0x310c93dfc1c5e34cdf51678103f63c41762089cd,yes,yes,MainToken,admin/vesting-lock(not conviction),,Transfer-log (free),-,
3855,LOCUS,Locus Chain,Ethereum,1,0xc64500dd7b0f1794807e67802f8abbf5f8ffb054,yes,yes,LocusToken,-,,Transfer-log (free),-,
3874,IRIS,IRISnet,Ethereum,1,0x76C4A2B59523eaE19594c630aAb43288dBB1463f,yes,yes,IbcToken,-,,Transfer-log (free),-,
3911,OCEAN,Ocean Protocol,Ethereum,1,0x967da4048cd07ab37855c090aaf366e4ce1b9f48,yes,yes,OceanToken,-,,Transfer-log (free),-,
3916,THX,ThoreNext,Ethereum,1,0xf08c68bd5f4194d994fd70726746bf529ee5a617,yes,yes,HumanStandardToken,-,,Transfer-log (free),-,
3928,IDEX,IDEX,Ethereum,1,0xb705268213d593b8fd88d3fdeff93aff5cbdcfae,yes,yes,IDEX,-,,Transfer-log (free),-,
3930,TT,ThunderCore,Ethereum,1,0x1E053D89E08c24aA2CE5C5B4206744Dc2D7BD8F5,yes,yes,TokenProxy->impl:ERC677InitializableBridgeToken,-,,Transfer-log (free),-,
3992,COTI,COTI,Ethereum,1,0xDDB3422497E61e13543BeA06989C0789117555c5,yes,yes,Coti,-,,Transfer-log (free),-,
4006,AWE,AWE,Base,8453,0x1B4617734C43F6159F3a70b7E06d883647512778,yes,no(PAID),ERC1967Proxy->impl:AWE,-,,Transfer-log (PAID chain),ERC20Votes-ABIonly [getLogs needs PAID plan on this chain],"DelegateVotesChanged(address,uint256,uint256)"
4090,WXT,Wirex Token,Ethereum,1,0xa02120696c7B8fE16C09C749E4598819b2B0E915,yes,yes,WirexToken,-,,Transfer-log (free),-,
4113,UNI,UNI COIN,Ethereum,1,0xe6877ea9c28fbdec631ffbc087956d0023a76bf2,yes,yes,UniCoinToken,-,,Transfer-log (free),-,
4134,AKRO,Kaon,Ethereum,1,0x8ab7404063ec4dbcfd4598215992dc3f8ec853d7,yes,yes,TokenProxy->impl:AkropolisToken,GENUINE,Locked(),Transfer-log (free),-,
4157,RUNE,THORChain,non-EVM,,,no,n/a,,n/a (off Etherscan),,n/a,n/a (off Etherscan),
4172,LUNC,Terra Classic,Ethereum,1,0xbd31ea8212119f94a611fa969881cba3ea06fa3d,yes,yes,BridgeToken->impl:TokenImplementation,-,,Transfer-log (free),-,
4195,FTT,FTX Token,Ethereum,1,0x50d1c9771902476076ecfc8b2a83ad6b9355a4c9,yes,yes,FTT,-,,Transfer-log (free),-,
4206,WIN,WINkLink,BSC,56,0xaef0d72a118ce24fee3cd1d43d383897d05b4e99,yes,no(PAID),BEP20UpgradeableProxy->impl:BEP20TokenImplementation,-,,Transfer-log (PAID chain),-,
4217,BOA,BOSagora,Ethereum,1,0x51bD4f39803fcAEFf3ef45aae2C3aaFf0B9faDcb,yes,yes,BOSAGORA,-,,Transfer-log (free),-,
4279,SXP,Solar,non-EVM,,,no,n/a,,n/a (off Etherscan),,n/a,n/a (off Etherscan),
4360,FAB,FABRK,Ethereum,1,0x12683dc9eec95a5f742d40206e73319e6b9d8a91,yes,yes,FABToken,-,,Transfer-log (free),-,
4484,CRN,ChronoCoin,non-EVM,,,no,n/a,,n/a (off Etherscan),,n/a,n/a (off Etherscan),
4566,XDB,XDB CHAIN,non-EVM,,,no,n/a,,n/a (off Etherscan),,n/a,n/a (off Etherscan),
4598,ACA,Acash Coin,Ethereum,1,0x63d958d765f5bd88efdbd8afd32445393b24907f,yes,yes,ACASH,-,,Transfer-log (free),-,
4679,BAND,Band,Ethereum,1,0xba11d00c5f74255f56a5e366f4f77f5a186d7f55,yes,yes,BandToken,-,,Transfer-log (free),-,
4862,DAD,DAD,Ethereum,1,0x5b322514ff727253292637d9054301600c2c81e8,yes,yes,DAD,-,,Transfer-log (free),-,
5007,TROY,TROY,Ethereum,1,0x4574562e9310a94f9ca962bd23168d8a06875b1a,yes,yes,TROY,-,,Transfer-log (free),-,
5015,HEX,HEX,Ethereum,1,0x2b591e99afe9f32eaa6214f7b7629768c40eeb39,yes,yes,HEX,GENUINE,"StakeStart(uint256,address,uint40)",Transfer-log (free),-,
5103,IPX,Tachyon Protocol,non-EVM,,,no,n/a,,n/a (off Etherscan),,n/a,n/a (off Etherscan),
5113,SURE,inSure DeFi,Ethereum,1,0xcb86c6a22cb56b6cf40cafedb06ba0df188a416e,yes,yes,TokenERC20,-,,Transfer-log (free),-,
5117,OGN,Origin Protocol,Ethereum,1,0x8207c1ffc5b6804f6024322ccf34f29c3541ae26,yes,yes,OriginToken,-,,Transfer-log (free),-,
5190,FLEX,FLEX,Ethereum,1,0xfcf8eda095e37a41e002e266daad7efc1579bc0a,yes,yes,FLEXCoin,-,,Transfer-log (free),-,
5234,DNA,Metaverse Dualchain Network Architecture,non-EVM,,,no,n/a,,n/a (off Etherscan),,n/a,n/a (off Etherscan),
5266,MLK,MiL.k,Arbitrum,42161,0x374c5FB7979d5fDBAAd2d95409e235e5CBdfD43C,yes,yes,Token,-,,Transfer-log (free),-,
5274,EDG,Edgeware,BSC,56,0x4e0da40b9063dc48364c1c0ffb4ae9d091fc2270,yes,no(PAID),Edgeware,-,,Transfer-log (PAID chain),ERC20Votes-ABIonly [getLogs needs PAID plan on this chain],"DelegateVotesChanged(address,uint256,uint256)"
5279,SOLO,Sologenic,BSC,56,0xc2c28b58db223da89b567a0a98197fc17c115148,yes,no(PAID),BEP20Token,-,,Transfer-log (PAID chain),-,
5299,HDAO,HyperDAO,Ethereum,1,0x74faab6986560fd1140508e4266d8a7b87274ffd,yes,yes,HDAOToken,-,,Transfer-log (free),-,
5354,PEAK,PEAKDEFI,Ethereum,1,0x630d98424efe0ea27fb1b3ab7741907dffeaad78,yes,yes,TokenProxy->impl:PEAKDEFI_V2,-,,Transfer-log (free),ERC20Votes,"DelegateVotesChanged(address,uint256,uint256)"
5410,PRQ,PARSIQ,Ethereum,1,0x362bc847A3a9637d3af6624EeC853618a43ed7D2,yes,yes,ParsiqToken,-,,Transfer-log (free),-,
5429,DEP,DEAPcoin,Ethereum,1,0x1a3496c18d558bd9c6c8f609e1b129f67ab08163,yes,yes,DEAPCoin,-,,Transfer-log (free),-,
5488,JST,JUST,non-EVM,,,no,n/a,,n/a (off Etherscan),,n/a,n/a (off Etherscan),
5566,KEEP,Keep Network,Ethereum,1,0x85eee30c52b0b379b046fb0f85f4f3dc3009afec,yes,yes,KeepToken,-,,Transfer-log (free),-,
5601,STAKE,STAKE,Ethereum,1,0x0Ae055097C6d159879521C384F1D2123D1f195e6,yes,yes,ERC677MultiBridgeToken,-,,Transfer-log (free),-,
5617,UMA,UMA,Ethereum,1,0x04Fa0d235C4abf4BcF4787aF4CF447DE572eF828,yes,yes,VotingToken,-,,Transfer-log (free),-,
5631,ORN,Orion,Ethereum,1,0x0258F474786DdFd37ABCE6df6BBb1Dd5dfC4434a,yes,yes,OrionToken,-,,Transfer-log (free),-,
5690,RENDER,Render,Ethereum,1,0x6de037ef9ad2725eb40118bb1702ebb27e4aeb24,yes,yes,AdminUpgradeabilityProxy->impl:RenderToken,-,,Transfer-log (free),-,
5741,DMG,DMM: Governance,Ethereum,1,0xEd91879919B71bB6905f23af0A68d231EcF87b14,yes,yes,DMGToken,-,,Transfer-log (free),ERC20Votes,"DelegateVotesChanged(address,uint256,uint256)"
5798,RING,Darwinia Network,Ethereum,1,0x9469d013805bffb7d3debe5e7839237e535ec483,yes,yes,RING,-,,Transfer-log (free),-,
5824,SLP,Smooth Love Potion,Ethereum,1,0xCC8Fa225D80b9c7D42F96e9570156c65D6cAAa25,yes,yes,SmoothLovePotion,-,,Transfer-log (free),-,
5829,SWAP,TrustSwap,Ethereum,1,0xcc4304a31d09258b0029ea7fe63d032f52e44efe,yes,yes,AdminUpgradeabilityProxy->impl:SwapToken,-,,Transfer-log (free),-,
5830,NXM,NXM,Ethereum,1,0xd7c49cee7e9188cca6ad8ff264c1da2e69d4cf3b,yes,yes,NXMToken,-,,Transfer-log (free),-,
5841,NEST,NEST Protocol,Ethereum,1,0xcd6926193308d3B371FdD6A6219067E550000000,yes,yes,NestToken,-,,Transfer-log (free),-,
5892,ANY,Anyswap,Ethereum,1,0xf99d58e463a2e07e5692127302c20a191861b4d6,yes,yes,Erc20SwapAsset,-,,Transfer-log (free),-,
5906,NVT,NerveNetwork,Ethereum,1,0x7b6f71c8b123b38aa8099e0098bec7fbc35b8a13,yes,yes,ERC20Minter,-,,Transfer-log (free),-,
5957,YFII,DFI.Money,Ethereum,1,0xa1d0E215a23d7030842FC67cE582a6aFa3CCaB83,yes,yes,YFII,-,,Transfer-log (free),-,
5994,SHIB,Shiba Inu,Ethereum,1,0x95ad61b0a150d79219dcf64e1e6cc01f0b64c4ce,yes,yes,TokenMintERC20Token,-,,Transfer-log (free),-,
6138,DIA,DIA,Ethereum,1,0x84ca8bc7997272c7cfb4d0cd3d55cd942b3c9419,yes,yes,DIAToken,-,,Transfer-log (free),-,
6432,OMI,ECOMI,non-EVM,,,no,n/a,,n/a (off Etherscan),,n/a,n/a (off Etherscan),
6511,STRONG,Strong,Ethereum,1,0x990f341946a3fdb507ae7e52d17851b87168017c,yes,yes,Strong,-,,Transfer-log (free),-,
6669,CVP,PowerPool,Ethereum,1,0x38e4adb44ef08f22f5b5b76a8f0c2d0dcbe7dca1,yes,yes,Cvp,-,,Transfer-log (free),ERC20Votes,"DelegateVotesChanged(address,uint256,uint256)"
6748,CFG,Centrifuge,Ethereum,1,0xcccccccccc33d538dbc2ee4feab0a7a1ff4e8a94,yes,yes,CFG,-,,Transfer-log (free),-,
6756,ACA,Acala Token,non-EVM,,,no,n/a,,n/a (off Etherscan),,n/a,n/a (off Etherscan),
6783,AXS,Axie Infinity,Ethereum,1,0xbb0e17ef65f82ab018d8edd776e8dd940327b28b,yes,yes,AXSToken,-,,Transfer-log (free),-,
6833,LIT,Litentry,Ethereum,1,0xb59490ab09a0f526cc7305822ac65f2ab12f9723,yes,yes,LITToken,-,,Transfer-log (free),-,
6843,RAD,Radworks,Ethereum,1,0x31c8eacbffdd875c74b94b077895bd78cf1e64a3,yes,yes,RadicleToken,-,,Transfer-log (free),ERC20Votes,"DelegateVotesChanged(address,uint256,uint256)"
6929,HEGIC,Hegic,Ethereum,1,0x584bC13c7D411c00c01A62e8019472dE68768430,yes,yes,Hegic,-,,Transfer-log (free),-,
6941,HBTC,Huobi BTC,Ethereum,1,0x0316EB71485b0Ab14103307bf65a021042c6d380,yes,yes,HBTCToken,-,,Transfer-log (free),-,
6945,AMP,Amp,Ethereum,1,0xff20817765cb7f73d4bde2e66e067e58d11095c2,yes,yes,Amp,-,,Transfer-log (free),-,
6951,REEF,Reef,non-EVM,,,no,n/a,,n/a (off Etherscan),,n/a,n/a (off Etherscan),
6990,SUN,SUN,non-EVM,,,no,n/a,,n/a (off Etherscan),,n/a,n/a (off Etherscan),
7033,ESD,Empty Set Dollar,Ethereum,1,0x36f3fd68e7325a35eb768f1aedaae9ea0689d723,yes,yes,Dollar,-,,Transfer-log (free),-,
7064,BAKE,BakeryToken,BSC,56,0xE02dF9e3e622DeBdD69fb838bB799E3F168902c5,yes,no(PAID),BakeryToken,-,,Transfer-log (PAID chain),ERC20Votes-ABIonly [getLogs needs PAID plan on this chain],"DelegateVotesChanged(address,uint256,uint256)"
7150,FLM,Flamingo,non-EVM,,,no,n/a,,n/a (off Etherscan),,n/a,n/a (off Etherscan),
7208,POLS,Polkastarter,Ethereum,1,0x83e6f1e41cdd28eaceb20cb649155049fac3d5aa,yes,yes,PolkastarterToken,-,,Transfer-log (free),-,
7224,DODO,DODO,Ethereum,1,0x43dfc4159d86f3a37a5a4b3d4580b888ad7d4ddd,yes,yes,DODOToken,-,,Transfer-log (free),-,
7228,DDX,DerivaDAO,Ethereum,1,0x3a880652f47bfaa771908c07dd8673a787daed3a,yes,yes,DDX,-,,Transfer-log (free),ERC20Votes,"DelegateVotesChanged(address,uint96,uint96)"
7232,ALPHA,Stella,Ethereum,1,0xa1faa113cbe53436df28ff0aee54275c13b40975,yes,yes,AlphaToken,-,,Transfer-log (free),-,
7242,CORE,cVault.finance,Ethereum,1,0x62359ed7505efc61ff1d56fef82158ccaffa23d7,yes,yes,CORE,-,,Transfer-log (free),"ERC20Votes-negligible(<=2deleg,DVC-never-fired)","DelegateChanged(address,address,address)"
7288,XVS,Venus,Ethereum,1,0xd3CC9d8f3689B83c91b7B59cAB4946B063EB894A,yes,yes,XVS,-,,Transfer-log (free),-,
7326,DEXE,DeXe,Ethereum,1,0xde4EE8057785A7e8e800Db58F9784845A5C2Cbd6,yes,yes,Dexe,-,,Transfer-log (free),-,
7455,AUDIO,Audius,Ethereum,1,0x18aaa7115705e8be94bffebde57af9bfc265b998,yes,yes,AudiusAdminUpgradeabilityProxy->impl:AudiusToken,-,,Transfer-log (free),-,
7501,WOO,WOO,Ethereum,1,0x4691937a7508860f876c9c0a2a617e7d9e945d4b,yes,yes,WootradeNetwork,-,,Transfer-log (free),-,
7617,SFI,saffron.finance,Ethereum,1,0xb753428af26e81097e7fd17f40c88aaa3e04902c,yes,yes,SFI,-,,Transfer-log (free),-,
7654,RFOX,RFOX,Ethereum,1,0xa1d6df714f91debf4e0802a542e13067f31b8262,yes,yes,Token,-,,Transfer-log (free),-,
7672,UNFI,Unifi Protocol DAO,Ethereum,1,0x441761326490cacf7af299725b6292597ee822c2,yes,yes,UNFI,-,,Transfer-log (free),-,
7737,API3,API3,Ethereum,1,0x0b38210ea11411557c13457D4dA7dC6ea731B88a,yes,yes,Api3Token,-,,Transfer-log (free),-,
7817,BFC,Bifrost,Ethereum,1,0x0c7D5ae016f806603CB1782bEa29AC69471CAb9c,yes,yes,ERC20,-,,Transfer-log (free),-,
7857,MIR,Mirror Protocol,Ethereum,1,0x09a3EcAFa817268f77BE1283176B946C4ff2E608,yes,yes,WrappedMIR,-,,Transfer-log (free),-,
7961,vBNB,Venus BNB,BSC,56,0xA07c5b74C9B40447a954e1466938b865b6BBea36,yes,no(PAID),VBNB,-,,Transfer-log (PAID chain),-,
7962,vBTC,Venus BTC,BSC,56,0x882C173bC7Ff3b7786CA16dfeD3DFFfb9Ee7847B,yes,no(PAID),VBep20Delegator->impl:VBep20Delegate,-,,Transfer-log (PAID chain),-,
7963,vETH,Venus ETH,BSC,56,0xf508fCD89b8bd15579dc79A6827cB4686A3592c8,yes,no(PAID),VBep20Delegator->impl:VBep20Delegate,-,,Transfer-log (PAID chain),-,
7978,FIDA,Bonfida,non-EVM,,,no,n/a,,n/a (off Etherscan),,n/a,n/a (off Etherscan),
8075,RLY,Rally,Ethereum,1,0xf1f955016EcbCd7321c7266BccFB96c68ea5E49b,yes,yes,RallyToken,-,,Transfer-log (free),-,
8083,LON,Tokenlon Network Token,Ethereum,1,0x0000000000095413afc295d19edeb1ad7b71c952,yes,yes,Lon,-,,Transfer-log (free),-,
8161,SPI,Shopping,Ethereum,1,0x9b02dd390a603add5c07f9fd9175b7dabe8d63b7,yes,yes,ShoppingIO,-,,Transfer-log (free),-,
8202,ZKB,ZKBase,Ethereum,1,0xBBBbbBBB46A1dA0F0C3F64522c275BAA4C332636,yes,yes,ZKB,-,,Transfer-log (free),-,
8210,BTCST,Bitcoin Standard Hashrate Token,non-EVM,,,no,n/a,,n/a (off Etherscan),,n/a,n/a (off Etherscan),
8290,SUPER,SuperVerse,Ethereum,1,0xe53ec727dbdeb9e2d5456c3be40cff031ab40a55,yes,yes,Token,-,,Transfer-log (free),"ERC20Votes-negligible(<=2deleg,DVC-never-fired)","DelegateChanged(address,address,address)"
8296,KSP,KLAYswap Protocol,non-EVM,,,no,n/a,,n/a (off Etherscan),,n/a,n/a (off Etherscan),
8335,MDX,Mdex,BSC,56,0x9c65ab58d8d978db963e63f2bfb7121627e3a739,yes,no(PAID),MdxToken,-,,Transfer-log (PAID chain),ERC20Votes-ABIonly [getLogs needs PAID plan on this chain],"DelegateVotesChanged(address,uint256,uint256)"
8353,BETH,Beacon ETH,BSC,56,0x250632378e573c6be1ac2f97fcdf00515d0aa91b,yes,no(PAID),BEP20UpgradeableProxy->impl:BEP20TokenImplementationV2,-,,Transfer-log (PAID chain),-,
8420,DAO,DAO Maker,Ethereum,1,0x0f51bb10119727a7e5ea3538074fb341f56b09ad,yes,yes,Token,-,,Transfer-log (free),-,
8497,BANANA,ApeSwap,Ethereum,1,0x92DF60c51C710a1b1C20E42D85e221f3A1bFc7f2,yes,yes,AnyswapV6ERC20,-,,Transfer-log (free),-,
8526,RAY,Raydium,BSC,56,0x13b6A55662f6591f8B8408Af1C73B017E32eEdB8,yes,no(PAID),BridgeToken->impl:TokenImplementation,-,,Transfer-log (PAID chain),-,
8534,CHEX,Chintai,Ethereum,1,0x9Ce84F6A69986a83d92C324df10bC8E64771030f,yes,yes,ERC1967Proxy->impl:ChexV2,-,,Transfer-log (free),-,
8602,AUCTION,Bounce Token,Ethereum,1,0xA9B1Eb5908CfC3cdf91F9B8B3a74108598009096,yes,yes,BounceAuctionToken,-,,Transfer-log (free),-,
8615,EPIC,Epic Chain,Ethereum,1,0x94314a14df63779c99c0764a30e0cd22fa78fc0e,yes,yes,EpicToken,-,,Transfer-log (free),-,
8719,ILV,Illuvium,Ethereum,1,0x767fe9edc9e0df98e07454847909b5e959d7ca0e,yes,yes,IlluviumERC20,-,,Transfer-log (free),"ERC20Votes-negligible(<=2deleg,DVC-never-fired)","DelegateChanged(address,address,address)"
8766,ALICE,MyNeighborAlice,Ethereum,1,0xAC51066d7bEC65Dc4589368da368b212745d63E8,yes,yes,AliceToken,-,,Transfer-log (free),-,
8857,ANC,Anchor Protocol,Ethereum,1,0x0F3ADC247E91c3c50bC08721355A41037E89Bc20,yes,yes,WrappedANC,-,,Transfer-log (free),-,
8891,BTCST,Bitcoin Standard Hashrate Token,BSC,56,0x78650b139471520656b9e7aa7a5e9276814a38e9,yes,no(PAID),AdminUpgradeabilityProxy->impl:BTCST,-,,Transfer-log (PAID chain),-,
8938,EPS,Ellipsis,BSC,56,0xA7f552078dcC247C2684336020c03648500C6d9F,yes,no(PAID),Vyper_contract,-,,Transfer-log (PAID chain),-,
8972,SFUND,Seedify.fund,BSC,56,0x477bc8d23c634c154061869478bce96be6045d12,yes,no(PAID),InitializableERC20,-,,Transfer-log (PAID chain),-,
9119,TLM,Alien Worlds,Ethereum,1,0x888888848B652B3E3a0f34c96E00EEC0F3a23F72,yes,yes,TeleportToken,-,,Transfer-log (free),-,
9175,MBOX,MOBOX,BSC,56,0x3203c9e46ca618c8c1ce5dc67e7e9d75f5da2377,yes,no(PAID),MoboxToken,-,,Transfer-log (PAID chain),-,
9308,PYR,Vulcan Forged (PYR),Ethereum,1,0x430ef9263e76dae63c84292c3409d61c598e9682,yes,yes,PYRToken,-,,Transfer-log (free),-,
9417,MPL,Maple,Ethereum,1,0x33349b282065b0284d756f0577fb39c158f935e6,yes,yes,MapleToken,-,,Transfer-log (free),-,
9421,FORTH,Ampleforth Governance Token,Ethereum,1,0x77fba179c79de5b7653f68b5039af940ada60ce0,yes,yes,Forth,-,,Transfer-log (free),ERC20Votes,"DelegateVotesChanged(address,uint256,uint256)"
9436,ELON,Dogelon Mars,Ethereum,1,0x761d38e5ddf6ccf6cf7c55759d5210750b5d60f3,yes,yes,Dogelon,-,,Transfer-log (free),-,
9444,KNC,Kyber Network Crystal v2,Ethereum,1,0xdeFA4e8a7bcBA345F687a2f1456F5Edd9CE97202,yes,yes,AdminUpgradeabilityProxy->impl:KyberNetworkTokenV2,-,,Transfer-log (free),-,
9462,WAVAX,Wrapped AVAX,Avalanche,43114,0xb31f66aa3c1e785363f0875a1b74e27b85fd66c7,yes,no(PAID),WAVAX,-,,Transfer-log (PAID chain),-,
9486,BTCT,Bitcoin TRC20,non-EVM,,,no,n/a,,n/a (off Etherscan),,n/a,n/a (off Etherscan),
9543,BICO,Biconomy,Ethereum,1,0xF17e65822b568B3903685a7c9F496CF7656Cc6C2,yes,yes,BicoTokenProxy->impl:BicoTokenImplementation,-,,Transfer-log (free),-,
9640,METIS,Metis,Ethereum,1,0x9E32b13ce7f2E80A01932B42553652E053D6ed8e,yes,yes,MToken,-,,Transfer-log (free),-,
9674,WILD,Wilder World,Ethereum,1,0x2a3bff78b79a009976eea096a51a948a3dc00e34,yes,yes,AdminUpgradeabilityProxy->impl:ZeroDAOTokenV2,-,,Transfer-log (free),-,
10188,ATA,Automata Network,Ethereum,1,0xa2120b9e674d3fc3875f415a7df52e382f141225,yes,yes,ATAToken,-,,Transfer-log (free),-,
10240,WFTM,Wrapped Fantom,Ethereum,1,0x4e15361fd6b4bb609fa63c81a2be19d873717870,yes,yes,FantomToken,-,,Transfer-log (free),-,
10407,BabyDoge,Baby Doge Coin,Ethereum,1,0xac57de9c1a09fec648e93eb98875b212db0d460b,yes,yes,CoinToken,-,,Transfer-log (free),-,
10508,FLUID,Fluid,Ethereum,1,0x6f40d4A6237C257fff2dB00FA0510DeEECd303eb,yes,yes,InstaToken->impl:InstaTokenDelegate,-,,Transfer-log (free),ERC20Votes,"DelegateVotesChanged(address,uint256,uint256)"
10529,SUN,Sun [New],non-EVM,,,no,n/a,,n/a (off Etherscan),,n/a,n/a (off Etherscan),
10688,YGG,Yield Guild Games,Ethereum,1,0x25f8087ead173b73d6e8b84329989a8eea16cf73,yes,yes,YGGToken,-,,Transfer-log (free),-,
10759,DVF,rhino.fi,Ethereum,1,0xdddddd4301a082e62e84e43f474f044423921918,yes,yes,DeversiFi,-,,Transfer-log (free),-,
10804,FLOKI,FLOKI,Ethereum,1,0xcf0c122c6b73ff809c693db761e7baebe62b6a2e,yes,yes,FLOKI,-,,Transfer-log (free),"ERC20Votes-negligible(<=2deleg,DVC-never-fired)","DelegateChanged(address,address,address)"
10897,ALT,Alitas,BSC,56,0x5ca09af27b8a4f1d636380909087536bc7e2d94d,yes,no(PAID),Alitas,-,,Transfer-log (PAID chain),ERC20Votes-ABIonly [getLogs needs PAID plan on this chain],"DelegateVotesChanged(address,uint256,uint256)"
10903,C98,Coin98,Ethereum,1,0xae12c5930881c53715b369cec7606b70d8eb229f,yes,yes,Coin98,-,,Transfer-log (free),-,
11079,BRISE,Bitgert,Ethereum,1,0xF2B2f7b47715256Ce4eA43363a867fdce9353e3A,yes,yes,BRISE,-,,Transfer-log (free),-,
11156,ETHDYDX,dYdX (ethDYDX),Ethereum,1,0x92d6c1e31e14520e676a687f0a93788b716beff5,yes,yes,DydxToken,-,,Transfer-log (free),ERC20Votes,"DelegatedPowerChanged(address,uint256,uint8)"
11165,ORCA,Orca,non-EVM,,,no,n/a,,n/a (off Etherscan),,n/a,n/a (off Etherscan),
11171,MNGO,Mango,non-EVM,,,no,n/a,,n/a (off Etherscan),,n/a,n/a (off Etherscan),
11221,BIT,BitDAO,Ethereum,1,0x1A4b46696b2bB4794Eb3D4c26f1c55F9170fa4C5,yes,yes,BitDAO,-,,Transfer-log (free),ERC20Votes,"DelegateVotesChanged(address,uint256,uint256)"
11232,HIGH,Highstreet,Ethereum,1,0x71Ab77b7dbB4fa7e017BC15090b2163221420282,yes,yes,HIGH,-,,Transfer-log (free),-,
11289,SPELL,Spell Token,Ethereum,1,0x090185f2135308bad17527004364ebcc2d37e5f6,yes,yes,Spell,-,,Transfer-log (free),-,
11865,BONE,Bone ShibaSwap,Ethereum,1,0x9813037ee2218799597d83D4a5B6F3b6778218d9,yes,yes,BoneToken,-,,Transfer-log (free),ERC20Votes,"DelegateVotesChanged(address,uint256,uint256)"
12220,OSMO,Osmosis,non-EVM,,,no,n/a,,n/a (off Etherscan),,n/a,n/a (off Etherscan),
12387,RBN,Ribbon Finance,Ethereum,1,0x6123b0049f904d730db3c36a31167d9d4121fa6b,yes,yes,RibbonToken,-,,Transfer-log (free),-,
12573,CPOOL,Clearpool,Ethereum,1,0x66761fa41377003622aee3c7675fc7b5c1c2fac5,yes,yes,CPOOL,-,,Transfer-log (free),ERC20Votes-DORMANT,"DelegateVotesChanged(address,uint256,uint256)"
12760,INF,Sanctum Infinity,non-EVM,,,no,n/a,,n/a (off Etherscan),,n/a,n/a (off Etherscan),
13502,WLD,Worldcoin,Ethereum,1,0x163f8c2467924be0ae7b5347228cabf260318753,yes,yes,WLD,admin/vesting-lock(not conviction),,Transfer-log (free),-,
14280,EUL,Euler,Ethereum,1,0xd9fcd98c322942075a5c3860693e9f4f03aae07b,yes,yes,Eul,-,,Transfer-log (free),ERC20Votes,"DelegateVotesChanged(address,uint256,uint256)"
14519,VVS,VVS Finance,Ethereum,1,0x839e71613f9aA06E5701CF6de63E303616B0DDE3,yes,yes,CosmosERC20,-,,Transfer-log (free),-,
14783,MAGIC,Treasure,Ethereum,1,0xb0c7a3ba49c7a6eaba6cd4a96c55a1391070ac9a,yes,yes,MagicProxy->impl:MagicTIP39Facet,-,,Transfer-log (free),-,
14803,AURORA,Aurora,Ethereum,1,0xaaaaaa20d9e0e2461697782ef11675f668207961,yes,yes,AuroraToken,-,,Transfer-log (free),-,
14806,PEOPLE,ConstitutionDAO,Ethereum,1,0x7a58c0be72be218b41c608b7fe7c5bb630736c71,yes,yes,Tickets,-,,Transfer-log (free),-,
16116,SOL,Wrapped Solana,Ethereum,1,0xD31a59c85aE9D8edEFeC411D448f90841571b89c,yes,yes,BridgeToken->impl:TokenImplementation,-,,Transfer-log (free),-,
16334,APX,APX,BSC,56,0x78f5d389f5cdccfc41594abab4b0ed02f31398b3,yes,no(PAID),APXToken,-,,Transfer-log (PAID chain),-,
16876,ALI,Artificial Liquid Intelligence,Ethereum,1,0x6b0b3a982b4634ac68dd83a4dbf02311ce324181,yes,yes,AliERC20v2,-,,Transfer-log (free),ERC20Votes-DORMANT,"VotingPowerChanged(address,address,uint256,uint256)"
17591,NYM,NYM,Ethereum,1,0x525A8F6F3Ba4752868cde25164382BfbaE3990e1,yes,yes,CosmosERC20,-,,Transfer-log (free),-,
17751,T,Threshold,Ethereum,1,0xCdF7028ceAB81fA0C6971208e83fa7872994beE5,yes,yes,T,-,,Transfer-log (free),ERC20Votes,"DelegateVotesChanged(address,uint256,uint256)"
17799,AXL,Axelar,Ethereum,1,0x467719aD09025FcC6cF6F8311755809d45a5E5f3,yes,yes,BurnableMintableCappedERC20,-,,Transfer-log (free),-,
18031,CCD,Concordium,non-EVM,,,no,n/a,,n/a (off Etherscan),,n/a,n/a (off Etherscan),
18037,MAV,Maverick Protocol,Ethereum,1,0x7448c7456a97769F6cD04F1E83A4a23cCdC46aBD,yes,yes,MaverickToken,-,,Transfer-log (free),-,
18579,WTRX,Wrapped TRON,non-EVM,,,no,n/a,,n/a (off Etherscan),,n/a,n/a (off Etherscan),
19650,VOLT,Volt Inu,Ethereum,1,0x7f792db54b0e580cdc755178443f0430cf799aca,yes,yes,VoltInu,-,,Transfer-log (free),-,
19843,APEX,ApeX Protocol,Ethereum,1,0x52A8845DF664D76C69d2EEa607CD793565aF42B8,yes,yes,ApeXToken,-,,Transfer-log (free),"ERC20Votes-negligible(<=2deleg,DVC-never-fired)","DelegateChanged(address,address,address)"
20314,LUNA,Terra,non-EVM,,,no,n/a,,n/a (off Etherscan),,n/a,n/a (off Etherscan),
20721,BTC.b,Bitcoin Avalanche Bridged,Avalanche,43114,0x152b9d0FdC40C096757F570A51E494bd4b943E50,yes,no(PAID),BridgeToken,-,,Transfer-log (PAID chain),-,
21159,ONDO,Ondo,Ethereum,1,0xfaba6f8e4a5e8ab82f62fe7c39859fa577269be3,yes,yes,Ondo,-,,Transfer-log (free),ERC20Votes,"DelegateVotesChanged(address,uint256,uint256)"
21870,MPLX,Metaplex,BSC,56,0x75a5863A19aF60ec0098d62ED8C34cc594fB470f,yes,no(PAID),BridgeToken->impl:TokenImplementation,-,,Transfer-log (PAID chain),-,
22059,VENOM,Venom,non-EVM,,,no,n/a,,n/a (off Etherscan),,n/a,n/a (off Etherscan),
22850,HONEY,Hivemapper,non-EVM,,,no,n/a,,n/a (off Etherscan),,n/a,n/a (off Etherscan),
22974,TAO,Bittensor,non-EVM,,,no,n/a,,n/a (off Etherscan),,n/a,n/a (off Etherscan),
23054,CHEEL,Cheelee,BSC,56,0x1F1C90aEb2fd13EA972F0a71e35c0753848e3DB0,yes,no(PAID),TransparentUpgradeableProxy->impl:CHEEL,-,,Transfer-log (PAID chain),ERC20Votes-ABIonly [getLogs needs PAID plan on this chain],"DelegateVotesChanged(address,uint256,uint256)"
23082,TEM,TemDAO,Ethereum,1,0xaE0585a259A3BCAB258D6EE02FB583f7B33C2a12,yes,yes,TempleCoin,-,,Transfer-log (free),-,
23711,PRIME,Echelon Prime,Ethereum,1,0xb23d80f5FefcDDaa212212F028021B41DEd428CF,yes,yes,PrimeToken,-,,Transfer-log (free),-,
24091,ZK,ZKsync,non-EVM,,,no,n/a,,n/a (off Etherscan),,n/a,n/a (off Etherscan),
24257,LGCT,Legacy Token,BSC,56,0xD38B305CaC06990c0887032A02C03D6839f770A8,yes,no(PAID),LGCT,-,,Transfer-log (PAID chain),-,
24399,WHBAR,Wrapped HBAR,non-EVM,,,no,n/a,,n/a (off Etherscan),,n/a,n/a (off Etherscan),
24735,WPLS,Wrapped Pulse,non-EVM,,,no,n/a,,n/a (off Etherscan),,n/a,n/a (off Etherscan),
24781,CYBER,Cyber,Ethereum,1,0x14778860e937f509e651192a90589de711fb88a9,yes,yes,CyberToken,-,,Transfer-log (free),ERC20Votes,"DelegateVotesChanged(address,uint256,uint256)"
24796,ADF,Art de Finance,Polygon,137,0x6BD10299f4f1d31b3489Dc369eA958712d27c81b,yes,yes,ArtdeFinanceToken,-,,Transfer-log (free),-,
24875,STRX,Staked TRX,non-EVM,,,no,n/a,,n/a (off Etherscan),,n/a,n/a (off Etherscan),
25264,SNEK,Snek,non-EVM,,,no,n/a,,n/a (off Etherscan),,n/a,n/a (off Etherscan),
26133,TBTC,tBTC,Ethereum,1,0x18084fba666a33d37592fa2633fd49a74dd93a88,yes,yes,TBTC,-,,Transfer-log (free),-,
26680,NTRN,Neutron,non-EVM,,,no,n/a,,n/a (off Etherscan),,n/a,n/a (off Etherscan),
26997,ZRO,LayerZero,Ethereum,1,0x6985884C4392D348587B19cb9eAAf157F13271cd,yes,yes,LayerZeroToken,-,,Transfer-log (free),-,
27076,WTFUEL,Wrapped TFUEL,non-EVM,,,no,n/a,,n/a (off Etherscan),,n/a,n/a (off Etherscan),
27077,WTHETA,Wrapped THETA,non-EVM,,,no,n/a,,n/a (off Etherscan),,n/a,n/a (off Etherscan),
27565,ARKM,Arkham,Ethereum,1,0x6E2a43be0B1d33b726f0CA3b8de60b3482b8b050,yes,yes,ERC1967Proxy->impl:ARKM,-,,Transfer-log (free),-,
27765,ZBU,Zeebu,Ethereum,1,0xe77f6aCD24185e149e329C1C0F479201b9Ec2f4B,yes,yes,TransparentUpgradeableProxy->impl:ZeebuToken,-,,Transfer-log (free),-,
27966,DORA,Dora Factory,Ethereum,1,0x70b790d0948a760e80bc3f892b142F7779b538B2,yes,yes,ERC20,-,,Transfer-log (free),-,
28047,LSD,L7,BSC,56,0xcD1B51b87a8a7137D6421bA5A976225187a26777,yes,no(PAID),LSD,-,,Transfer-log (PAID chain),-,
28177,PYTH,Pyth Network,non-EVM,,,no,n/a,,n/a (off Etherscan),,n/a,n/a (off Etherscan),
28183,WFLR,Wrapped Flare,non-EVM,,,no,n/a,,n/a (off Etherscan),,n/a,n/a (off Etherscan),
28298,BEAM,Beam,Ethereum,1,0x62D0A8458eD7719FDAF978fe5929C6D342B0bFcE,yes,yes,BeamToken,-,,Transfer-log (free),"ERC20Votes-negligible(<=2deleg,DVC-never-fired)","DelegateChanged(address,address,address)"
28301,MEME,Memecoin,Ethereum,1,0xb131f4A55907B10d1F0A50d8ab8FA09EC342cd74,yes,yes,Memecoin,-,,Transfer-log (free),-,
28480,BLAST,Blast,Blast,81457,0xb1a5700fA2358173Fe465e6eA4Ff52E36e88E2ad,yes,yes,GovernanceToken,-,,Transfer-log (free),ERC20Votes,"DelegateVotesChanged(address,uint256,uint256)"
28674,ACE,Fusionist,BSC,56,0xc27A719105A987b4c34116223CAE8bd8F4B5def4,yes,no(PAID),ACEToken,-,,Transfer-log (PAID chain),-,
28853,JLP,Jupiter Perps LP,non-EVM,,,no,n/a,,n/a (off Etherscan),,n/a,n/a (off Etherscan),
29082,SAROS,Saros,non-EVM,,,no,n/a,,n/a (off Etherscan),,n/a,n/a (off Etherscan),
29150,PONKE,Ponke,Base,8453,0x4a0c64af541439898448659aedcec8e8e819fc53,yes,no(PAID),PeerToken,-,,Transfer-log (PAID chain),ERC20Votes-ABIonly [getLogs needs PAID plan on this chain],"DelegateVotesChanged(address,uint256,uint256)"
29210,JUP,Jupiter,non-EVM,,,no,n/a,,n/a (off Etherscan),,n/a,n/a (off Etherscan),
29335,PIXEL,Pixels,Ethereum,1,0x3429d03c6F7521AeC737a0BBF2E5ddcef2C3Ae31,yes,yes,PIXEL,-,,Transfer-log (free),-,
29555,PORTAL,Portal,Ethereum,1,0x1bbe973bef3a977fc51cbed703e8ffdefe001fed,yes,yes,PortalToken,-,,Transfer-log (free),-,
29587,W,Wormhole,Ethereum,1,0xB0fFa8000886e57F86dd5264b9582b2Ad87b2b91,yes,yes,ERC1967Proxy->impl:WToken,-,,Transfer-log (free),ERC20Votes,"DelegateVotesChanged(address,uint256,uint256)"
29676,AEVO,Aevo,Ethereum,1,0xB528edBef013aff855ac3c50b381f253aF13b997,yes,yes,AevoToken,-,,Transfer-log (free),-,
29779,ZKJ,Polyhedra Network,Ethereum,1,0xC71B5F631354BE6853eFe9C3Ab6b9590F8302e81,yes,yes,PolyhedraNetworkToken,-,,Transfer-log (free),-,
30083,ATH,Aethir,Ethereum,1,0xbe0ed4138121ecfc5c0e56b40517da27e6c5226b,yes,yes,AethirToken,-,,Transfer-log (free),-,
30126,MEW,cat in a dogs world,non-EVM,,,no,n/a,,n/a (off Etherscan),,n/a,n/a (off Etherscan),
30494,EIGEN,EigenCloud,Ethereum,1,0xec53bF9167f50cDEB3Ae105f56099aaaB9061F83,yes,yes,TransparentUpgradeableProxy->impl:Eigen,-,,Transfer-log (free),ERC20Votes,"DelegateVotesChanged(address,uint256,uint256)"
30506,WZEDX,Wrapped Zedxion,BSC,56,0x567556A7493FB7a22d2fd158Dd4C766a98705f96,yes,no(PAID),TokenProxy->impl:PermittableToken,-,,Transfer-log (PAID chain),-,
30636,ZBCN,Zebec Network,non-EVM,,,no,n/a,,n/a (off Etherscan),,n/a,n/a (off Etherscan),
30712,MERL,Merlin Chain,Ethereum,1,0xa0c56a8c0692bD10B3fA8f8bA79Cf5332B7107F9,yes,yes,DelayedERC1967Proxy->impl:MultiControlERC20,-,,Transfer-log (free),-,
30986,KMNO,Kamino,non-EVM,,,no,n/a,,n/a (off Etherscan),,n/a,n/a (off Etherscan),
31278,DRIFT,Drift,non-EVM,,,no,n/a,,n/a (off Etherscan),,n/a,n/a (off Etherscan),
31503,BWB,Bitget Wallet Token,Ethereum,1,0xac6DB8954b73EbF10e84278AC8b9B22a781615D9,yes,yes,BWBToken,-,,Transfer-log (free),-,
32272,PUMPBTC,pumpBTC (Rehypothecated BTC),Ethereum,1,0xf469fbd2abcd6b9de8e169d128226c0fc90a012e,yes,yes,PumpToken,-,,Transfer-log (free),-,
32306,FBTC,Function,Ethereum,1,0xC96dE26018A54D51c097160568752c4E3BD6C364,yes,yes,FBTC,admin/vesting-lock(not conviction),,Transfer-log (free),-,
32376,AVAIL,Avail,Ethereum,1,0xEeB4d8400AEefafC1B2953e0094134A887C76Bd8,yes,yes,Avail,-,,Transfer-log (free),-,
32724,CAT,Simon's Cat,BSC,56,0x6894CDe390a3f51155ea41Ed24a33A4827d3063D,yes,no(PAID),ScatToken,-,,Transfer-log (PAID chain),-,
32882,BNSOL,Binance Staked SOL,non-EVM,,,no,n/a,,n/a (off Etherscan),,n/a,n/a (off Etherscan),
33038,SKY,Sky,Ethereum,1,0x56072C95FAA701256059aa122697B133aDEd9279,yes,yes,Sky,-,,Transfer-log (free),-,
33055,slisBNBx,slisBNBx,BSC,56,0x4b30fcAA7945fE9fDEFD2895aae539ba102Ed6F6,yes,no(PAID),TransparentUpgradeableProxy->impl:slisBNBx,-,,Transfer-log (PAID chain),-,
33223,LAB,LAB,BSC,56,0x7ec43Cf65F1663F820427C62A5780b8f2E25593A,yes,no(PAID),LabToken,-,,Transfer-log (PAID chain),-,
33251,WLFI,World Liberty Financial,Ethereum,1,0xdA5e1988097297dCdc1f90D4dFE7909e847CBeF6,yes,yes,TransparentUpgradeableProxy->impl:WorldLibertyFinancialV3,-,,Transfer-log (free),ERC20Votes,"DelegateVotesChanged(address,uint256,uint256)"
33280,CHEEMS,Cheems (cheems.pet),BSC,56,0x0df0587216a4a1bb7d5082fdc491d93d2dd4b413,yes,no(PAID),ERC20Mintable,-,,Transfer-log (PAID chain),-,
33310,xSolvBTC,xSolvBTC,Ethereum,1,0xd9d920aa40f578ab794426f5c90f6c731d159def,yes,yes,BeaconProxy->impl:SolvBTCYieldTokenV3_1,-,,Transfer-log (free),-,
33312,SolvBTC,SolvBTC,Ethereum,1,0x7a56e1c57c7475ccf742a1832b028f0456652f97,yes,yes,BeaconProxy->impl:SolvBTCV3,-,,Transfer-log (free),-,
33342,EVA,EverValue Coin,Arbitrum,42161,0x45d9831d8751b2325f3dbf48db748723726e1c8c,yes,yes,EverValueCoin,-,,Transfer-log (free),-,
33391,DEEP,DeepBook Protocol,non-EVM,,,no,n/a,,n/a (off Etherscan),,n/a,n/a (off Etherscan),
33566,ACT,Act I : The AI Prophecy,non-EVM,,,no,n/a,,n/a (off Etherscan),,n/a,n/a (off Etherscan),
33652,LBTC,Lombard Staked BTC,Ethereum,1,0x8236a87084f8b84306f72007f36f2618a5634494,yes,yes,TransparentUpgradeableProxy->impl:StakedLBTC,-,,Transfer-log (free),-,
33696,EBTC,ether.fi Staked BTC,Ethereum,1,0x657e8C867D8B37dCC18fA4Caead9C45EB088C642,yes,yes,BoringVault,-,,Transfer-log (free),-,
33824,SYRUP,Maple Finance,Ethereum,1,0x643C4E15d7d62Ad0aBeC4a9BD4b001aA3Ef52d66,yes,yes,MapleTokenProxy->impl:MapleToken,-,,Transfer-log (free),-,
33834,BBSOL,Bybit Staked SOL,non-EVM,,,no,n/a,,n/a (off Etherscan),,n/a,n/a (off Etherscan),
34104,MORPHO,Morpho,Ethereum,1,0x58D97B57BB95320F9a05dC918Aef65434969c2B2,yes,yes,ERC1967Proxy->impl:MorphoTokenEthereum,-,,Transfer-log (free),-,
34143,WHITE,WhiteRock,Ethereum,1,0x9cdf242Ef7975D8c68D5C1F5B6905801699b1940,yes,yes,ERC1967Proxy->impl:White,-,,Transfer-log (free),-,
34812,BIO,Bio Protocol,Ethereum,1,0xcb1592591996765ec0efc1f92599a19767ee5ffa,yes,yes,BioToken,-,,Transfer-log (free),-,
34926,ARC,AI Rig Complex,non-EVM,,,no,n/a,,n/a (off Etherscan),,n/a,n/a (off Etherscan),
35429,LAYER,Solayer,non-EVM,,,no,n/a,,n/a (off Etherscan),,n/a,n/a (off Etherscan),
35437,USDF,Aster USDF,BSC,56,0x5A110fC00474038f6c02E89C707D638602EA44B5,yes,no(PAID),USDF,-,,Transfer-log (PAID chain),-,
35509,VVV,Venice Token,Base,8453,0xacfE6019Ed1A7Dc6f7B508C02d1b04ec88cC21bf,yes,no(PAID),Venice,-,,Transfer-log (PAID chain),-,
35763,KAITO,KAITO,Base,8453,0x98d0baa52b2D063E780DE12F615f963Fe8537553,yes,no(PAID),Kaito,-,,Transfer-log (PAID chain),-,
35818,SOSO,SoSoValue,Ethereum,1,0x76A0e27618462bDAC7a29104bdcfFf4E6BFCea2D,yes,yes,ERC1967Proxy->impl:SoSoValueToken,-,,Transfer-log (free),-,
35881,WHYPE,Wrapped HYPE,non-EVM,,,no,n/a,,n/a (off Etherscan),,n/a,n/a (off Etherscan),
35931,ZORA,ZORA,Base,8453,0x1111111111166b7fe7bd91427724b487980afc69,yes,no(PAID),Zora,-,,Transfer-log (PAID chain),ERC20Votes-ABIonly [getLogs needs PAID plan on this chain],"DelegateVotesChanged(address,uint256,uint256)"
35954,LION,Loaded Lions,Arbitrum,42161,0x527e8D368298deA5a53be257e5300F4DBafb7a97,yes,yes,LionToken,-,,Transfer-log (free),-,
36044,NXPC,NEXPACE,BSC,56,0xf2b51cc1850fed939658317a22d73d3482767591,yes,no(PAID),FactoryBurnMintERC20,-,,Transfer-log (PAID chain),-,
36119,WAL,Walrus,non-EVM,,,no,n/a,,n/a (off Etherscan),,n/a,n/a (off Etherscan),
36175,UNIBTC,Universal BTC,Ethereum,1,0x004e9c3ef86bc1ca1f0bb5c7662861ee93350568,yes,yes,TransparentUpgradeableProxy->impl:uniBTC,-,,Transfer-log (free),-,
36246,stkAAVE,Staked Aave,Ethereum,1,0x4da27a545c0c5B758a6BA100e3a049001de870f5,yes,yes,InitializableAdminUpgradeabilityProxy->impl:StakedAaveV3,GENUINE,"Staked(address,address,uint256,uint256)",Transfer-log (free),delegation-only,"DelegateChanged(address,address,uint8)"
36341,ASTER,Aster,BSC,56,0x000Ae314E2A2172a039B26378814C252734f556A,yes,no(PAID),AsterToken,-,,Transfer-log (PAID chain),-,
36410,MYX,MYX Finance,BSC,56,0xD82544bf0dfe8385eF8FA34D67e6e4940CC63e16,yes,no(PAID),MYX,-,,Transfer-log (PAID chain),-,
36458,AETHWETH,Aave Ethereum WETH,Ethereum,1,0x4d5F47FA6A74757f35C14fD3a6Ef8E3C9BC514E8,yes,yes,InitializableImmutableAdminUpgradeabilityProxy->impl:ATokenInstance,-,,Transfer-log (free),-,
36462,A,Vaulta,non-EVM,,,no,n/a,,n/a (off Etherscan),,n/a,n/a (off Etherscan),
36507,PUMP,Pump.fun,non-EVM,,,no,n/a,,n/a (off Etherscan),,n/a,n/a (off Etherscan),
36532,B,BUILDon,BSC,56,0x6bdcce4a559076e37755a78ce0c06214e59e4444,yes,no(PAID),Token,-,,Transfer-log (PAID chain),-,
36671,SAHARA,Sahara AI,Ethereum,1,0xFDFfB411C4A70AA7C95D5C981a6Fb4Da867e1111,yes,yes,SaharaToken,-,,Transfer-log (free),-,
37986,LIGHT,Light,non-EVM,,,no,n/a,,n/a (off Etherscan),,n/a,n/a (off Etherscan),
38299,AVNT,Avantis,Base,8453,0x696F9436B67233384889472Cd7cD58A6fB5DF4f1,yes,no(PAID),Token,-,,Transfer-log (PAID chain),-,
38353,MET,Meteora,non-EVM,,,no,n/a,,n/a (off Etherscan),,n/a,n/a (off Etherscan),
38408,BARD,Lombard,Ethereum,1,0xf0DB65D17e30a966C2ae6A21f6BBA71cea6e9754,yes,yes,BARD,-,,Transfer-log (free),ERC20Votes-DORMANT,"DelegateVotesChanged(address,uint256,uint256)"
38417,RIVER,River,Ethereum,1,0xdA7AD9dea9397cffdDAE2F8a052B82f1484252B3,yes,yes,River,-,,Transfer-log (free),-,
38770,MEGA,MegaETH,non-EVM,,,no,n/a,,n/a (off Etherscan),,n/a,n/a (off Etherscan),
38779,syrupUSDC,syrupUSDC,Ethereum,1,0x80ac24aa929eaf5013f6436cda2a7ba190f5cc0b,yes,yes,MaplePool,-,,Transfer-log (free),-,
38786,syrupUSDT,syrupUSDT,Ethereum,1,0x356b8d89c1e1239cbbb9de4815c39a1474d5ba7d,yes,yes,MaplePool,-,,Transfer-log (free),-,
38967,RAVE,RaveDAO,Ethereum,1,0x17205fab260a7a6383a81452cE6315A39370Db97,yes,yes,RaveToken,-,,Transfer-log (free),-,
39042,POWER,Power Protocol,Ethereum,1,0x9dC44ae5BE187ECA9e2A67e33f27A4c91cEA1223,yes,yes,PowerToken,-,,Transfer-log (free),-,
39125,LIT,Lighter,Ethereum,1,0x232ce3bd40fcd6f80f3d55a522d03f25df784ee2,yes,yes,Lighter,-,,Transfer-log (free),-,
39379,GWEI,ETHGas,Ethereum,1,0x2798b1cC5A993085E8A9D46e80499F1B63f42204,yes,yes,EthgasToken,-,,Transfer-log (free),-,
39720,EDGE,edgeX,Ethereum,1,0xB0076DE78Dc50581770BBa1D211dDc0aD4F2a241,yes,yes,ERC1967Proxy->impl:EdgeToken,-,,Transfer-log (free),-,
39841,GENIUS,Genius Terminal,BSC,56,0x1F12B85aAC097E43Aa1555b2881E98a51090e9A6,yes,no(PAID),GeniusToken,-,,Transfer-log (PAID chain),-,
7127,VELO,Velodrome Finance,BSC,56,0xf486ad071f3bee968384d2e39e2d8af0fcf6fd46,yes,no(PAID),Token,-,,Transfer-log (PAID chain),-,
5728,BAL,Balancer,Ethereum,1,0xba100000625a3754423978a60c9317c58a424e3D,yes,yes,BalancerGovernanceToken,-,,Transfer-log (free),-,
5692,COMP,Compound,Ethereum,1,0xc00e94cb662c3520282e6f5717214004a7f26888,yes,yes,Comp,-,,Transfer-log (free),ERC20Votes,"DelegateVotesChanged(address,uint256,uint256)"
n/a,ANGLE,Angle Protocol,non-EVM,,,no,n/a,,n/a (off Etherscan),,n/a,n/a (off Etherscan),
