cmc_id,symbol,name,picked_chainid,picked_address,reachable,n_platforms,platforms
314,OC,OrangeCoin,,,False,0,
329,SYNC,Sync,,,False,0,
399,MIN,Mineralscoin,,,False,0,
473,APEX,ApexCoin,,,False,0,
603,DEX,InstantDEX,,,False,0,
659,BITS,Bitswift,,,False,0,
661,ARCH,ARCHcoin,,,False,0,
671,GAIA,GAIA,,,False,0,
703,RBT,Rimbit,,,False,0,
769,XUSD,CoinoUSD,,,False,0,
785,GP,GoldPieces,,,False,0,
788,COVAL,Circuits of Value,1,0x3d658390460295fb963f54dc0899cfb1c30776df,True,3,Ethereum:0x3d658390460295fb963f54dc0899cfb1c30776df | BNB Smart Chain (BEP20):0xd15cee1deafbad6c0b3fd7489677cc102b141464 | Polygon:0x4597c8a59ab28b36840b82b3a674994a279593d0
793,CELL,SolarFarm,,,False,0,
810,LQD,LIQUID,,,False,0,
814,DOT,Dotcoin,,,False,0,
873,XEM,NEM,,,False,0,
888,JAY,Jay,,,False,0,
963,CORE,CORE,,,False,0,
1062,FLY,Flycoin,,,False,0,
1080,NEU,NeuCoin,,,False,0,
1091,PLS,PLAY,,,False,0,
1104,REP,Augur,1,0x1985365e9f78359a9B6AD760e32412f4a445E862,True,1,Ethereum:0x1985365e9f78359a9B6AD760e32412f4a445E862
1121,BST,BitStone,,,False,0,
1125,AMP,HyperSpace,,,False,0,
1166,WARP,WARP,1,0x83e6f1E41cdd28eAcEB20Cb649155049Fac3D5Aa,True,0,
1237,JACK,BlackJack,,,False,0,
1253,DAO,The DAO,,,False,0,
1274,WAVES,Waves,1,0x7296eaA225804451a91616b29D040cAB05435f0d,True,4,Ethereum:0x7296eaA225804451a91616b29D040cAB05435f0d | BNB Smart Chain (BEP20):0xcbc86b26e0BD751683ecF2581B21f7cE4a224042 | Solana:4XEjo9GZkKom3E26NQiidJLawwM9kbt76gUMDdGe1meQ | Waves:WAVES
1295,DRACO,DT Token,,,False,0,
1467,ARC,Arcade Token,1,0xac709fcb44a43c35f0da4e3163b117a17f3770f5,True,1,Ethereum:0xac709fcb44a43c35f0da4e3163b117a17f3770f5
1500,WINGS,Wings,1,0x667088b212ce3d06a1b553a7221E1fD19000d9aF,True,1,Ethereum:0x667088b212ce3d06a1b553a7221E1fD19000d9aF
1503,JUP,Jupiter,1,0x4B1E80cAC91e2216EEb63e29B957eB91Ae9C2Be8,True,2,Ethereum:0x4B1E80cAC91e2216EEb63e29B957eB91Ae9C2Be8 | BNB Smart Chain (BEP20):0x0231f91e02debd20345ae8ab7d71a41f8e140ce7
1518,MKR,Maker,1,0x9f8f72aa9304c8b593d555f12ef6589cc3a579a2,True,3,Ethereum:0x9f8f72aa9304c8b593d555f12ef6589cc3a579a2 | BNB Smart Chain (BEP20):0x5f0da599bb2cccfcf6fdfd7d81743b6020864350 | Avalanche C-Chain:0x88128fd4b259552A9A1D457f435a6527AAb72d42
1552,MLN,Enzyme,1,0xec67005c4e498ec7f55e092bd1d35cbc47c91892,True,2,Ethereum:0xec67005c4e498ec7f55e092bd1d35cbc47c91892 | Polygon:0xa9f37d84c856fda3812ad0519dad44fa0a3fe207
1556,TIME,Chrono.tech,1,0x485d17A6f1B8780392d53D64751824253011A260,True,3,Ethereum:0x485d17A6f1B8780392d53D64751824253011A260 | BNB Smart Chain (BEP20):0x3b198e26E473b8faB2085b37978e36c9DE5D7f68 | Polygon:0xb970Bc1BD4fCD639c37aa8eFD6713eaDc577252f
1573,CASINO,Casino,,,False,0,
1619,SKY,Skycoin,,,False,0,
1637,RLC,iExec RLC,1,0x607f4c5bb672230e8672085532f7e901544a7375,True,2,Ethereum:0x607f4c5bb672230e8672085532f7e901544a7375 | Arbitrum:0xe649e6a1F2afc63ca268C2363691ceCAF75CF47C
1660,TKN,Monolith,1,0xaaaf91d9b90df800df4f55c205fd6989c977e73a,True,1,Ethereum:0xaaaf91d9b90df800df4f55c205fd6989c977e73a
1680,ANT,Aragon,1,0xa117000000f279d81a1d3cc75430faa017fa5a2e,True,1,Ethereum:0xa117000000f279d81a1d3cc75430faa017fa5a2e
1684,QTUM,Qtum,,,False,0,
1722,MORE,More Coin,1,0x305DE070488C8469dFAC957226c9c900c4BFbA22,True,1,Ethereum:0x305DE070488C8469dFAC957226c9c900c4BFbA22
1732,NMR,Numeraire,1,0x1776e1F26f98b1A5dF9cD347953a26dd3Cb46671,True,1,Ethereum:0x1776e1F26f98b1A5dF9cD347953a26dd3Cb46671
1750,GXC,GXChain,,,False,0,
1757,FUN,FUNToken,1,0x419d0d8bdd9af5e606ae2232ed285aff190e711b,True,1,Ethereum:0x419d0d8bdd9af5e606ae2232ed285aff190e711b
1758,PAY,TenX,1,0xb97048628db6b661d4c2aa833e95dbe1a905b280,True,1,Ethereum:0xb97048628db6b661d4c2aa833e95dbe1a905b280
1768,ADX,AdEx,1,0xade00c28244d5ce17d72e40330b1c318cd12b7c3,True,2,Ethereum:0xade00c28244d5ce17d72e40330b1c318cd12b7c3 | BNB Smart Chain (BEP20):0x6bff4fb161347ad7de4a625ae5aa3a1ca7077819
1785,GAS,Gas,,,False,1,Neo:0xdE41591ED1f8ED1484aC2CD8ca0876428de60EfF
1808,OMG,OMG Network,1,0xd26114cd6ee289accf82350c8d8487fedb8a0c07,True,1,Ethereum:0xd26114cd6ee289accf82350c8d8487fedb8a0c07
1834,PLR,Pillar,1,0xe3818504c1b32bf1557b16c238b2e01fd3149c17,True,1,Ethereum:0xe3818504c1b32bf1557b16c238b2e01fd3149c17
1847,MSP,Mothership,1,0x68aa3f232da9bdc2343465545794ef3eea5209bd,True,1,Ethereum:0x68aa3f232da9bdc2343465545794ef3eea5209bd
1867,CTR,Centra,,,False,0,
1882,CAT,BlockCAT,1,0x56ba2Ee7890461f463F7be02aAC3099f6d5811A8,True,1,Ethereum:0x56ba2Ee7890461f463F7be02aAC3099f6d5811A8
1904,VEN,Vechain [Token],,,False,0,
1982,KNCL,Kyber Network Crystal Legacy,1,0xdd974d5c2e2928dea5f71b9825b8b646686bd200,True,1,Ethereum:0xdd974d5c2e2928dea5f71b9825b8b646686bd200
1984,SUB,Substratum,1,0x8D75959f1E61EC2571aa72798237101F084DE63a,True,1,Ethereum:0x8D75959f1E61EC2571aa72798237101F084DE63a
2015,ATM,ATMChain,1,0x9B11EFcAAA1890f6eE52C6bB7CF8153aC5d74139,True,1,Ethereum:0x9B11EFcAAA1890f6eE52C6bB7CF8153aC5d74139
2057,EDO,Eidoo,1,0xced4e93198734ddaff8492d525bd258d49eb388e,True,1,Ethereum:0xced4e93198734ddaff8492d525bd258d49eb388e
2058,AST,AirSwap,1,0x27054b13b1b798b345b591a4d22e6562d47ea75a,True,2,Ethereum:0x27054b13b1b798b345b591a4d22e6562d47ea75a | Gnosis Chain:0x743a991365ba94BFC90Ad0002CAD433c7a33cb4a
2071,REQ,Request,1,0x8f8221afbb33998d8584a2b05749ba73c37a938a,True,2,Ethereum:0x8f8221afbb33998d8584a2b05749ba73c37a938a | Polygon:0xb25e20de2f2ebb4cffd4d16a55c7b395e8a94762
2081,AMB,AirDAO,1,0xf4fb9bf10e489ea3edb03e094939341399587b0c,True,2,Ethereum:0xf4fb9bf10e489ea3edb03e094939341399587b0c | Solana:AMB4mArTRxZG7jCLqhxWziDeZGxzT59WPrQWvgpZPe8d
2096,RCN,Ripio Credit Network,1,0xf970b8e36e23f7fc3fd752eea86f8be8d83375a6,True,1,Ethereum:0xf970b8e36e23f7fc3fd752eea86f8be8d83375a6
2099,ICX,ICON,,,False,0,
2110,DOV,Dovu,1,0xac3211a5025414af2866ff09c23fc18bc97e79b1,True,2,Ethereum:0xac3211a5025414af2866ff09c23fc18bc97e79b1 | BNB Smart Chain (BEP20):0xc9457161320210D22F0D0d5fC1309Acb383d4609
2112,PHB,Phoenix Global,,,False,1,Neo:1578103c13e39df15d0d29826d957e85d770d8c9
2120,FUEL,Etherparty,1,0xea38eaa3c86c8f9b751533ba2e562deb9acded40,True,1,Ethereum:0xea38eaa3c86c8f9b751533ba2e562deb9acded40
2165,ERC20,ERC20,1,0xc3761EB917CD790B30dAD99f6Cc5b4Ff93C4F9eA,True,6,Ethereum:0xc3761EB917CD790B30dAD99f6Cc5b4Ff93C4F9eA | BNB Smart Chain (BEP20):0x8dCD1db7A6e0653eDd71bf38481989437a130ea0 | Solana:7sAiTVEQK9VPjsWHoPt45oPXUbBP5Z8XVfjiSjZ6Vdhb | Polygon:0x00bfc2651672cb741bd462da1d9ba653b42e24bb | Avalanche C-Chain:0xb6f5964816999c1bf8a282a38c81e69fe8a9211f | Arbitru
2176,HST,Decision Token,1,0x554c20b7c486beee439277b4540a434566dc4c02,True,1,Ethereum:0x554c20b7c486beee439277b4540a434566dc4c02
2202,PRL,Oyster,1,0x1844b21593262668b7248d0f57a220caaba46ab9,True,1,Ethereum:0x1844b21593262668b7248d0f57a220caaba46ab9
2223,VEE,BLOCKv,1,0x340d2bde5eb28c1eed91b2f790723e3b160613b7,True,3,Ethereum:0x340d2bde5eb28c1eed91b2f790723e3b160613b7 | Polygon:0xf1c1a3c2481a3a8a3f173a9ab5ade275292a6fa3 | Base:0xeFc2689D3E79252fBA37E889a1b5aD92cEDC6e4F
2239,LEND,Aave,1,0x80fB784B7eD66730e8b1DBd9820aFD29931aab03,True,1,Ethereum:0x80fB784B7eD66730e8b1DBd9820aFD29931aab03
2242,QBT,Qbao,,,False,0,
2273,UQC,Uquid Coin,1,0x8806926ab68eb5a7b909dcaf6fdbe5d93271d6e2,True,1,Ethereum:0x8806926ab68eb5a7b909dcaf6fdbe5d93271d6e2
2277,SMT,SmartMesh,1,0x55f93985431fc9304077687a35a1ba103dc1e081,True,1,Ethereum:0x55f93985431fc9304077687a35a1ba103dc1e081
2296,OST,OST,1,0x2c4e8f2d746113d0696ce89b35f0d8bf88e0aeca,True,1,Ethereum:0x2c4e8f2d746113d0696ce89b35f0d8bf88e0aeca
2308,SAI,Single Collateral DAI ,1,0x89d24a6b4ccb1b6faa2625fe562bdd9a23260359,True,1,Ethereum:0x89d24a6b4ccb1b6faa2625fe562bdd9a23260359
2318,NEU,Neumark,1,0xa823e6722006afe99e91c30ff5295052fe6b8e32,True,1,Ethereum:0xa823e6722006afe99e91c30ff5295052fe6b8e32
2320,UTK,xMoney,1,0xdc9Ac3C20D1ed0B540dF9b1feDC10039Df13F99c,True,2,Ethereum:0xdc9Ac3C20D1ed0B540dF9b1feDC10039Df13F99c | MultiversX:UTK-2f80e9
2324,ONE,BigONE Token,1,0x946551dd05c5abd7cc808927480225ce36d8c475,True,3,Ethereum:0x946551dd05c5abd7cc808927480225ce36d8c475 | BNB Smart Chain (BEP20):0x04baf95fd4c52fd09a56d840baee0ab8d7357bf0 | HECO:0x04baf95fd4c52fd09a56d840baee0ab8d7357bf0
2341,SWFTC,SwftCoin,1,0x0bb217E40F8a5Cb79Adf04E1aAb60E5abd0dfC1e,True,2,Ethereum:0x0bb217E40F8a5Cb79Adf04E1aAb60E5abd0dfC1e | BNB Smart Chain (BEP20):0xe64e30276c2f826febd3784958d6da7b55dfbad3
2363,ZAP,Zap,1,0x6781a0f84c7e9e846dcb84a9a5bd49333067b104,True,3,Ethereum:0x6781a0f84c7e9e846dcb84a9a5bd49333067b104 | BNB Smart Chain (BEP20):0xc5326b32e8baef125acd68f8bc646fd646104f1c | Solana:HxPoEHMt1vKeqjKCePcqTj6yYgn6Xqq1fKTY3Pjx4YrX
2377,LEV,Leverj,1,0x0f4ca92660efad97a9a70cb0fe969c755439772c,True,1,Ethereum:0x0f4ca92660efad97a9a70cb0fe969c755439772c
2410,SPC,SpaceChain,1,0x86ed939b500e121c0c5f493f399084db596dad20,True,1,Ethereum:0x86ed939b500e121c0c5f493f399084db596dad20
2424,AGIX,SingularityNET,1,0x5B7533812759B45C2B44C19e320ba2cD2681b542,True,2,Ethereum:0x5B7533812759B45C2B44C19e320ba2cD2681b542 | Cardano:f43a62fdc3965df486de8a0d32fe800963589c41b38946602a0dc53541474958
2429,MOBI,Mobius,,,False,1,Stellar:MOBI-GA6HCMBLTZS5VYYBCATRBRZ3BZJMAFUDKYYF6AH6MVCMGWMRDNSWJPIH
2430,HOT,Hydro Protocol,1,0x9af839687f6c94542ac5ece2e317daae355493a1,True,1,Ethereum:0x9af839687f6c94542ac5ece2e317daae355493a1
2496,POLY,Polymath,1,0x9992ec3cf6a55b00978cddf2b27bc6882d88d1ec,True,1,Ethereum:0x9992ec3cf6a55b00978cddf2b27bc6882d88d1ec
2505,BLZ,Bluzelle,1,0x5732046a883704404f284ce41ffadd5b007fd668,True,2,Ethereum:0x5732046a883704404f284ce41ffadd5b007fd668 | BNB Smart Chain (BEP20):0x935a544bf5816e3a7c13db2efe3009ffda0acda2
2530,FSN,Fusion,1,0x9AfC975EdB8a0B57f066e8e0A72A5e2ADbdCb605,True,2,Ethereum:0x9AfC975EdB8a0B57f066e8e0A72A5e2ADbdCb605 | Fusion Network:0x2b8bb627ce7c0c9cbe579e83099de665032d08be
2538,NEC,Nectar,1,0xcc80c051057b774cd75067dc48f8987c4eb97a5e,True,1,Ethereum:0xcc80c051057b774cd75067dc48f8987c4eb97a5e
2545,ABT,ArcBlock,1,0xb98d4c97425d9908e66e53a6fdf673acca0be986,True,1,Ethereum:0xb98d4c97425d9908e66e53a6fdf673acca0be986
2559,AUTO,Cube,1,0x622dFfCc4e83C64ba959530A5a5580687a57581b,True,1,Ethereum:0x622dFfCc4e83C64ba959530A5a5580687a57581b
2576,TEN,Tokenomy,1,0xdd16ec0f66e54d453e6756713e533355989040e4,True,2,Ethereum:0xdd16ec0f66e54d453e6756713e533355989040e4 | Base:0x4FB9B20DaFE45d91ae287f2E07B2e79709308178
2586,SNX,Synthetix,1,0xc011a73ee8576fb46f5e1c5751ca3b9fe0af2a6f,True,9,Ethereum:0xc011a73ee8576fb46f5e1c5751ca3b9fe0af2a6f | BNB Smart Chain (BEP20):0x9ac983826058b8a9c7aa1c9171441191232e8404 | Solana:8cTNUtcV2ueC3royJ642uRnvTxorJAWLZc58gxAo7y56 | HECO:0x777850281719d5a96c29812ab72f822e0e09f3da | Fantom:0x56ee926bD8c72B2d5fa1aF4d9E4Cbb515a1E3Adc | Polygon:0x50b728d8d96
2593,DRG,Dragon Coins,1,0x814f67fa286f7572b041d041b1d99b432c9155ee,True,1,Ethereum:0x814f67fa286f7572b041d041b1d99b432c9155ee
2620,SWTH,Carbon Protocol,1,0xb4371da53140417cbb3362055374b10d97e420bb,True,4,Ethereum:0xb4371da53140417cbb3362055374b10d97e420bb | Neo:ab38352559b8b203bde5fddfa0b07d8b2525e132 | BNB Smart Chain (BEP20):0x250b211ee44459dad5cd3bca803dd6a7ecb5d46c | Zilliqa:zil1yk93f957fanapf0yszgm84p62xrxxfytj4d2tl
2662,XHV,Haven Protocol,,,False,0,
2663,KST,StarCoin,,,False,0,
2675,DOCK,Dock,,,False,0,
2693,LRN,Loopring [NEO],,,False,0,
2700,CEL,Celsius,1,0xaaaebe6fe48e54f431b0c390cfaf0b017d09d42d,True,3,Ethereum:0xaaaebe6fe48e54f431b0c390cfaf0b017d09d42d | Solana:nRtfwU9G82CSHhHGJNxFhtn7FLvWP2rqvQvje1WtL69 | Gnosis Chain:0x0aCD91f92Fe07606ab51EA97d8521E29D110fD09
2726,GEN,DAOstack,1,0x543ff227f64aa17ea132bf9886cab5db55dcaddf,True,1,Ethereum:0x543ff227f64aa17ea132bf9886cab5db55dcaddf
2765,XYO,XYO,1,0x55296f69f40ea6d20e478533c15a6b08b654e758,True,2,Ethereum:0x55296f69f40ea6d20e478533c15a6b08b654e758 | Solana:FCZKwHd9Qn1EQj8fFuNLB8dupAWCoJJNePbMqyHhS77b
2772,DGTX,Digitex,1,0xc666081073e8dff8d3d1c2292a29ae1a2153ec09,True,1,Ethereum:0xc666081073e8dff8d3d1c2292a29ae1a2153ec09
2778,EXC,Eximchain,1,0x00c4b398500645eb5da00a1a379a88b11683ba01,True,1,Ethereum:0x00c4b398500645eb5da00a1a379a88b11683ba01
2826,ZIP,Zipper,1,0xa9d2927d3a04309e008b6af6e2e282ae2952e7fd,True,1,Ethereum:0xa9d2927d3a04309e008b6af6e2e282ae2952e7fd
2873,MET,Metronome,1,0x2Ebd53d035150f328bd754D6DC66B99B0eDB89aa,True,3,Ethereum:0x2Ebd53d035150f328bd754D6DC66B99B0eDB89aa | Optimism:0x9a2e53158e12BC09270Af10C16A466cb2b5D7836 | Base:0x93dc5Cb35627A759848c7A7F0079EA7b49E435a5
2930,IQ,IQ,1,0x579cea1889991f68acc35ff5c3dd0621ff29b0c9,True,4,Ethereum:0x579cea1889991f68acc35ff5c3dd0621ff29b0c9 | Vaulta:everipediaiq | Polygon:0xB9638272aD6998708de56BBC0A290a1dE534a578 | Arbitrum:0xce4DB2ce8cCa463f8Aa1e2174C244Ba4a8d672cB
2933,BMX,BitMart Token,1,0x986EE2B944c42D017F52Af21c4c69B84DBeA35d8,True,1,Ethereum:0x986EE2B944c42D017F52Af21c4c69B84DBeA35d8
2937,VITE,VITE,1,0xadd5e881984783dd432f80381fb52f45b53f3e70,True,3,Ethereum:0xadd5e881984783dd432f80381fb52f45b53f3e70 | BNB Smart Chain (BEP20):0x2794dad4077602ed25a88d03781528d1637898b4 | Vite:tti_5649544520544f4b454e6e40
2945,BOX,ContentBox,1,0x63f584fa56e60e4d0fe8802b27c7e6e3b33e007f,True,1,Ethereum:0x63f584fa56e60e4d0fe8802b27c7e6e3b33e007f
2982,MVL,MVL,1,0xa849eaae994fb86afa73382e9bd88c2b6b18dc71,True,3,Ethereum:0xa849eaae994fb86afa73382e9bd88c2b6b18dc71 | BNB Smart Chain (BEP20):0x5f588efaf8eb57e3837486e834fc5a4e07768d98 | TON:EQD2yazA2wf5AY2joEzGUDGk0cQWxEa2NdiP4Zgf9-eF04tp
3053,YOU,YOU COIN,1,0x34364BEe11607b1963d66BCA665FDE93fCA666a8,True,1,Ethereum:0x34364BEe11607b1963d66BCA665FDE93fCA666a8
3083,LINA,LINA,1,0xc05d14442a510de4d3d71a3d316585aa0ce32b50,True,1,Ethereum:0xc05d14442a510de4d3d71a3d316585aa0ce32b50
3139,DX,DxChain Token,1,0x973e52691176d36453868D9d86572788d27041A9,True,1,Ethereum:0x973e52691176d36453868D9d86572788d27041A9
3155,QNT,Quant,1,0x4a220e6096b25eadb88358cb44068a3248254675,True,1,Ethereum:0x4a220e6096b25eadb88358cb44068a3248254675
3296,MIN,MINDOL,1,0x5d64d850c8368008afb39224e92ad0dceff3cf38,True,1,Ethereum:0x5d64d850c8368008afb39224e92ad0dceff3cf38
3325,ROX,Robotina,1,0x574f84108a98c575794f75483d801d1d5dc861a5,True,1,Ethereum:0x574f84108a98c575794f75483d801d1d5dc861a5
3367,CRD,CryptalDash,1,0xcaaa93712bdac37f736c323c93d4d5fdefcc31cc,True,1,Ethereum:0xcaaa93712bdac37f736c323c93d4d5fdefcc31cc
3418,META,Metadium,1,0xde2f7766c8bf14ca67193128535e5c7454f8387c,True,1,Ethereum:0xde2f7766c8bf14ca67193128535e5c7454f8387c
3475,BOX,BOX Token,1,0xe1A178B681BD05964d3e3Ed33AE731577d9d96dD,True,1,Ethereum:0xe1A178B681BD05964d3e3Ed33AE731577d9d96dD
3515,DEX,DEX,1,0x497bAEF294c11a5f0f5Bea3f2AdB3073DB448B56,True,1,Ethereum:0x497bAEF294c11a5f0f5Bea3f2AdB3073DB448B56
3637,AERGO,Aergo,1,0x91af0fbb28aba7e31403cb457106ce79397fd4e6,True,2,Ethereum:0x91af0fbb28aba7e31403cb457106ce79397fd4e6 | BNB Beacon Chain (BEP2):AERGO-46B
3653,BRC,Baer Chain,,,False,0,
3748,HXRO,Hxro,1,0x4bd70556ae3f8a6ec6c4080a0c327b24325438f3,True,2,Ethereum:0x4bd70556ae3f8a6ec6c4080a0c327b24325438f3 | Solana:HxhWkVpk5NS4Ltg5nij2G671CKXFRKPK8vy271Ub4uEK
3792,USDE,USDe,,,False,0,
3814,CELR,Celer Network,1,0x4f9254c83eb525f9fcf346490bbb3ed28a81c667,True,5,Ethereum:0x4f9254c83eb525f9fcf346490bbb3ed28a81c667 | BNB Smart Chain (BEP20):0x1f9f6a696c6fd109cd3956f45dc709d2b3902163 | Moonbeam:0x3795C36e7D12A8c252A20C5a7B455f7c57b60283 | Oasis Network:0xf6a939e773fa4a63fd53f86bbbb279caad955035 | Metis Andromeda:0x516e6D96896Aea92cE5e78B0348FD997F13802ad
3822,TFUEL,Theta Fuel,,,False,0,
3835,ORBS,Orbs,1,0xff56cc6b1e6ded347aa0b7676c85ab0b3d08b0fa,True,8,Ethereum:0xff56cc6b1e6ded347aa0b7676c85ab0b3d08b0fa | BNB Smart Chain (BEP20):0x43a8cab15D06d3a5fE5854D714C37E7E9246F170 | Solana:7JnHPPJBBKSTJ7iEmsiGSBcPJgbcKw28uCRXtQgimncp | Fantom:0x43a8cab15D06d3a5fE5854D714C37E7E9246F170 | Polygon:0x614389eaae0a6821dc49062d56bda3d9d45fa2ff | Avalanche C-Chain:
3840,FST,1irstcoin,1,0x310c93dfc1c5e34cdf51678103f63c41762089cd,True,1,Ethereum:0x310c93dfc1c5e34cdf51678103f63c41762089cd
3855,LOCUS,Locus Chain,1,0xc64500dd7b0f1794807e67802f8abbf5f8ffb054,True,1,Ethereum:0xc64500dd7b0f1794807e67802f8abbf5f8ffb054
3874,IRIS,IRISnet,1,0x76C4A2B59523eaE19594c630aAb43288dBB1463f,True,3,Ethereum:0x76C4A2B59523eaE19594c630aAb43288dBB1463f | Polygon:0x3dc6052a693E4a2fc28Eb2Ea12fe0CfD3BD221D1 | Osmosis:ibc/7C4D60AA95E5A7558B0A364860979CA34B7FF8AAF255B87AF9E879374470CEC0
3911,OCEAN,Ocean Protocol,1,0x967da4048cd07ab37855c090aaf366e4ce1b9f48,True,2,Ethereum:0x967da4048cd07ab37855c090aaf366e4ce1b9f48 | Sora:0x002ca40397c794e25dba18cf807910eeb69eb8e81b3f07bb54f7c5d1d8ab76b9
3916,THX,ThoreNext,1,0xf08c68bd5f4194d994fd70726746bf529ee5a617,True,1,Ethereum:0xf08c68bd5f4194d994fd70726746bf529ee5a617
3928,IDEX,IDEX,1,0xb705268213d593b8fd88d3fdeff93aff5cbdcfae,True,1,Ethereum:0xb705268213d593b8fd88d3fdeff93aff5cbdcfae
3930,TT,ThunderCore,1,0x1E053D89E08c24aA2CE5C5B4206744Dc2D7BD8F5,True,3,Ethereum:0x1E053D89E08c24aA2CE5C5B4206744Dc2D7BD8F5 | BNB Smart Chain (BEP20):0x990e7154bb999faa9b2fa5ed29e822703311ea85 | ThunderCore:0xeeeeeeeeeeeeeeeeeeeeeeeeeeeeeeeeeeeeeeee
3992,COTI,COTI,1,0xDDB3422497E61e13543BeA06989C0789117555c5,True,2,Ethereum:0xDDB3422497E61e13543BeA06989C0789117555c5 | BNB Smart Chain (BEP20):0xadbaf88b39d37dc68775ed1541f1bf83a5a45feb
4006,AWE,AWE,8453,0x1B4617734C43F6159F3a70b7E06d883647512778,True,1,Base:0x1B4617734C43F6159F3a70b7E06d883647512778
4090,WXT,Wirex Token,1,0xa02120696c7B8fE16C09C749E4598819b2B0E915,True,3,Ethereum:0xa02120696c7B8fE16C09C749E4598819b2B0E915 | Stellar:WXT-GASBLVHS5FOABSDNW5SPPH3QRJYXY5JHA2AOA2QHH2FJLZBRXSG4SWXT | Avalanche C-Chain:0xfcDe4A87b8b6FA58326BB462882f1778158B02F1
4113,UNI,UNI COIN,1,0xe6877ea9c28fbdec631ffbc087956d0023a76bf2,True,1,Ethereum:0xe6877ea9c28fbdec631ffbc087956d0023a76bf2
4134,AKRO,Kaon,1,0x8ab7404063ec4dbcfd4598215992dc3f8ec853d7,True,1,Ethereum:0x8ab7404063ec4dbcfd4598215992dc3f8ec853d7
4157,RUNE,THORChain,,,False,1,THORChain:THOR.RUNE
4172,LUNC,Terra Classic,1,0xbd31ea8212119f94a611fa969881cba3ea06fa3d,True,8,Ethereum:0xbd31ea8212119f94a611fa969881cba3ea06fa3d | BNB Smart Chain (BEP20):0x156ab3346823B651294766e23e6Cf87254d68962 | Solana:F6v4wfAdJB8D8p77bMXZgYt8TDKsYxLYxH5AFhUkYx9W | Terra Classic:uluna | Polygon:0x9cd6746665D9557e1B9a775819625711d0693439 | Avalanche C-Chain:0x70928E5B188def72817b7775F0BF
4195,FTT,FTX Token,1,0x50d1c9771902476076ecfc8b2a83ad6b9355a4c9,True,3,Ethereum:0x50d1c9771902476076ecfc8b2a83ad6b9355a4c9 | BNB Beacon Chain (BEP2):FTT-F11 | Solana:AGFEad2et2ZJif9jaGpdMixQqvW5i81aBdvKe7PHNfz3
4206,WIN,WINkLink,56,0xaef0d72a118ce24fee3cd1d43d383897d05b4e99,True,2,BNB Smart Chain (BEP20):0xaef0d72a118ce24fee3cd1d43d383897d05b4e99 | Tron20:TLa2f6VPqDgRE67v1736s7bJ8Ray5wYjU7
4217,BOA,BOSagora,1,0x51bD4f39803fcAEFf3ef45aae2C3aaFf0B9faDcb,True,1,Ethereum:0x51bD4f39803fcAEFf3ef45aae2C3aaFf0B9faDcb
4279,SXP,Solar,,,False,0,
4360,FAB,FABRK,1,0x12683dc9eec95a5f742d40206e73319e6b9d8a91,True,1,Ethereum:0x12683dc9eec95a5f742d40206e73319e6b9d8a91
4484,CRN,ChronoCoin,,,False,1,Neo:c875e3e1a9f7ba1291aea40cead371754dfcb3de
4566,XDB,XDB CHAIN,,,False,0,
4598,ACA,Acash Coin,1,0x63d958d765f5bd88efdbd8afd32445393b24907f,True,1,Ethereum:0x63d958d765f5bd88efdbd8afd32445393b24907f
4679,BAND,Band,1,0xba11d00c5f74255f56a5e366f4f77f5a186d7f55,True,4,Ethereum:0xba11d00c5f74255f56a5e366f4f77f5a186d7f55 | BNB Smart Chain (BEP20):0xad6caeb32cd2c308980a548bd0bc5aa4306c6c18 | Gnosis Chain:0xe154A435408211AC89757B76C4FbE4Dc9ED2Ef27 | Fantom:0x46E7628E8b4350b2716ab470eE0bA1fa9e76c6C5
4862,DAD,DAD,1,0x5b322514ff727253292637d9054301600c2c81e8,True,1,Ethereum:0x5b322514ff727253292637d9054301600c2c81e8
5007,TROY,TROY,1,0x4574562e9310a94f9ca962bd23168d8a06875b1a,True,3,Ethereum:0x4574562e9310a94f9ca962bd23168d8a06875b1a | BNB Smart Chain (BEP20):0x6d41F64C567acbF36f88763306fF6fB50fF61458 | BNB Beacon Chain (BEP2):TROY-9B8
5015,HEX,HEX,1,0x2b591e99afe9f32eaa6214f7b7629768c40eeb39,True,2,Ethereum:0x2b591e99afe9f32eaa6214f7b7629768c40eeb39 | Polygon:0x23D29D30e35C5e8D321e1dc9A8a61BFD846D4C5C
5103,IPX,Tachyon Protocol,,,False,0,
5113,SURE,inSure DeFi,1,0xcb86c6a22cb56b6cf40cafedb06ba0df188a416e,True,4,Ethereum:0xcb86c6a22cb56b6cf40cafedb06ba0df188a416e | BNB Smart Chain (BEP20):0x9b17baadf0f21f03e35249e0e59723f34994f806 | Polygon:0xF88332547c680F755481Bf489D890426248BB275 | Avalanche C-Chain:0x5fc17416925789e0852fbfcd81c490ca4abc51f9
5117,OGN,Origin Protocol,1,0x8207c1ffc5b6804f6024322ccf34f29c3541ae26,True,2,Ethereum:0x8207c1ffc5b6804f6024322ccf34f29c3541ae26 | Base:0x7002458B1DF59EccB57387bC79fFc7C29E22e6f7
5190,FLEX,FLEX,1,0xfcf8eda095e37a41e002e266daad7efc1579bc0a,True,1,Ethereum:0xfcf8eda095e37a41e002e266daad7efc1579bc0a
5234,DNA,Metaverse Dualchain Network Architecture,,,False,0,
5266,MLK,MiL.k,42161,0x374c5FB7979d5fDBAAd2d95409e235e5CBdfD43C,True,1,Arbitrum:0x374c5FB7979d5fDBAAd2d95409e235e5CBdfD43C
5274,EDG,Edgeware,56,0x4e0da40b9063dc48364c1c0ffb4ae9d091fc2270,True,5,BNB Smart Chain (BEP20):0x4e0da40b9063dc48364c1c0ffb4ae9d091fc2270 | Polygon:0x4e0da40b9063dc48364c1c0ffb4ae9d091fc2270 | Arbitrum:0x4e0da40b9063dc48364c1c0ffb4ae9d091fc2270 | Linea:0x4e0da40b9063dc48364c1c0ffb4ae9d091fc2270 | Base:0x4e0da40b9063dc48364c1c0ffb4ae9d091fc2270
5279,SOLO,Sologenic,56,0xc2c28b58db223da89b567a0a98197fc17c115148,True,2,BNB Smart Chain (BEP20):0xc2c28b58db223da89b567a0a98197fc17c115148 | XRP Ledger:534F4C4F00000000000000000000000000000000.rsoLo2S1kiGeCcn6hCUXVrCpGMWLrRrLZz
5299,HDAO,HyperDAO,1,0x74faab6986560fd1140508e4266d8a7b87274ffd,True,1,Ethereum:0x74faab6986560fd1140508e4266d8a7b87274ffd
5354,PEAK,PEAKDEFI,1,0x630d98424efe0ea27fb1b3ab7741907dffeaad78,True,2,Ethereum:0x630d98424efe0ea27fb1b3ab7741907dffeaad78 | BNB Smart Chain (BEP20):0x630d98424efe0ea27fb1b3ab7741907dffeaad78
5410,PRQ,PARSIQ,1,0x362bc847A3a9637d3af6624EeC853618a43ed7D2,True,2,Ethereum:0x362bc847A3a9637d3af6624EeC853618a43ed7D2 | BNB Smart Chain (BEP20):0xd21d29b38374528675c34936bf7d5dd693d2a577
5429,DEP,DEAPcoin,1,0x1a3496c18d558bd9c6c8f609e1b129f67ab08163,True,6,Ethereum:0x1a3496c18d558bd9c6c8f609e1b129f67ab08163 | BNB Smart Chain (BEP20):0xcaf5191fc480f43e4df80106c7695eca56e48b18 | Solana:BgwQjVNMWvt2d8CN51CsbniwRWyZ9H9HfHkEsvikeVuZ | Fantom:0x8dFDC61c7c7551D0DEec950A2822eB59cddb8f59 | Polygon:0xd0ee109352c6116db0f17f4aa8519cdbfc7e7887 | Avalanche C-Chain:
5488,JST,JUST,,,False,1,Tron20:TCFLL5dx5ZJdKnWuesXxi1VPwjLVmWZZy9
5566,KEEP,Keep Network,1,0x85eee30c52b0b379b046fb0f85f4f3dc3009afec,True,2,Ethereum:0x85eee30c52b0b379b046fb0f85f4f3dc3009afec | Solana:64L6o4G2H7Ln1vN7AHZsUMW4pbFciHyuwn4wUdSbcFxh
5601,STAKE,STAKE,1,0x0Ae055097C6d159879521C384F1D2123D1f195e6,True,2,Ethereum:0x0Ae055097C6d159879521C384F1D2123D1f195e6 | Gnosis Chain:0xb7D311E2Eb55F2f68a9440da38e7989210b9A05e
5617,UMA,UMA,1,0x04Fa0d235C4abf4BcF4787aF4CF447DE572eF828,True,2,Ethereum:0x04Fa0d235C4abf4BcF4787aF4CF447DE572eF828 | Avalanche C-Chain:0x3Bd2B1c7ED8D396dbb98DED3aEbb41350a5b2339
5631,ORN,Orion,1,0x0258F474786DdFd37ABCE6df6BBb1Dd5dfC4434a,True,2,Ethereum:0x0258F474786DdFd37ABCE6df6BBb1Dd5dfC4434a | BNB Smart Chain (BEP20):0xe4ca1f75eca6214393fce1c1b316c237664eaa8e
5690,RENDER,Render,1,0x6de037ef9ad2725eb40118bb1702ebb27e4aeb24,True,2,Ethereum:0x6de037ef9ad2725eb40118bb1702ebb27e4aeb24 | Solana:rndrizKT3MK1iimdxRdWabcF7Zg7AR5T4nud4EkHBof
5741,DMG,DMM: Governance,1,0xEd91879919B71bB6905f23af0A68d231EcF87b14,True,1,Ethereum:0xEd91879919B71bB6905f23af0A68d231EcF87b14
5798,RING,Darwinia Network,1,0x9469d013805bffb7d3debe5e7839237e535ec483,True,1,Ethereum:0x9469d013805bffb7d3debe5e7839237e535ec483
5824,SLP,Smooth Love Potion,1,0xCC8Fa225D80b9c7D42F96e9570156c65D6cAAa25,True,4,Ethereum:0xCC8Fa225D80b9c7D42F96e9570156c65D6cAAa25 | BNB Smart Chain (BEP20):0x070a08BeEF8d36734dD67A491202fF35a6A16d97 | Solana:4hpngEp1v3CXpeKB81Gw4sv7YvwUVRKvY3SGag9ND8Q4 | Ronin:0xa8754b9fa15fc18bb59458815510e40a12cd2014
5829,SWAP,TrustSwap,1,0xcc4304a31d09258b0029ea7fe63d032f52e44efe,True,4,Ethereum:0xcc4304a31d09258b0029ea7fe63d032f52e44efe | BNB Smart Chain (BEP20):0x94eafeeef7ffa66203fdc9349c54d601472a79dc | Polygon:0x3809dcdd5dde24b37abe64a5a339784c3323c44f | Avalanche C-Chain:0xc7B5D72C836e718cDA8888eaf03707fAef675079
5830,NXM,NXM,1,0xd7c49cee7e9188cca6ad8ff264c1da2e69d4cf3b,True,2,Ethereum:0xd7c49cee7e9188cca6ad8ff264c1da2e69d4cf3b | Solana:Aqs5ydqKXEK2cjotDXxHmk8N9PknqQ5q4ZED4ymY1eeh
5841,NEST,NEST Protocol,1,0xcd6926193308d3B371FdD6A6219067E550000000,True,2,Ethereum:0xcd6926193308d3B371FdD6A6219067E550000000 | BNB Smart Chain (BEP20):0xcd6926193308d3B371FdD6A6219067E550000000
5892,ANY,Anyswap,1,0xf99d58e463a2e07e5692127302c20a191861b4d6,True,4,Ethereum:0xf99d58e463a2e07e5692127302c20a191861b4d6 | BNB Smart Chain (BEP20):0xf68c9df95a18b2a5a5fa1124d79eeeffbad0b6fa | Fantom:0xddcb3ffd12750b45d32e084887fdf1aabab34239 | Avalanche C-Chain:0xB44a9B6905aF7c801311e8F4E76932ee959c663C
5906,NVT,NerveNetwork,1,0x7b6f71c8b123b38aa8099e0098bec7fbc35b8a13,True,5,Ethereum:0x7b6f71c8b123b38aa8099e0098bec7fbc35b8a13 | BNB Smart Chain (BEP20):0xf0e406c49c63abf358030a299c0e00118c4c6ba5 | HECO:0xf0e406c49c63abf358030a299c0e00118c4c6ba5 | Polygon:0x0fdb676775cc91042501c0c14ae5b2b5166b24d9 | OKExChain:0xd1351ec15e8511658c2ba1e1e81e1e60aa39c9cd
5957,YFII,DFI.Money,1,0xa1d0E215a23d7030842FC67cE582a6aFa3CCaB83,True,2,Ethereum:0xa1d0E215a23d7030842FC67cE582a6aFa3CCaB83 | BNB Smart Chain (BEP20):0x7f70642d88cf1c4a3a7abb072b53b929b653eda5
5994,SHIB,Shiba Inu,1,0x95ad61b0a150d79219dcf64e1e6cc01f0b64c4ce,True,3,Ethereum:0x95ad61b0a150d79219dcf64e1e6cc01f0b64c4ce | BNB Smart Chain (BEP20):0x2859e4544c4bb03966803b044a93563bd2d0dd4d | Base:0x95ad61b0a150d79219dcf64e1e6cc01f0b64c4ce
6138,DIA,DIA,1,0x84ca8bc7997272c7cfb4d0cd3d55cd942b3c9419,True,2,Ethereum:0x84ca8bc7997272c7cfb4d0cd3d55cd942b3c9419 | BNB Smart Chain (BEP20):0x99956d38059cf7beda96ec91aa7bb2477e0901dd
6432,OMI,ECOMI,,,False,0,
6511,STRONG,Strong,1,0x990f341946a3fdb507ae7e52d17851b87168017c,True,1,Ethereum:0x990f341946a3fdb507ae7e52d17851b87168017c
6669,CVP,PowerPool,1,0x38e4adb44ef08f22f5b5b76a8f0c2d0dcbe7dca1,True,2,Ethereum:0x38e4adb44ef08f22f5b5b76a8f0c2d0dcbe7dca1 | Gnosis Chain:0x7da0bfe9d26c5b64c7580c04bb1425364273e4b0
6748,CFG,Centrifuge,1,0xcccccccccc33d538dbc2ee4feab0a7a1ff4e8a94,True,1,Ethereum:0xcccccccccc33d538dbc2ee4feab0a7a1ff4e8a94
6756,ACA,Acala Token,,,False,0,
6783,AXS,Axie Infinity,1,0xbb0e17ef65f82ab018d8edd776e8dd940327b28b,True,5,Ethereum:0xbb0e17ef65f82ab018d8edd776e8dd940327b28b | BNB Smart Chain (BEP20):0x715d400f88c167884bbcc41c5fea407ed4d2f8a0 | Solana:HysWcbHiYY9888pHbaqhwLYZQeZrcQMXKQWRqS7zcPK5 | Harmony:0x14a7b318fed66ffdcc80c1517c172c13852865de | Ronin:0x97a9107c1793bc407d6f527b77e7fff4d812bece
6833,LIT,Litentry,1,0xb59490ab09a0f526cc7305822ac65f2ab12f9723,True,1,Ethereum:0xb59490ab09a0f526cc7305822ac65f2ab12f9723
6843,RAD,Radworks,1,0x31c8eacbffdd875c74b94b077895bd78cf1e64a3,True,1,Ethereum:0x31c8eacbffdd875c74b94b077895bd78cf1e64a3
6929,HEGIC,Hegic,1,0x584bC13c7D411c00c01A62e8019472dE68768430,True,3,Ethereum:0x584bC13c7D411c00c01A62e8019472dE68768430 | Fantom:0x44B26E839eB3572c5E959F994804A5De66600349 | Arbitrum:0x431402e8b9dE9aa016C743880e04E517074D8cEC
6941,HBTC,Huobi BTC,1,0x0316EB71485b0Ab14103307bf65a021042c6d380,True,3,Ethereum:0x0316EB71485b0Ab14103307bf65a021042c6d380 | Solana:7dVH61ChzgmN9BwG4PkzwRP8PbYwPJ7ZPNF2vamKT2H8 | HECO:0x66a79d23e58475d2738179ca52cd0b41d73f0bea
6945,AMP,Amp,1,0xff20817765cb7f73d4bde2e66e067e58d11095c2,True,1,Ethereum:0xff20817765cb7f73d4bde2e66e067e58d11095c2
6951,REEF,Reef,,,False,1,Reef:0x0000000000000000000000000000000001000000
6990,SUN,SUN,,,False,0,
7033,ESD,Empty Set Dollar,1,0x36f3fd68e7325a35eb768f1aedaae9ea0689d723,True,1,Ethereum:0x36f3fd68e7325a35eb768f1aedaae9ea0689d723
7064,BAKE,BakeryToken,56,0xE02dF9e3e622DeBdD69fb838bB799E3F168902c5,True,1,BNB Smart Chain (BEP20):0xE02dF9e3e622DeBdD69fb838bB799E3F168902c5
7150,FLM,Flamingo,,,False,1,Neo:4d9eab13620fe3569ba3b0e56e2877739e4145e3
7208,POLS,Polkastarter,1,0x83e6f1e41cdd28eaceb20cb649155049fac3d5aa,True,2,Ethereum:0x83e6f1e41cdd28eaceb20cb649155049fac3d5aa | BNB Smart Chain (BEP20):0x7e624fa0e1c4abfd309cc15719b7e2580887f570
7224,DODO,DODO,1,0x43dfc4159d86f3a37a5a4b3d4580b888ad7d4ddd,True,4,Ethereum:0x43dfc4159d86f3a37a5a4b3d4580b888ad7d4ddd | BNB Smart Chain (BEP20):0x67ee3Cb086F8a16f34beE3ca72FAD36F7Db929e2 | Arbitrum:0x69Eb4FA4a2fbd498C257C57Ea8b7655a2559A581 | Near:43dfc4159d86f3a37a5a4b3d4580b888ad7d4ddd.factory.bridge.near
7228,DDX,DerivaDAO,1,0x3a880652f47bfaa771908c07dd8673a787daed3a,True,1,Ethereum:0x3a880652f47bfaa771908c07dd8673a787daed3a
7232,ALPHA,Stella,1,0xa1faa113cbe53436df28ff0aee54275c13b40975,True,4,Ethereum:0xa1faa113cbe53436df28ff0aee54275c13b40975 | BNB Smart Chain (BEP20):0xa1faa113cbe53436df28ff0aee54275c13b40975 | Avalanche C-Chain:0x2147EFFF675e4A4eE1C2f918d181cDBd7a8E208f | Arbitrum:0xC9CBf102c73fb77Ec14f8B4C8bd88e050a6b2646
7242,CORE,cVault.finance,1,0x62359ed7505efc61ff1d56fef82158ccaffa23d7,True,1,Ethereum:0x62359ed7505efc61ff1d56fef82158ccaffa23d7
7288,XVS,Venus,1,0xd3CC9d8f3689B83c91b7B59cAB4946B063EB894A,True,8,Ethereum:0xd3CC9d8f3689B83c91b7B59cAB4946B063EB894A | BNB Smart Chain (BEP20):0xcf6bb5389c92bdda8a3747ddb454cb7a64626c63 | Optimism:0x4a971e87ad1F61f7f3081645f52a99277AE917cF | Arbitrum:0xc1eb7689147c81ac840d4ff0d298489fc7986d52 | zkSync Era:0xD78ABD81a3D57712a3af080dc4185b698Fe9ac5A | Base:0xebB787
7326,DEXE,DeXe,1,0xde4EE8057785A7e8e800Db58F9784845A5C2Cbd6,True,2,Ethereum:0xde4EE8057785A7e8e800Db58F9784845A5C2Cbd6 | BNB Smart Chain (BEP20):0x6E88056E8376Ae7709496Ba64d37fa2f8015ce3e
7455,AUDIO,Audius,1,0x18aaa7115705e8be94bffebde57af9bfc265b998,True,3,Ethereum:0x18aaa7115705e8be94bffebde57af9bfc265b998 | Solana:9LzCMqDgTKYz9Drzqnpgee3SGa89up3a247ypMj2xrqM | Gnosis Chain:0x8A95ea379E1Fa4C749dd0A7A21377162028C479e
7501,WOO,WOO,1,0x4691937a7508860f876c9c0a2a617e7d9e945d4b,True,6,Ethereum:0x4691937a7508860f876c9c0a2a617e7d9e945d4b | BNB Smart Chain (BEP20):0x4691937a7508860f876c9c0a2a617e7d9e945d4b | Polygon:0x1B815d120B3eF02039Ee11dC2d33DE7aA4a8C603 | Avalanche C-Chain:0xabc9547b534519ff73921b1fba6e672b5f58d083 | Arbitrum:0xcafcd85d8ca7ad1e1c6f82f651fa15e33aefd07b | Near:46
7617,SFI,saffron.finance,1,0xb753428af26e81097e7fd17f40c88aaa3e04902c,True,1,Ethereum:0xb753428af26e81097e7fd17f40c88aaa3e04902c
7654,RFOX,RFOX,1,0xa1d6df714f91debf4e0802a542e13067f31b8262,True,2,Ethereum:0xa1d6df714f91debf4e0802a542e13067f31b8262 | BNB Smart Chain (BEP20):0x0a3a21356793b49154fd3bbe91cbc2a16c0457f5
7672,UNFI,Unifi Protocol DAO,1,0x441761326490cacf7af299725b6292597ee822c2,True,2,Ethereum:0x441761326490cacf7af299725b6292597ee822c2 | BNB Smart Chain (BEP20):0x728C5baC3C3e370E372Fc4671f9ef6916b814d8B
7737,API3,API3,1,0x0b38210ea11411557c13457D4dA7dC6ea731B88a,True,1,Ethereum:0x0b38210ea11411557c13457D4dA7dC6ea731B88a
7817,BFC,Bifrost,1,0x0c7D5ae016f806603CB1782bEa29AC69471CAb9c,True,1,Ethereum:0x0c7D5ae016f806603CB1782bEa29AC69471CAb9c
7857,MIR,Mirror Protocol,1,0x09a3EcAFa817268f77BE1283176B946C4ff2E608,True,3,Ethereum:0x09a3EcAFa817268f77BE1283176B946C4ff2E608 | BNB Smart Chain (BEP20):0x5B6DcF557E2aBE2323c48445E8CC948910d8c2c9 | Terra Classic:terra15gwkyepfc6xgca5t5zefzwy42uts8l2m4g40k6
7961,vBNB,Venus BNB,56,0xA07c5b74C9B40447a954e1466938b865b6BBea36,True,1,BNB Smart Chain (BEP20):0xA07c5b74C9B40447a954e1466938b865b6BBea36
7962,vBTC,Venus BTC,56,0x882C173bC7Ff3b7786CA16dfeD3DFFfb9Ee7847B,True,1,BNB Smart Chain (BEP20):0x882C173bC7Ff3b7786CA16dfeD3DFFfb9Ee7847B
7963,vETH,Venus ETH,56,0xf508fCD89b8bd15579dc79A6827cB4686A3592c8,True,1,BNB Smart Chain (BEP20):0xf508fCD89b8bd15579dc79A6827cB4686A3592c8
7978,FIDA,Bonfida,,,False,1,Solana:EchesyfXePKdLtoiZSL8pBe8Myagyy8ZRqsACNCFGnvp
8075,RLY,Rally,1,0xf1f955016EcbCd7321c7266BccFB96c68ea5E49b,True,3,Ethereum:0xf1f955016EcbCd7321c7266BccFB96c68ea5E49b | Flow:A.231cc0dbbcffc4b7.RLY | Core:0xc8d0C7393ed59A55A50b2Aebf74AF97Ea951c533
8083,LON,Tokenlon Network Token,1,0x0000000000095413afc295d19edeb1ad7b71c952,True,1,Ethereum:0x0000000000095413afc295d19edeb1ad7b71c952
8161,SPI,Shopping,1,0x9b02dd390a603add5c07f9fd9175b7dabe8d63b7,True,2,Ethereum:0x9b02dd390a603add5c07f9fd9175b7dabe8d63b7 | BNB Smart Chain (BEP20):0x78a18db278f9c7c9657f61da519e6ef43794dd5d
8202,ZKB,ZKBase,1,0xBBBbbBBB46A1dA0F0C3F64522c275BAA4C332636,True,1,Ethereum:0xBBBbbBBB46A1dA0F0C3F64522c275BAA4C332636
8210,BTCST,Bitcoin Standard Hashrate Token,,,False,0,
8290,SUPER,SuperVerse,1,0xe53ec727dbdeb9e2d5456c3be40cff031ab40a55,True,5,Ethereum:0xe53ec727dbdeb9e2d5456c3be40cff031ab40a55 | Polygon:0xa1428174f516f527fafdd146b883bb4428682737 | Avalanche C-Chain:0x09fa58228bb791ea355c90da1e4783452b9bd8c3 | Base:0x391359ab0CCef572DcaC78F74E47D7C06Db0b982 | Soneium:0xF765356C901a064A74Fa4560622f21C91048c3D7
8296,KSP,KLAYswap Protocol,,,False,1,KAIA:0xc6a2ad8cc6e4a7e08fc37cc5954be07d499e7654
8335,MDX,Mdex,56,0x9c65ab58d8d978db963e63f2bfb7121627e3a739,True,2,BNB Smart Chain (BEP20):0x9c65ab58d8d978db963e63f2bfb7121627e3a739 | HECO:0x25d2e80cb6b86881fd7e07dd263fb79f4abe033c
8353,BETH,Beacon ETH,56,0x250632378e573c6be1ac2f97fcdf00515d0aa91b,True,1,BNB Smart Chain (BEP20):0x250632378e573c6be1ac2f97fcdf00515d0aa91b
8420,DAO,DAO Maker,1,0x0f51bb10119727a7e5ea3538074fb341f56b09ad,True,3,Ethereum:0x0f51bb10119727a7e5ea3538074fb341f56b09ad | BNB Smart Chain (BEP20):0x4d2d32d8652058Bf98c772953E1Df5c5c85D9F45 | Solana:85aM5XJhdDeUw4MbGKM56zmWnsRyh76zUVut97uPjiCg
8497,BANANA,ApeSwap,1,0x92DF60c51C710a1b1C20E42D85e221f3A1bFc7f2,True,4,Ethereum:0x92DF60c51C710a1b1C20E42D85e221f3A1bFc7f2 | BNB Smart Chain (BEP20):0x603c7f932ED1fc6575303D8Fb018fDCBb0f39a95 | Polygon:0x5d47baba0d66083c52009271faf3f50dcc01023c | Arbitrum:0xd978f8489e1245568704407a479a71fcce2afe8f
8526,RAY,Raydium,56,0x13b6A55662f6591f8B8408Af1C73B017E32eEdB8,True,2,BNB Smart Chain (BEP20):0x13b6A55662f6591f8B8408Af1C73B017E32eEdB8 | Solana:4k3Dyjzvzp8eMZWUXbBCjEvwSkkk59S5iCNLY3QrkX6R
8534,CHEX,Chintai,1,0x9Ce84F6A69986a83d92C324df10bC8E64771030f,True,4,Ethereum:0x9Ce84F6A69986a83d92C324df10bC8E64771030f | Vaulta:chexchexchex | BNB Smart Chain (BEP20):0x9Ce84F6A69986a83d92C324df10bC8E64771030f | Solana:6dKCoWjpj5MFU5gWDEFdpUUeBasBLK3wLEwhUzQPAa1e
8602,AUCTION,Bounce Token,1,0xA9B1Eb5908CfC3cdf91F9B8B3a74108598009096,True,2,Ethereum:0xa9b1eb5908cfc3cdf91f9b8b3a74108598009096 | BNB Smart Chain (BEP20):0x1188d953afc697c031851169eef640f23ac8529c
8615,EPIC,Epic Chain,1,0x94314a14df63779c99c0764a30e0cd22fa78fc0e,True,1,Ethereum:0x94314a14df63779c99c0764a30e0cd22fa78fc0e
8719,ILV,Illuvium,1,0x767fe9edc9e0df98e07454847909b5e959d7ca0e,True,1,Ethereum:0x767fe9edc9e0df98e07454847909b5e959d7ca0e
8766,ALICE,MyNeighborAlice,1,0xAC51066d7bEC65Dc4589368da368b212745d63E8,True,3,Ethereum:0xAC51066d7bEC65Dc4589368da368b212745d63E8 | BNB Smart Chain (BEP20):0xac51066d7bec65dc4589368da368b212745d63e8 | Solana:9ARQsBfAn65q522cEqSJuse3cLhA31jgWDBGQHeiq7Mg
8857,ANC,Anchor Protocol,1,0x0F3ADC247E91c3c50bC08721355A41037E89Bc20,True,2,Ethereum:0x0F3ADC247E91c3c50bC08721355A41037E89Bc20 | Terra Classic:terra14z56l0fp2lsf86zy3hty2z47ezkhnthtr9yq76
8891,BTCST,Bitcoin Standard Hashrate Token,56,0x78650b139471520656b9e7aa7a5e9276814a38e9,True,2,BNB Smart Chain (BEP20):0x78650b139471520656b9e7aa7a5e9276814a38e9 | Tron20:TFVge5Nb6or8cpdtdwPuXSGqLHpj3PM9Rp
8938,EPS,Ellipsis,56,0xA7f552078dcC247C2684336020c03648500C6d9F,True,1,BNB Smart Chain (BEP20):0xa7f552078dcc247c2684336020c03648500c6d9f
8972,SFUND,Seedify.fund,56,0x477bc8d23c634c154061869478bce96be6045d12,True,1,BNB Smart Chain (BEP20):0xffDA10b7fd9Cf172e0502A6Bc0e5E355516c5232
9119,TLM,Alien Worlds,1,0x888888848B652B3E3a0f34c96E00EEC0F3a23F72,True,2,Ethereum:0x888888848B652B3E3a0f34c96E00EEC0F3a23F72 | BNB Smart Chain (BEP20):0x2222227e22102fe3322098e4cbfe18cfebd57c95
9175,MBOX,MOBOX,56,0x3203c9e46ca618c8c1ce5dc67e7e9d75f5da2377,True,2,BNB Smart Chain (BEP20):0x3203c9e46ca618c8c1ce5dc67e7e9d75f5da2377 | Arbitrum:0xdA661fa59320B808c5a6d23579fCfEdf1FD3cf36
9308,PYR,Vulcan Forged (PYR),1,0x430ef9263e76dae63c84292c3409d61c598e9682,True,2,Ethereum:0x430ef9263e76dae63c84292c3409d61c598e9682 | Polygon:0x430EF9263E76DAE63c84292C3409D61c598E9682
9417,MPL,Maple,1,0x33349b282065b0284d756f0577fb39c158f935e6,True,1,Ethereum:0x33349b282065b0284d756f0577fb39c158f935e6
9421,FORTH,Ampleforth Governance Token,1,0x77fba179c79de5b7653f68b5039af940ada60ce0,True,2,Ethereum:0x77fba179c79de5b7653f68b5039af940ada60ce0 | Near:77fba179c79de5b7653f68b5039af940ada60ce0.factory.bridge.near
9436,ELON,Dogelon Mars,1,0x761d38e5ddf6ccf6cf7c55759d5210750b5d60f3,True,6,Ethereum:0x761d38e5ddf6ccf6cf7c55759d5210750b5d60f3 | BNB Smart Chain (BEP20):0x7bd6FaBD64813c48545C9c0e312A0099d9be2540 | Solana:7ZCm8WBN9aLa3o47SoYctU6iLdj7wkGG5SV2hE5CgtD5 | Polygon:0xe0339c80ffde91f3e20494df88d4206d86024cdf | Cronos:0x02DCcaf514C98451320a9365C5b46C61d3246ff3 | Base:0x4a9f3ed9289
9444,KNC,Kyber Network Crystal v2,1,0xdeFA4e8a7bcBA345F687a2f1456F5Edd9CE97202,True,5,Ethereum:0xdeFA4e8a7bcBA345F687a2f1456F5Edd9CE97202 | BNB Smart Chain (BEP20):0xfe56d5892bdffc7bf58f2e84be1b2c32d21c308b | Polygon:0x1c954e8fe737f99f68fa1ccda3e51ebdb291948c | Optimism:0xa00E3A3511aAC35cA78530c85007AFCd31753819 | Arbitrum:0xe4dddfe67e7164b0fe14e218d80dc4c08edc01cb
9462,WAVAX,Wrapped AVAX,43114,0xb31f66aa3c1e785363f0875a1b74e27b85fd66c7,True,7,Terra Classic:terra1hj8de24c3yqvcsv9r8chr03fzwsak3hgd8gv3m | Avalanche C-Chain:0xb31f66aa3c1e785363f0875a1b74e27b85fd66c7 | Cronos:0x765277eebeca2e31912c9946eae1021199b39c61 | Osmosis:ibc/6F62F01D913E3FFE472A38C78235B8F021B511BC6596ADFF02615C8F83D3B373 | Aurora:0x80a16016cc4a2e6a2caca8a4a498b1699ff0
9486,BTCT,Bitcoin TRC20,,,False,1,Tron20:TN3W4H6rK2ce4vX9YnFQHwKENnHjoxb3m9
9543,BICO,Biconomy,1,0xF17e65822b568B3903685a7c9F496CF7656Cc6C2,True,7,Ethereum:0xF17e65822b568B3903685a7c9F496CF7656Cc6C2 | BNB Smart Chain (BEP20):0x06250a4962558F0F3E69FC07F4c67BB9c9eAc739 | Polygon:0x91c89A94567980f0e9723b487b0beD586eE96aa7 | Avalanche C-Chain:0xB2a51E38893F153A5e40AF94958fe782a170a552 | Optimism:0xd6909e9e702024eb93312b989ee46794c0fb1c9d | Arbitru
9640,METIS,Metis,1,0x9E32b13ce7f2E80A01932B42553652E053D6ed8e,True,2,Ethereum:0x9E32b13ce7f2E80A01932B42553652E053D6ed8e | Metis Andromeda:0xDeadDeAddeAddEAddeadDEaDDEAdDeaDDeAD0000
9674,WILD,Wilder World,1,0x2a3bff78b79a009976eea096a51a948a3dc00e34,True,4,Ethereum:0x2a3bff78b79a009976eea096a51a948a3dc00e34 | BNB Smart Chain (BEP20):0x6685906b75c61c57772c335402f594f855c1b0e3 | Solana:FVvd3s9dZYzsgitkJyWbmycSc8MkYZjyF7oqAEvmSxTZ | Avalanche C-Chain:0x153374c6d6786b6ca2c4bc96f9c3a471428f2bc7
10188,ATA,Automata Network,1,0xa2120b9e674d3fc3875f415a7df52e382f141225,True,3,Ethereum:0xa2120b9e674d3fc3875f415a7df52e382f141225 | BNB Smart Chain (BEP20):0xa2120b9e674d3fc3875f415a7df52e382f141225 | Polygon:0x0df0f72ee0e5c9b7ca761ecec42754992b2da5bf
10240,WFTM,Wrapped Fantom,1,0x4e15361fd6b4bb609fa63c81a2be19d873717870,True,7,Ethereum:0x4e15361fd6b4bb609fa63c81a2be19d873717870 | BNB Smart Chain (BEP20):0xad29abb318791d579433d831ed122afeaf29dcfe | BNB Beacon Chain (BEP2):FTM-A64 | Fantom:0x21be370d5312f44cb42ce377bc9b8a0cef1a4c83 | Celo:0x218c3c3d49d0e7b37aff0d8bb079de36ae61a4c0 | Moonbeam:0xc19281f22a075e0f10351cd5d6ea9f
10407,BabyDoge,Baby Doge Coin,1,0xac57de9c1a09fec648e93eb98875b212db0d460b,True,5,Ethereum:0xac57de9c1a09fec648e93eb98875b212db0d460b | BNB Smart Chain (BEP20):0xc748673057861a797275cd8a068abb95a902e8de | Solana:7dUKUopcNWW6CcU4eRxCHh1uiMh32zDrmGf6ufqhxann | TON:EQCWDj49HFInSwSk49eAo476E1YBywLoFuSZ6OO3x7jmP2jn | Base:0x58ecef26335af7b04a998105a6603b0dc475af33
10508,FLUID,Fluid,1,0x6f40d4A6237C257fff2dB00FA0510DeEECd303eb,True,3,Ethereum:0x6f40d4A6237C257fff2dB00FA0510DeEECd303eb | Arbitrum:0x61e030a56d33e8260fdd81f03b162a79fe3449cd | Base:0x61e030a56d33e8260fdd81f03b162a79fe3449cd
10529,SUN,Sun [New],,,False,1,Tron20:TSSMHYeV2uE9qYH95DqyoCuNCzEL1NvU3S
10688,YGG,Yield Guild Games,1,0x25f8087ead173b73d6e8b84329989a8eea16cf73,True,8,Ethereum:0x25f8087ead173b73d6e8b84329989a8eea16cf73 | BNB Smart Chain (BEP20):0x13Ab6739368a4e4abf24695bf52959224367391f | Solana:EzZp7LRN1xwu3QsB2RJRrWwEGjJGsuWzuMCeQDB3NSPK | Polygon:0x82617aA52dddf5Ed9Bb7B370ED777b3182A30fd1 | Harmony:0x63cf309500d8be0b9fdb8f1fb66c821236c0438c | Ronin:0x1c306872b
10759,DVF,rhino.fi,1,0xdddddd4301a082e62e84e43f474f044423921918,True,1,Ethereum:0xdddddd4301a082e62e84e43f474f044423921918
10804,FLOKI,FLOKI,1,0xcf0c122c6b73ff809c693db761e7baebe62b6a2e,True,2,Ethereum:0xcf0c122c6b73ff809c693db761e7baebe62b6a2e | BNB Smart Chain (BEP20):0xfb5b838b6cfeedc2873ab27866079ac55363d37e
10897,ALT,Alitas,56,0x5ca09af27b8a4f1d636380909087536bc7e2d94d,True,1,BNB Smart Chain (BEP20):0x5ca09af27b8a4f1d636380909087536bc7e2d94d
10903,C98,Coin98,1,0xae12c5930881c53715b369cec7606b70d8eb229f,True,5,Ethereum:0xae12c5930881c53715b369cec7606b70d8eb229f | Viction:0x0Fd0288AAAE91eaF935e2eC14b23486f86516c8C | BNB Smart Chain (BEP20):0xaec945e04baf28b135fa7c640f624f8d90f1c3a6 | Solana:C98A4nkJXhpVZNAZdHUA95RpTF3T4whtQubL3YobiUX9 | Polygon:0x77f56cf9365955486b12c4816992388ee8606f0e
11079,BRISE,Bitgert,1,0xF2B2f7b47715256Ce4eA43363a867fdce9353e3A,True,4,Ethereum:0xF2B2f7b47715256Ce4eA43363a867fdce9353e3A | BNB Smart Chain (BEP20):0x8fff93e810a2edaafc326edee51071da9d398e83 | Solana:ErSZNwsamWjR9Hj2o18GLwVyTkooyGbdptjMjuv72X8A | Bitgert:0xeeeeeeeeeeeeeeeeeeeeeeeeeeeeeeeeeeeeeeee
11156,ETHDYDX,dYdX (ethDYDX),1,0x92d6c1e31e14520e676a687f0a93788b716beff5,True,2,Ethereum:0x92d6c1e31e14520e676a687f0a93788b716beff5 | Solana:4Hx6Bj56eGyw8EJrrheM6LBQAvVYRikYCWsALeTrwyRU
11165,ORCA,Orca,,,False,1,Solana:orcaEKTdK7LKz57vaAYr9QeNsVEPfiu6QeMU1kektZE
11171,MNGO,Mango,,,False,1,Solana:MangoCzJ36AjZyKwVj3VnYU4GTonjfVEnJmvvWaxLac
11221,BIT,BitDAO,1,0x1A4b46696b2bB4794Eb3D4c26f1c55F9170fa4C5,True,1,Ethereum:0x1A4b46696b2bB4794Eb3D4c26f1c55F9170fa4C5
11232,HIGH,Highstreet,1,0x71Ab77b7dbB4fa7e017BC15090b2163221420282,True,2,Ethereum:0x71Ab77b7dbB4fa7e017BC15090b2163221420282 | BNB Smart Chain (BEP20):0x5f4Bde007Dc06b867f86EBFE4802e34A1fFEEd63
11289,SPELL,Spell Token,1,0x090185f2135308bad17527004364ebcc2d37e5f6,True,5,Ethereum:0x090185f2135308bad17527004364ebcc2d37e5f6 | Solana:BCsFXYm81iqXyYmrLKgAp3AePcgLHnirb8FjTs6sjM7U | Fantom:0x468003b688943977e6130f4f68f23aad939a1040 | Avalanche C-Chain:0xCE1bFFBD5374Dac86a2893119683F4911a2F7814 | Arbitrum:0x3e6648c5a70a150a88bce65f4ad4d506fe15d2af
11865,BONE,Bone ShibaSwap,1,0x9813037ee2218799597d83D4a5B6F3b6778218d9,True,2,Ethereum:0x9813037ee2218799597d83D4a5B6F3b6778218d9 | Shibarium:0xeeeeeeeeeeeeeeeeeeeeeeeeeeeeeeeeeeeeeeee
12220,OSMO,Osmosis,,,False,1,Osmosis:uosmo
12387,RBN,Ribbon Finance,1,0x6123b0049f904d730db3c36a31167d9d4121fa6b,True,1,Ethereum:0x6123b0049f904d730db3c36a31167d9d4121fa6b
12573,CPOOL,Clearpool,1,0x66761fa41377003622aee3c7675fc7b5c1c2fac5,True,2,Ethereum:0x66761fa41377003622aee3c7675fc7b5c1c2fac5 | Solana:AeXrLftu8chuY4ctc6oDeG4dUx6Yr4aqeakUMFNvACdg
12760,INF,Sanctum Infinity,,,False,1,Solana:5oVNBeEEQvYi1cX3ir8Dx5n1P7pdxydbGF2X4TxVusJm
13502,WLD,Worldcoin,1,0x163f8c2467924be0ae7b5347228cabf260318753,True,3,Ethereum:0x163f8c2467924be0ae7b5347228cabf260318753 | Optimism:0xdc6ff44d5d932cbd77b52e5612ba0529dc6226f1 | World Chain Mainnet:0x2cFc85d8E48F8EAB294be644d9E25C3030863003
14280,EUL,Euler,1,0xd9fcd98c322942075a5c3860693e9f4f03aae07b,True,4,Ethereum:0xd9fcd98c322942075a5c3860693e9f4f03aae07b | BNB Smart Chain (BEP20):0x2117e8b79e8e176a670c9fcf945d4348556bffad | Arbitrum:0x462cd9e0247b2e63831c3189ae738e5e9a5a4b64 | Base:0xa153ad732f831a79b5575fa02e793ec4e99181b0
14519,VVS,VVS Finance,1,0x839e71613f9aA06E5701CF6de63E303616B0DDE3,True,2,Ethereum:0x839e71613f9aA06E5701CF6de63E303616B0DDE3 | Cronos:0x2D03bECE6747ADC00E1a131BBA1469C15fD11e03
14783,MAGIC,Treasure,1,0xb0c7a3ba49c7a6eaba6cd4a96c55a1391070ac9a,True,3,Ethereum:0xb0c7a3ba49c7a6eaba6cd4a96c55a1391070ac9a | Arbitrum:0x539bdE0d7Dbd336b79148AA742883198BBF60342 | Base:0xf1572d1da5c3cce14ee5a1c9327d17e9ff0e3f43
14803,AURORA,Aurora,1,0xaaaaaa20d9e0e2461697782ef11675f668207961,True,3,Ethereum:0xaaaaaa20d9e0e2461697782ef11675f668207961 | Near:aaaaaa20d9e0e2461697782ef11675f668207961.factory.bridge.near | Aurora:0xeeeeeeeeeeeeeeeeeeeeeeeeeeeeeeeeeeeeeeee
14806,PEOPLE,ConstitutionDAO,1,0x7a58c0be72be218b41c608b7fe7c5bb630736c71,True,2,Ethereum:0x7a58c0be72be218b41c608b7fe7c5bb630736c71 | Solana:CobcsUrt3p91FwvULYKorQejgsm5HoQdv5T8RUZ6PnLA
16116,SOL,Wrapped Solana,1,0xD31a59c85aE9D8edEFeC411D448f90841571b89c,True,10,Ethereum:0xD31a59c85aE9D8edEFeC411D448f90841571b89c | BNB Smart Chain (BEP20):0x570a5d26f7765ecb712c0924e4de545b89fd43df | Solana:So11111111111111111111111111111111111111112 | Terra Classic:terra190tqwgqx7s8qrknz6kckct7v607cu068gfujpk | Polygon:0xd93f7e271cb87c23aaa73edc008a79646d1f9912 | Avalanche 
16334,APX,APX,56,0x78f5d389f5cdccfc41594abab4b0ed02f31398b3,True,1,BNB Smart Chain (BEP20):0x78f5d389f5cdccfc41594abab4b0ed02f31398b3
16876,ALI,Artificial Liquid Intelligence,1,0x6b0b3a982b4634ac68dd83a4dbf02311ce324181,True,5,Ethereum:0x6b0b3a982b4634ac68dd83a4dbf02311ce324181 | Solana:9wvorGtBJ8gyLorFTmwXWcymPoGVUBn6MRzHwFpCdCeC | Polygon:0xbfc70507384047aa74c29cdc8c5cb88d0f7213ac | Cronos:0x45c135c1cdce8d25a3b729a28659561385c52671 | Base:0x97c806e7665d3afd84a8fe1837921403d59f3dcc
17591,NYM,NYM,1,0x525A8F6F3Ba4752868cde25164382BfbaE3990e1,True,3,Ethereum:0x525A8F6F3Ba4752868cde25164382BfbaE3990e1 | BNB Smart Chain (BEP20):0x31d0E332ccEf98b583E40e0cEFBb7502c9a6b3f8 | Osmosis:ibc/37CB3078432510EE57B9AFA8DBE028B33AE3280A144826FEAC5F2334CF2C5539
17751,T,Threshold,1,0xCdF7028ceAB81fA0C6971208e83fa7872994beE5,True,1,Ethereum:0xCdF7028ceAB81fA0C6971208e83fa7872994beE5
17799,AXL,Axelar,1,0x467719aD09025FcC6cF6F8311755809d45a5E5f3,True,12,Ethereum:0x467719aD09025FcC6cF6F8311755809d45a5E5f3 | BNB Smart Chain (BEP20):0x8b1f4432F943c465A973FeDC6d7aa50Fc96f1f65 | Fantom:0x8b1f4432F943c465A973FeDC6d7aa50Fc96f1f65 | Polygon:0x6e4E624106Cb12E168E6533F8ec7c82263358940 | Avalanche C-Chain:0x44c784266cf024a60e8acf2427b9857ace194c5d | Optimism:
18031,CCD,Concordium,,,False,0,
18037,MAV,Maverick Protocol,1,0x7448c7456a97769F6cD04F1E83A4a23cCdC46aBD,True,5,Ethereum:0x7448c7456a97769F6cD04F1E83A4a23cCdC46aBD | BNB Smart Chain (BEP20):0xd691d9a68c887bdf34da8c36f63487333acfd103 | Arbitrum:0x7448c7456a97769F6cD04F1E83A4a23cCdC46aBD | zkSync Era:0x787c09494Ec8Bcb24DcAf8659E7d5D69979eE508 | Base:0x64b88c73A5DfA78D1713fE1b4c69a22d7E0faAa7
18579,WTRX,Wrapped TRON,,,False,1,Tron20:TNUC9Qb1rRpS5CbWLmNMxXBjyFoydXjWFR
19650,VOLT,Volt Inu,1,0x7f792db54b0e580cdc755178443f0430cf799aca,True,3,Ethereum:0x7f792db54b0e580cdc755178443f0430cf799aca | BNB Smart Chain (BEP20):0x7f792db54b0e580cdc755178443f0430cf799aca | Polygon:0x7f792db54b0e580cdc755178443f0430cf799aca
19843,APEX,ApeX Protocol,1,0x52A8845DF664D76C69d2EEa607CD793565aF42B8,True,2,Ethereum:0x52A8845DF664D76C69d2EEa607CD793565aF42B8 | Arbitrum:0x61a1ff55c5216b636a294a07d77c6f4df10d3b56
20314,LUNA,Terra,,,False,1,Osmosis:ibc/785AFEC6B3741100D15E7AF01374E3C4C36F24888E96479B1C33F5C71F364EF9
20721,BTC.b,Bitcoin Avalanche Bridged,43114,0x152b9d0FdC40C096757F570A51E494bd4b943E50,True,1,Avalanche C-Chain:0x152b9d0FdC40C096757F570A51E494bd4b943E50
21159,ONDO,Ondo,1,0xfaba6f8e4a5e8ab82f62fe7c39859fa577269be3,True,1,Ethereum:0xfaba6f8e4a5e8ab82f62fe7c39859fa577269be3
21870,MPLX,Metaplex,56,0x75a5863A19aF60ec0098d62ED8C34cc594fB470f,True,2,BNB Smart Chain (BEP20):0x75a5863A19aF60ec0098d62ED8C34cc594fB470f | Solana:METAewgxyPbgwsseH8T16a39CQ5VyVxZi9zXiDPY18m
22059,VENOM,Venom,,,False,0,
22850,HONEY,Hivemapper,,,False,1,Solana:4vMsoUT2BWatFweudnQM1xedRLfJgJ7hswhcpz4xgBTy
22974,TAO,Bittensor,,,False,2,Solana:taoC6xyv2v8tDLcev4uaGUgV4vdQsWJrGft2kcBRrBY | Bittensor:0
23054,CHEEL,Cheelee,56,0x1F1C90aEb2fd13EA972F0a71e35c0753848e3DB0,True,1,BNB Smart Chain (BEP20):0x1F1C90aEb2fd13EA972F0a71e35c0753848e3DB0
23082,TEM,TemDAO,1,0xaE0585a259A3BCAB258D6EE02FB583f7B33C2a12,True,1,Ethereum:0xaE0585a259A3BCAB258D6EE02FB583f7B33C2a12
23711,PRIME,Echelon Prime,1,0xb23d80f5FefcDDaa212212F028021B41DEd428CF,True,2,Ethereum:0xb23d80f5fefcddaa212212f028021b41ded428cf | Base:0xfA980cEd6895AC314E7dE34Ef1bFAE90a5AdD21b
24091,ZK,ZKsync,,,False,1,zkSync Era:0x5A7d6b2F92C77FAD6CCaBd7EE0624E64907Eaf3E
24257,LGCT,Legacy Token,56,0xD38B305CaC06990c0887032A02C03D6839f770A8,True,0,
24399,WHBAR,Wrapped HBAR,,,False,1,Hedera Hashgraph:0.0.1456986
24735,WPLS,Wrapped Pulse,,,False,1,PulseChain:0xa1077a294dde1b09bb078844df40758a5d0f9a27
24781,CYBER,Cyber,1,0x14778860e937f509e651192a90589de711fb88a9,True,6,Ethereum:0x14778860e937f509e651192a90589de711fb88a9 | BNB Smart Chain (BEP20):0x14778860e937f509e651192a90589de711fb88a9 | Solana:5gzCDgVf5Nk6gosa5dpYZV6P6RiAytvCyQUaMwAVyf8z | Optimism:0x14778860e937f509e651192a90589de711fb88a9 | Base:0x14778860E937f509e651192a90589dE711Fb88a9 | CYBER:0x14778860e93
24796,ADF,Art de Finance,137,0x6BD10299f4f1d31b3489Dc369eA958712d27c81b,True,1,Polygon:0x6BD10299f4f1d31b3489Dc369eA958712d27c81b
24875,STRX,Staked TRX,,,False,1,Tron20:TU3kjFuhtEo42tsCBtfYUAZxoqQ4yuSLQ5
25264,SNEK,Snek,,,False,1,Cardano:279c909f348e533da5808898f87f9a14bb2c3dfbbacccd631d927a3f534e454b
26133,TBTC,tBTC,1,0x18084fba666a33d37592fa2633fd49a74dd93a88,True,7,Ethereum:0x18084fba666a33d37592fa2633fd49a74dd93a88 | Solana:6DNSN2BJsaPFdFFc1zP37kkeNe4Usc1Sqkzr9C9vPWcU | Polygon:0x236aa50979D5f3De3Bd1Eeb40E81137F22ab794b | Optimism:0x6c84a8f1c29108F47a79964b5Fe888D4f4D0dE40 | Arbitrum:0x6c84a8f1c29108f47a79964b5fe888d4f4d0de40 | Starknet:0x04daa17763b286d1e59b
26680,NTRN,Neutron,,,False,1,Osmosis:ibc/126DA09104B71B164883842B769C0E9EC1486C0887D27A9999E395C2C8FB5682
26997,ZRO,LayerZero,1,0x6985884C4392D348587B19cb9eAAf157F13271cd,True,7,Ethereum:0x6985884C4392D348587B19cb9eAAf157F13271cd | BNB Smart Chain (BEP20):0x6985884c4392d348587b19cb9eaaf157f13271cd | Polygon:0x6985884c4392d348587b19cb9eaaf157f13271cd | Avalanche C-Chain:0x6985884c4392d348587b19cb9eaaf157f13271cd | Optimism:0x6985884c4392d348587b19cb9eaaf157f13271cd | Arbitru
27076,WTFUEL,Wrapped TFUEL,,,False,1,Theta Network:0x4dc08b15ea0e10b96c41aec22fab934ba15c983e
27077,WTHETA,Wrapped THETA,,,False,1,Theta Network:0xaf537fb7e4c77c97403de94ce141b7edb9f7fcf0
27565,ARKM,Arkham,1,0x6E2a43be0B1d33b726f0CA3b8de60b3482b8b050,True,1,Ethereum:0x6e2a43be0b1d33b726f0ca3b8de60b3482b8b050
27765,ZBU,Zeebu,1,0xe77f6aCD24185e149e329C1C0F479201b9Ec2f4B,True,3,Ethereum:0xe77f6aCD24185e149e329C1C0F479201b9Ec2f4B | BNB Smart Chain (BEP20):0x4D3dc895a9EDb234DfA3e303A196c009dC918f84 | Base:0x2C8C89C442436CC6C0a77943E09c8Daf49Da3161
27966,DORA,Dora Factory,1,0x70b790d0948a760e80bc3f892b142F7779b538B2,True,1,Ethereum:0x70b790d0948a760e80bc3f892b142F7779b538B2
28047,LSD,L7,56,0xcD1B51b87a8a7137D6421bA5A976225187a26777,True,1,BNB Smart Chain (BEP20):0xcD1B51b87a8a7137D6421bA5A976225187a26777
28177,PYTH,Pyth Network,,,False,1,Solana:HZ1JovNiVvGrGNiiYvEozEVgZ58xaU3RKwX8eACQBCt3
28183,WFLR,Wrapped Flare,,,False,1,Flare Network:0x1d80c49bbbcd1c0911346656b529df9e5c2f783d
28298,BEAM,Beam,1,0x62D0A8458eD7719FDAF978fe5929C6D342B0bFcE,True,4,Ethereum:0x62D0A8458eD7719FDAF978fe5929C6D342B0bFcE | BNB Smart Chain (BEP20):0x62D0A8458eD7719FDAF978fe5929C6D342B0bFcE | Base:0x2a66d51407b84b82b5aff3dec4d49f72cbcd322a | Beam:0xeeeeeeeeeeeeeeeeeeeeeeeeeeeeeeeeeeeeeeee
28301,MEME,Memecoin,1,0xb131f4A55907B10d1F0A50d8ab8FA09EC342cd74,True,1,Ethereum:0xb131f4a55907b10d1f0a50d8ab8fa09ec342cd74
28480,BLAST,Blast,81457,0xb1a5700fA2358173Fe465e6eA4Ff52E36e88E2ad,True,1,Blast:0xb1a5700fA2358173Fe465e6eA4Ff52E36e88E2ad
28674,ACE,Fusionist,56,0xc27A719105A987b4c34116223CAE8bd8F4B5def4,True,1,BNB Smart Chain (BEP20):0xc27A719105A987b4c34116223CAE8bd8F4B5def4
28853,JLP,Jupiter Perps LP,,,False,1,Solana:27G8MtK7VtTcCHkpASjSDdkWWYfoqT6ggEuKidVJidD4
29082,SAROS,Saros,,,False,2,Viction:0xB786D9c8120D311b948cF1e5Aa48D8fBacf477E2 | Solana:SarosY6Vscao718M4A778z4CGtvcwcGef5M9MEH1LGL
29150,PONKE,Ponke,8453,0x4a0c64af541439898448659aedcec8e8e819fc53,True,2,Solana:5z3EqYQo9HiCEs3R84RCDMu2n7anpDMxRhdK8PSWmrRC | Base:0x4a0c64af541439898448659aedcec8e8e819fc53
29210,JUP,Jupiter,,,False,1,Solana:JUPyiwrYJFskUPiHa7hkeR8VUtAeFoSYbKedZNsDvCN
29335,PIXEL,Pixels,1,0x3429d03c6F7521AeC737a0BBF2E5ddcef2C3Ae31,True,2,Ethereum:0x3429d03c6F7521AeC737a0BBF2E5ddcef2C3Ae31 | Ronin:0x7eae20d11ef8c779433eb24503def900b9d28ad7
29555,PORTAL,Portal,1,0x1bbe973bef3a977fc51cbed703e8ffdefe001fed,True,3,Ethereum:0x1bbe973bef3a977fc51cbed703e8ffdefe001fed | Solana:FMQjDvT1GztVxdvYgMBEde4L54fftFGx9m5GmbqeJGM5 | Base:0x0FfebC403F2d3dd9EA5501ca03916E98967aCB2D
29587,W,Wormhole,1,0xB0fFa8000886e57F86dd5264b9582b2Ad87b2b91,True,5,Ethereum:0xB0fFa8000886e57F86dd5264b9582b2Ad87b2b91 | Solana:85VBFQZC9TZkfaptBWjvUw7YbZjy52A6mjtPGjstQAmQ | Optimism:0xB0fFa8000886e57F86dd5264b9582b2Ad87b2b91 | Arbitrum:0xB0fFa8000886e57F86dd5264b9582b2Ad87b2b91 | Base:0xB0fFa8000886e57F86dd5264b9582b2Ad87b2b91
29676,AEVO,Aevo,1,0xB528edBef013aff855ac3c50b381f253aF13b997,True,1,Ethereum:0xB528edBef013aff855ac3c50b381f253aF13b997
29779,ZKJ,Polyhedra Network,1,0xC71B5F631354BE6853eFe9C3Ab6b9590F8302e81,True,2,Ethereum:0xC71B5F631354BE6853eFe9C3Ab6b9590F8302e81 | BNB Smart Chain (BEP20):0xC71B5F631354BE6853eFe9C3Ab6b9590F8302e81
30083,ATH,Aethir,1,0xbe0ed4138121ecfc5c0e56b40517da27e6c5226b,True,3,Ethereum:0xbe0ed4138121ecfc5c0e56b40517da27e6c5226b | Solana:Dm5BxyMetG3Aq5PaG1BrG7rBYqEMtnkjvPNMExfacVk7 | Arbitrum:0xc87b37a581ec3257b734886d9d3a581f5a9d056c
30126,MEW,cat in a dogs world,,,False,1,Solana:MEW1gQWJ3nEXg2qgERiKu7FAFj79PHvQVREQUzScPP5
30494,EIGEN,EigenCloud,1,0xec53bF9167f50cDEB3Ae105f56099aaaB9061F83,True,1,Ethereum:0xec53bF9167f50cDEB3Ae105f56099aaaB9061F83
30506,WZEDX,Wrapped Zedxion,56,0x567556A7493FB7a22d2fd158Dd4C766a98705f96,True,2,BNB Smart Chain (BEP20):0x567556A7493FB7a22d2fd158Dd4C766a98705f96 | ZEDXION Smart Chain:0x3f7be9db9d37bd89c3fa722bb29ba17300c18fc8
30636,ZBCN,Zebec Network,,,False,1,Solana:ZBCNpuD7YMXzTHB2fhGkGi78MNsHGLRXUhRewNRm9RU
30712,MERL,Merlin Chain,1,0xa0c56a8c0692bD10B3fA8f8bA79Cf5332B7107F9,True,3,Ethereum:0xa0c56a8c0692bD10B3fA8f8bA79Cf5332B7107F9 | BNB Smart Chain (BEP20):0xa0c56a8c0692bD10B3fA8f8bA79Cf5332B7107F9 | Merlin:0x5c46bFF4B38dc1EAE09C5BAc65872a1D8bc87378
30986,KMNO,Kamino,,,False,1,Solana:KMNo3nJsBXfcpJTVhZcXLW7RmTwTt4GVFE7suUBo9sS
31278,DRIFT,Drift,,,False,1,Solana:DriFtupJYLTosbwoN8koMbEYSx54aFAVLddWsbksjwg7
31503,BWB,Bitget Wallet Token,1,0xac6DB8954b73EbF10e84278AC8b9B22a781615D9,True,4,Ethereum:0xac6DB8954b73EbF10e84278AC8b9B22a781615D9 | Solana:6FVyLVhQsShWVUsCq2FJRr1MrECGShc3QxBwWtgiVFwK | TON:UQBaWrUZwQMcCEHZHf-dAFVhAWInbA7KJciM1W1aQxg4YWLN | Base:0x619c4bbbd65f836b78b36cbe781513861d57f39d
32272,PUMPBTC,pumpBTC (Rehypothecated BTC),1,0xf469fbd2abcd6b9de8e169d128226c0fc90a012e,True,2,Ethereum:0xf469fbd2abcd6b9de8e169d128226c0fc90a012e | BNB Smart Chain (BEP20):0xf9C4FF105803A77eCB5DAE300871Ad76c2794fa4
32306,FBTC,Function,1,0xC96dE26018A54D51c097160568752c4E3BD6C364,True,2,Ethereum:0xC96dE26018A54D51c097160568752c4E3BD6C364 | Mantle:0xc96de26018a54d51c097160568752c4e3bd6c364
32376,AVAIL,Avail,1,0xEeB4d8400AEefafC1B2953e0094134A887C76Bd8,True,3,Ethereum:0xEeB4d8400AEefafC1B2953e0094134A887C76Bd8 | BNB Smart Chain (BEP20):0x39702843a6733932ec7ce0dde404e5a6dbd8c989 | Base:0xd89d90d26b48940fa8f58385fe84625d468e057a
32724,CAT,Simon's Cat,56,0x6894CDe390a3f51155ea41Ed24a33A4827d3063D,True,2,BNB Smart Chain (BEP20):0x6894CDe390a3f51155ea41Ed24a33A4827d3063D | Solana:3joMReCCSESngJEpFLoKR2dNcChjSRCDtybQet5uSpse
32882,BNSOL,Binance Staked SOL,,,False,1,Solana:BNso1VUJnh4zcfpZa6986Ea66P6TCp59hvtNJ8b1X85
33038,SKY,Sky,1,0x56072C95FAA701256059aa122697B133aDEd9279,True,1,Ethereum:0x56072C95FAA701256059aa122697B133aDEd9279
33055,slisBNBx,slisBNBx,56,0x4b30fcAA7945fE9fDEFD2895aae539ba102Ed6F6,True,1,BNB Smart Chain (BEP20):0x4b30fcAA7945fE9fDEFD2895aae539ba102Ed6F6
33223,LAB,LAB,56,0x7ec43Cf65F1663F820427C62A5780b8f2E25593A,True,1,BNB Smart Chain (BEP20):0x7ec43Cf65F1663F820427C62A5780b8f2E25593A
33251,WLFI,World Liberty Financial,1,0xdA5e1988097297dCdc1f90D4dFE7909e847CBeF6,True,3,Ethereum:0xdA5e1988097297dCdc1f90D4dFE7909e847CBeF6 | BNB Smart Chain (BEP20):0x47474747477b199288bF72a1D702f7Fe0Fb1DEeA | Solana:WLFinEv6ypjkczcS83FZqFpgFZYwQXutRbxGe7oC16g
33280,CHEEMS,Cheems (cheems.pet),56,0x0df0587216a4a1bb7d5082fdc491d93d2dd4b413,True,1,BNB Smart Chain (BEP20):0x0df0587216a4a1bb7d5082fdc491d93d2dd4b413
33310,xSolvBTC,xSolvBTC,1,0xd9d920aa40f578ab794426f5c90f6c731d159def,True,4,Ethereum:0xd9d920aa40f578ab794426f5c90f6c731d159def | BNB Smart Chain (BEP20):0x1346b618dc92810ec74163e4c27004c921d446a5 | Avalanche C-Chain:0xcc0966d8418d412c599a6421b760a847eb169a8c | Merlin:0x1760900aCA15B90Fa2ECa70CE4b4EC441c2CF6c5
33312,SolvBTC,SolvBTC,1,0x7a56e1c57c7475ccf742a1832b028f0456652f97,True,6,Ethereum:0x7a56e1c57c7475ccf742a1832b028f0456652f97 | BNB Smart Chain (BEP20):0x4aae823a6a0b376De6A78e74eCC5b079d38cBCf7 | Avalanche C-Chain:0xbc78d84ba0c46dfe32cf2895a19939c86b81a777 | Arbitrum:0x3647c54c4c2c65bc7a2d63c0da2809b399dbbdc0 | Starknet:0x0593e034dda23eea82d2ba9a30960ed42cf4a01502cc2351d
33342,EVA,EverValue Coin,42161,0x45d9831d8751b2325f3dbf48db748723726e1c8c,True,1,Arbitrum:0x45d9831d8751b2325f3dbf48db748723726e1c8c
33391,DEEP,DeepBook Protocol,,,False,1,Sui Network:0xdeeb7a4662eec9f2f3def03fb937a663dddaa2e215b8078a284d026b7946c270::deep::DEEP
33566,ACT,Act I : The AI Prophecy,,,False,1,Solana:GJAFwWjJ3vnTsrQVabjBVK2TYB1YtRCQXRDfDgUnpump
33652,LBTC,Lombard Staked BTC,1,0x8236a87084f8b84306f72007f36f2618a5634494,True,4,Ethereum:0x8236a87084f8b84306f72007f36f2618a5634494 | BNB Smart Chain (BEP20):0xecac9c5f704e954931349da37f60e39f515c11c1 | Starknet:0x036834a40984312f7f7de8d31e3f6305b325389eaeea5b1c0664b2fb936461a4 | Base:0xecac9c5f704e954931349da37f60e39f515c11c1
33696,EBTC,ether.fi Staked BTC,1,0x657e8C867D8B37dCC18fA4Caead9C45EB088C642,True,1,Ethereum:0x657e8C867D8B37dCC18fA4Caead9C45EB088C642
33824,SYRUP,Maple Finance,1,0x643C4E15d7d62Ad0aBeC4a9BD4b001aA3Ef52d66,True,2,Ethereum:0x643C4E15d7d62Ad0aBeC4a9BD4b001aA3Ef52d66 | Base:0x688aee022aa544f150678b8e5720b6b96a9e9a2f
33834,BBSOL,Bybit Staked SOL,,,False,1,Solana:Bybit2vBJGhPF52GBdNaQfUJ6ZpThSgHBobjWZpLPb4B
34104,MORPHO,Morpho,1,0x58D97B57BB95320F9a05dC918Aef65434969c2B2,True,3,Ethereum:0x58D97B57BB95320F9a05dC918Aef65434969c2B2 | Arbitrum:0x40BD670A58238e6E230c430BBb5cE6ec0d40df48 | Base:0xBAa5CC21fd487B8Fcc2F632f3F4E8D37262a0842
34143,WHITE,WhiteRock,1,0x9cdf242Ef7975D8c68D5C1F5B6905801699b1940,True,2,Ethereum:0x9cdf242Ef7975D8c68D5C1F5B6905801699b1940 | Solana:ENWC66tsY6cyqSrd8a7S9ETc712xCcSAuGcRUwSMWhyo
34812,BIO,Bio Protocol,1,0xcb1592591996765ec0efc1f92599a19767ee5ffa,True,3,Ethereum:0xcb1592591996765ec0efc1f92599a19767ee5ffa | Solana:bioJ9JTqW62MLz7UKHU69gtKhPpGi1BQhccj2kmSvUJ | Base:0x226a2fa2556c48245e57cd1cba4c6c9e67077dd2
34926,ARC,AI Rig Complex,,,False,1,Solana:61V8vBaqAGMpgDQi4JcAwo1dmBGHsyhzodcPqnEVpump
35429,LAYER,Solayer,,,False,1,Solana:LAYER4xPpTCb3QL8S9u41EAhAX7mhBn8Q6xMTwY2Yzc
35437,USDF,Aster USDF,56,0x5A110fC00474038f6c02E89C707D638602EA44B5,True,1,BNB Smart Chain (BEP20):0x5A110fC00474038f6c02E89C707D638602EA44B5
35509,VVV,Venice Token,8453,0xacfE6019Ed1A7Dc6f7B508C02d1b04ec88cC21bf,True,1,Base:0xacfE6019Ed1A7Dc6f7B508C02d1b04ec88cC21bf
35763,KAITO,KAITO,8453,0x98d0baa52b2D063E780DE12F615f963Fe8537553,True,1,Base:0x98d0baa52b2D063E780DE12F615f963Fe8537553
35818,SOSO,SoSoValue,1,0x76A0e27618462bDAC7a29104bdcfFf4E6BFCea2D,True,2,Ethereum:0x76A0e27618462bDAC7a29104bdcfFf4E6BFCea2D | Base:0x624e2e7fdc8903165f64891672267ab0fcb98831
35881,WHYPE,Wrapped HYPE,,,False,1,HyperEVM:0x5555555555555555555555555555555555555555
35931,ZORA,ZORA,8453,0x1111111111166b7fe7bd91427724b487980afc69,True,1,Base:0x1111111111166b7fe7bd91427724b487980afc69
35954,LION,Loaded Lions,42161,0x527e8D368298deA5a53be257e5300F4DBafb7a97,True,3,Solana:7kN5FQMD8ja4bzysEgc5FXmryKd6gCgjiWnhksjHCFb3 | Arbitrum:0x527e8D368298deA5a53be257e5300F4DBafb7a97 | Cronos:0x9D8c68F185A04314DDC8B8216732455e8dbb7E45
36044,NXPC,NEXPACE,56,0xf2b51cc1850fed939658317a22d73d3482767591,True,2,BNB Smart Chain (BEP20):0xf2b51cc1850fed939658317a22d73d3482767591 | Avalanche C-Chain:0x5E0E90E268BC247Cc850c789A0DB0d5c7621fb59
36119,WAL,Walrus,,,False,1,Sui Network:0x356a26eb9e012a68958082340d4c4116e7f55615cf27affcff209cf0ae544f59::wal::WAL
36175,UNIBTC,Universal BTC,1,0x004e9c3ef86bc1ca1f0bb5c7662861ee93350568,True,20,Ethereum:0x004e9c3ef86bc1ca1f0bb5c7662861ee93350568 | BNB Smart Chain (BEP20):0x6b2a01a5f79deb4c2f3c0eda7b01df456fbd726a | Solana:uniBKsEV37qLRFZD7v3Z9drX6voyiCM8WcaePqeSSLc | Optimism:0x93919784c523f39cacaa98ee0a9d96c3f32b593e | Arbitrum:0x6b2a01a5f79deb4c2f3c0eda7b01df456fbd726a | IoTex:0x93919784
36246,stkAAVE,Staked Aave,1,0x4da27a545c0c5B758a6BA100e3a049001de870f5,True,1,Ethereum:0x4da27a545c0c5B758a6BA100e3a049001de870f5
36341,ASTER,Aster,56,0x000Ae314E2A2172a039B26378814C252734f556A,True,1,BNB Smart Chain (BEP20):0x000Ae314E2A2172a039B26378814C252734f556A
36410,MYX,MYX Finance,56,0xD82544bf0dfe8385eF8FA34D67e6e4940CC63e16,True,1,BNB Smart Chain (BEP20):0xD82544bf0dfe8385eF8FA34D67e6e4940CC63e16
36458,AETHWETH,Aave Ethereum WETH,1,0x4d5F47FA6A74757f35C14fD3a6Ef8E3C9BC514E8,True,1,Ethereum:0x4d5F47FA6A74757f35C14fD3a6Ef8E3C9BC514E8
36462,A,Vaulta,,,False,1,Vaulta:core.vaulta
36507,PUMP,Pump.fun,,,False,1,Solana:pumpCmXqMfrsAkQ5r49WcJnRayYRqmXz6ae8H7H9Dfn
36532,B,BUILDon,56,0x6bdcce4a559076e37755a78ce0c06214e59e4444,True,1,BNB Smart Chain (BEP20):0x6bdcce4a559076e37755a78ce0c06214e59e4444
36671,SAHARA,Sahara AI,1,0xFDFfB411C4A70AA7C95D5C981a6Fb4Da867e1111,True,2,Ethereum:0xFDFfB411C4A70AA7C95D5C981a6Fb4Da867e1111 | BNB Smart Chain (BEP20):0xFDFfB411C4A70AA7C95D5C981a6Fb4Da867e1111
37986,LIGHT,Light,,,False,1,Solana:LiGHtkg3uTa9836RaNkKLLriqTNRcMdRAhqjGWNv777
38299,AVNT,Avantis,8453,0x696F9436B67233384889472Cd7cD58A6fB5DF4f1,True,1,Base:0x696F9436B67233384889472Cd7cD58A6fB5DF4f1
38353,MET,Meteora,,,False,1,Solana:METvsvVRapdj9cFLzq4Tr43xK4tAjQfwX76z3n6mWQL
38408,BARD,Lombard,1,0xf0DB65D17e30a966C2ae6A21f6BBA71cea6e9754,True,2,Ethereum:0xf0DB65D17e30a966C2ae6A21f6BBA71cea6e9754 | BNB Smart Chain (BEP20):0xd23A186A78c0B3B805505E5f8ea4083295ef9f3a
38417,RIVER,River,1,0xdA7AD9dea9397cffdDAE2F8a052B82f1484252B3,True,3,Ethereum:0xdA7AD9dea9397cffdDAE2F8a052B82f1484252B3 | BNB Smart Chain (BEP20):0xdA7AD9dea9397cffdDAE2F8a052B82f1484252B3 | Base:0xdA7AD9dea9397cffdDAE2F8a052B82f1484252B3
38770,MEGA,MegaETH,,,False,2,Solana:megaA5QDK1qLXtjpvg9oCFMvxT9d5BCMrVTBddnM5kV | MegaETH:0x28B7E77f82B25B95953825F1E3eA0E36c1c29861
38779,syrupUSDC,syrupUSDC,1,0x80ac24aa929eaf5013f6436cda2a7ba190f5cc0b,True,3,Ethereum:0x80ac24aa929eaf5013f6436cda2a7ba190f5cc0b | Solana:AvZZF1YaZDziPY2RCK4oJrRVrbN3mTD9NL24hPeaZeUj | Arbitrum:0x41ca7586cc1311807b4605fbb748a3b8862b42b5
38786,syrupUSDT,syrupUSDT,1,0x356b8d89c1e1239cbbb9de4815c39a1474d5ba7d,True,2,Ethereum:0x356b8d89c1e1239cbbb9de4815c39a1474d5ba7d | Plasma:0xc4374775489cb9c56003bf2c9b12495fc64f0771
38967,RAVE,RaveDAO,1,0x17205fab260a7a6383a81452cE6315A39370Db97,True,3,Ethereum:0x17205fab260a7a6383a81452cE6315A39370Db97 | BNB Smart Chain (BEP20):0x97693439ea2f0ecdeb9135881e49f354656a911c | Base:0x1aa8fd5bcce2231c6100d55bf8b377cff33acfc3
39042,POWER,Power Protocol,1,0x9dC44ae5BE187ECA9e2A67e33f27A4c91cEA1223,True,3,Ethereum:0x9dC44ae5BE187ECA9e2A67e33f27A4c91cEA1223 | BNB Smart Chain (BEP20):0x9dC44ae5BE187ECA9e2A67e33f27A4c91cEA1223 | Ronin:0x394cEF8bDd737EE24DBc9f43d0d5D2ab83136054
39125,LIT,Lighter,1,0x232ce3bd40fcd6f80f3d55a522d03f25df784ee2,True,1,Ethereum:0x232ce3bd40fcd6f80f3d55a522d03f25df784ee2
39379,GWEI,ETHGas,1,0x2798b1cC5A993085E8A9D46e80499F1B63f42204,True,2,Ethereum:0x2798b1cC5A993085E8A9D46e80499F1B63f42204 | BNB Smart Chain (BEP20):0x30117E4bC17d7B044194b76A38365C53b72F7D49
39720,EDGE,edgeX,1,0xB0076DE78Dc50581770BBa1D211dDc0aD4F2a241,True,2,Ethereum:0xB0076DE78Dc50581770BBa1D211dDc0aD4F2a241 | BNB Smart Chain (BEP20):0x70f2eadf1ca1969ff42b0c78e9da519e8937cbaf
39841,GENIUS,Genius Terminal,56,0x1F12B85aAC097E43Aa1555b2881E98a51090e9A6,True,1,BNB Smart Chain (BEP20):0x1F12B85aAC097E43Aa1555b2881E98a51090e9A6
7127,VELO,Velodrome Finance,56,0xf486ad071f3bee968384d2e39e2d8af0fcf6fd46,True,2,BNB Smart Chain (BEP20):0xf486ad071f3bee968384d2e39e2d8af0fcf6fd46 | Stellar:VELO-GDM4RQUQQUVSKQA7S6EM7XBZP3FCGH4Q7CL6TABQ7B2BEJ5ERARM2M5M
5728,BAL,Balancer,1,0xba100000625a3754423978a60c9317c58a424e3D,True,8,Ethereum:0xba100000625a3754423978a60c9317c58a424e3D | HECO:0x045de15ca76e76426e8fc7cba8392a3138078d0f | Gnosis Chain:0x7eF541E2a22058048904fE5744f9c7E4C57AF717 | Polygon:0x9a71012b13ca4d3d0cdc72a177df3ef03b0e76a3 | Optimism:0xFE8B128bA8C78aabC59d4c64cEE7fF28e9379921 | Arbitrum:0x040d1edc9569d4bab2d1
5692,COMP,Compound,1,0xc00e94cb662c3520282e6f5717214004a7f26888,True,7,Ethereum:0xc00e94cb662c3520282e6f5717214004a7f26888 | BNB Smart Chain (BEP20):0x52ce071bd9b1c4b00a0b92d298c512478cad67e8 | Solana:AwEauVaTMQRB71WeDnwf1DWSBxaMKjEPuxyLr1uixFom | Gnosis Chain:0xDf6FF92bfDC1e8bE45177DC1f4845d391D3ad8fD | Avalanche C-Chain:0xc3048E19E76CB9a3Aa9d77D8C03c29Fc906e2437 | So
n/a,ANGLE,Angle Protocol,,,False,0,
