cmc_id,symbol,name,chainid,address,verified,contract,is_proxy,ch1,ch1_event,ch1_logs,ch1_firstblock,ch3,ch3_event,ch3_logs,ch3_firstblock,ch2
788,COVAL,Circuits of Value,1,0x3d658390460295fb963f54dc0899cfb1c30776df,True,AdminUpgradeabilityProxy->impl:CircuitsOfValue,1,-,,,,-,,,,Transfer(universal)
1104,REP,Augur,1,0x1985365e9f78359a9B6AD760e32412f4a445E862,True,Delegator->impl:ReputationToken,1,-,,,,-,,,,Transfer(universal)
1166,WARP,WARP,1,0x83e6f1E41cdd28eAcEB20Cb649155049Fac3D5Aa,True,PolkastarterToken,0,-,,,,-,,,,Transfer(universal)
1274,WAVES,Waves,1,0x7296eaA225804451a91616b29D040cAB05435f0d,True,WrappedToken,0,-,,,,-,,,,Transfer(universal)
1467,ARC,Arcade Token,1,0xac709fcb44a43c35f0da4e3163b117a17f3770f5,True,ARCToken,0,-,,,,-,,,,Transfer(universal)
1500,WINGS,Wings,1,0x667088b212ce3d06a1b553a7221E1fD19000d9aF,True,Token,0,-,,,,-,,,,Transfer(universal)
1503,JUP,Jupiter,1,0x4B1E80cAC91e2216EEb63e29B957eB91Ae9C2Be8,True,Jupiter,0,-,,,,-,,,,Transfer(universal)
1518,MKR,Maker,1,0x9f8f72aa9304c8b593d555f12ef6589cc3a579a2,True,DSToken,0,-,,,,-,,,,Transfer(universal)
1552,MLN,Enzyme,1,0xec67005c4e498ec7f55e092bd1d35cbc47c91892,True,Melon,0,-,,,,-,,,,Transfer(universal)
1556,TIME,Chrono.tech,1,0x485d17A6f1B8780392d53D64751824253011A260,True,TimeToken,0,-,,,,-,,,,Transfer(universal)
1637,RLC,iExec RLC,1,0x607f4c5bb672230e8672085532f7e901544a7375,True,RLC,0,-,,,,-,,,,Transfer(universal)
1660,TKN,Monolith,1,0xaaaf91d9b90df800df4f55c205fd6989c977e73a,True,Token,0,-,,,,-,,,,Transfer(universal)
1680,ANT,Aragon,1,0xa117000000f279d81a1d3cc75430faa017fa5a2e,True,ANTv2,0,-,,,,-,,,,Transfer(universal)
1722,MORE,More Coin,1,0x305DE070488C8469dFAC957226c9c900c4BFbA22,True,Token,0,-,,,,-,,,,Transfer(universal)
1732,NMR,Numeraire,1,0x1776e1F26f98b1A5dF9cD347953a26dd3Cb46671,True,NumeraireBackend->impl:UpgradeDelegate,1,GENUINE,"Staked(address,bytes32,uint256,uint256,uint256,uint256)",1000,3905941,delegation-only,"DelegateChanged(address,address)",4,3902419,Transfer(universal)
1757,FUN,FUNToken,1,0x419d0d8bdd9af5e606ae2232ed285aff190e711b,True,Token,0,-,,,,-,,,,Transfer(universal)
1758,PAY,TenX,1,0xb97048628db6b661d4c2aa833e95dbe1a905b280,True,PayToken,0,-,,,,-,,,,Transfer(universal)
1768,ADX,AdEx,1,0xade00c28244d5ce17d72e40330b1c318cd12b7c3,True,ADXToken,0,-,,,,-,,,,Transfer(universal)
1808,OMG,OMG Network,1,0xd26114cd6ee289accf82350c8d8487fedb8a0c07,True,OMGToken,0,-,,,,-,,,,Transfer(universal)
1834,PLR,Pillar,1,0xe3818504c1b32bf1557b16c238b2e01fd3149c17,True,PillarToken,0,-,,,,-,,,,Transfer(universal)
1847,MSP,Mothership,1,0x68aa3f232da9bdc2343465545794ef3eea5209bd,True,MSP,0,-,,,,-,,,,Transfer(universal)
1882,CAT,BlockCAT,1,0x56ba2Ee7890461f463F7be02aAC3099f6d5811A8,True,CATToken,0,-,,,,-,,,,Transfer(universal)
1982,KNCL,Kyber Network Crystal Legacy,1,0xdd974d5c2e2928dea5f71b9825b8b646686bd200,True,KyberNetworkCrystal,0,-,,,,-,,,,Transfer(universal)
1984,SUB,Substratum,1,0x8D75959f1E61EC2571aa72798237101F084DE63a,True,Substratum,0,-,,,,-,,,,Transfer(universal)
2015,ATM,ATMChain,1,0x9B11EFcAAA1890f6eE52C6bB7CF8153aC5d74139,True,ATMToken,0,-,,,,-,,,,Transfer(universal)
2057,EDO,Eidoo,1,0xced4e93198734ddaff8492d525bd258d49eb388e,True,EidooToken,0,-,,,,-,,,,Transfer(universal)
2058,AST,AirSwap,1,0x27054b13b1b798b345b591a4d22e6562d47ea75a,True,AirSwapToken,0,event-declared(no logs),"BalanceLocked(address,uint256,uint256,uint256)",0,,-,,,,Transfer(universal)
2071,REQ,Request,1,0x8f8221afbb33998d8584a2b05749ba73c37a938a,True,RequestToken,0,-,,,,-,,,,Transfer(universal)
2081,AMB,AirDAO,1,0xf4fb9bf10e489ea3edb03e094939341399587b0c,True,BridgeERC20,0,-,,,,-,,,,Transfer(universal)
2096,RCN,Ripio Credit Network,1,0xf970b8e36e23f7fc3fd752eea86f8be8d83375a6,True,RCNToken,0,-,,,,-,,,,Transfer(universal)
2110,DOV,Dovu,1,0xac3211a5025414af2866ff09c23fc18bc97e79b1,True,BurnableCrowdsaleToken,0,-,,,,-,,,,Transfer(universal)
2120,FUEL,Etherparty,1,0xea38eaa3c86c8f9b751533ba2e562deb9acded40,True,FuelToken,0,-,,,,-,,,,Transfer(universal)
2165,ERC20,ERC20,1,0xc3761EB917CD790B30dAD99f6Cc5b4Ff93C4F9eA,True,TokenERC20,0,-,,,,-,,,,Transfer(universal)
2176,HST,Decision Token,1,0x554c20b7c486beee439277b4540a434566dc4c02,True,DecisionToken,0,-,,,,-,,,,Transfer(universal)
2202,PRL,Oyster,1,0x1844b21593262668b7248d0f57a220caaba46ab9,True,OysterPearl,0,-,,,,-,,,,Transfer(universal)
2223,VEE,BLOCKv,1,0x340d2bde5eb28c1eed91b2f790723e3b160613b7,True,BlockvToken,0,-,,,,-,,,,Transfer(universal)
2239,LEND,Aave,1,0x80fB784B7eD66730e8b1DBd9820aFD29931aab03,True,EthLendToken,0,-,,,,-,,,,Transfer(universal)
2273,UQC,Uquid Coin,1,0x8806926ab68eb5a7b909dcaf6fdbe5d93271d6e2,True,UquidCoin,0,-,,,,-,,,,Transfer(universal)
2277,SMT,SmartMesh,1,0x55f93985431fc9304077687a35a1ba103dc1e081,True,SMT,0,-,,,,-,,,,Transfer(universal)
2296,OST,OST,1,0x2c4e8f2d746113d0696ce89b35f0d8bf88e0aeca,True,SimpleToken,0,-,,,,-,,,,Transfer(universal)
2308,SAI,Single Collateral DAI ,1,0x89d24a6b4ccb1b6faa2625fe562bdd9a23260359,True,DSToken,0,-,,,,-,,,,Transfer(universal)
2318,NEU,Neumark,1,0xa823e6722006afe99e91c30ff5295052fe6b8e32,True,Neumark,0,-,,,,-,,,,Transfer(universal)
2320,UTK,xMoney,1,0xdc9Ac3C20D1ed0B540dF9b1feDC10039Df13F99c,True,UtrustToken,0,-,,,,-,,,,Transfer(universal)
2324,ONE,BigONE Token,1,0x946551dd05c5abd7cc808927480225ce36d8c475,True,Token,0,-,,,,-,,,,Transfer(universal)
2341,SWFTC,SwftCoin,1,0x0bb217E40F8a5Cb79Adf04E1aAb60E5abd0dfC1e,True,SwftCoin,0,-,,,,-,,,,Transfer(universal)
2363,ZAP,Zap,1,0x6781a0f84c7e9e846dcb84a9a5bd49333067b104,True,ZapToken,0,-,,,,-,,,,Transfer(universal)
2377,LEV,Leverj,1,0x0f4ca92660efad97a9a70cb0fe969c755439772c,True,HumanStandardToken,0,-,,,,-,,,,Transfer(universal)
2410,SPC,SpaceChain,1,0x86ed939b500e121c0c5f493f399084db596dad20,True,SpaceChain,0,-,,,,-,,,,Transfer(universal)
2424,AGIX,SingularityNET,1,0x5B7533812759B45C2B44C19e320ba2cD2681b542,True,SingularityNetToken,0,-,,,,-,,,,Transfer(universal)
2430,HOT,Hydro Protocol,1,0x9af839687f6c94542ac5ece2e317daae355493a1,True,HydroToken,0,-,,,,-,,,,Transfer(universal)
2496,POLY,Polymath,1,0x9992ec3cf6a55b00978cddf2b27bc6882d88d1ec,True,PolyToken,0,-,,,,-,,,,Transfer(universal)
2505,BLZ,Bluzelle,1,0x5732046a883704404f284ce41ffadd5b007fd668,True,BluzelleToken,0,-,,,,-,,,,Transfer(universal)
2530,FSN,Fusion,1,0x9AfC975EdB8a0B57f066e8e0A72A5e2ADbdCb605,True,Token,0,-,,,,-,,,,Transfer(universal)
2538,NEC,Nectar,1,0xcc80c051057b774cd75067dc48f8987c4eb97a5e,True,NEC,0,-,,,,-,,,,Transfer(universal)
2545,ABT,ArcBlock,1,0xb98d4c97425d9908e66e53a6fdf673acca0be986,True,ArcBlockToken,0,-,,,,-,,,,Transfer(universal)
2559,AUTO,Cube,1,0x622dFfCc4e83C64ba959530A5a5580687a57581b,True,Token,0,-,,,,-,,,,Transfer(universal)
2576,TEN,Tokenomy,1,0xdd16ec0f66e54d453e6756713e533355989040e4,True,TenToken,0,-,,,,-,,,,Transfer(universal)
2586,SNX,Synthetix,1,0xc011a73ee8576fb46f5e1c5751ca3b9fe0af2a6f,True,ProxyERC20,0,-,,,,-,,,,Transfer(universal)
2593,DRG,Dragon Coins,1,0x814f67fa286f7572b041d041b1d99b432c9155ee,True,Dragon,0,-,,,,-,,,,Transfer(universal)
2620,SWTH,Carbon Protocol,1,0xb4371da53140417cbb3362055374b10d97e420bb,True,SwitcheoToken,0,-,,,,-,,,,Transfer(universal)
2700,CEL,Celsius,1,0xaaaebe6fe48e54f431b0c390cfaf0b017d09d42d,True,CelsiusToken,0,-,,,,-,,,,Transfer(universal)
2726,GEN,DAOstack,1,0x543ff227f64aa17ea132bf9886cab5db55dcaddf,True,DAOToken,0,-,,,,-,,,,Transfer(universal)
2765,XYO,XYO,1,0x55296f69f40ea6d20e478533c15a6b08b654e758,True,TokenERC20,0,-,,,,-,,,,Transfer(universal)
2772,DGTX,Digitex,1,0xc666081073e8dff8d3d1c2292a29ae1a2153ec09,True,DGTXToken,0,-,,,,-,,,,Transfer(universal)
2778,EXC,Eximchain,1,0x00c4b398500645eb5da00a1a379a88b11683ba01,True,EximchainToken,0,-,,,,-,,,,Transfer(universal)
2826,ZIP,Zipper,1,0xa9d2927d3a04309e008b6af6e2e282ae2952e7fd,True,HumanStandardToken,0,-,,,,-,,,,Transfer(universal)
2873,MET,Metronome,1,0x2Ebd53d035150f328bd754D6DC66B99B0eDB89aa,True,Metronome2,0,-,,,,ERC20Votes,"DelegateVotesChanged(address,uint256,uint256)",666,15778962,Transfer(universal)
2930,IQ,IQ,1,0x579cea1889991f68acc35ff5c3dd0621ff29b0c9,True,IQERC20,0,-,,,,-,,,,Transfer(universal)
2933,BMX,BitMart Token,1,0x986EE2B944c42D017F52Af21c4c69B84DBeA35d8,True,BMC,0,-,,,,-,,,,Transfer(universal)
2937,VITE,VITE,1,0xadd5e881984783dd432f80381fb52f45b53f3e70,True,ViteToken,0,-,,,,-,,,,Transfer(universal)
2945,BOX,ContentBox,1,0x63f584fa56e60e4d0fe8802b27c7e6e3b33e007f,True,BOXToken,0,-,,,,-,,,,Transfer(universal)
2982,MVL,MVL,1,0xa849eaae994fb86afa73382e9bd88c2b6b18dc71,True,MVLToken,0,admin/vesting-lock(not conviction),,,,-,,,,Transfer(universal)
3053,YOU,YOU COIN,1,0x34364BEe11607b1963d66BCA665FDE93fCA666a8,True,YOUToken,0,-,,,,-,,,,Transfer(universal)
3083,LINA,LINA,1,0xc05d14442a510de4d3d71a3d316585aa0ce32b50,True,TokenERC20,0,-,,,,-,,,,Transfer(universal)
3139,DX,DxChain Token,1,0x973e52691176d36453868D9d86572788d27041A9,True,DxToken,0,-,,,,-,,,,Transfer(universal)
3155,QNT,Quant,1,0x4a220e6096b25eadb88358cb44068a3248254675,True,StandardToken,0,-,,,,-,,,,Transfer(universal)
3296,MIN,MINDOL,1,0x5d64d850c8368008afb39224e92ad0dceff3cf38,True,TokenERC20,0,-,,,,-,,,,Transfer(universal)
3325,ROX,Robotina,1,0x574f84108a98c575794f75483d801d1d5dc861a5,True,RoxToken,0,-,,,,-,,,,Transfer(universal)
3367,CRD,CryptalDash,1,0xcaaa93712bdac37f736c323c93d4d5fdefcc31cc,True,CRDToken,0,-,,,,-,,,,Transfer(universal)
3418,META,Metadium,1,0xde2f7766c8bf14ca67193128535e5c7454f8387c,True,Metadium,0,-,,,,-,,,,Transfer(universal)
3475,BOX,BOX Token,1,0xe1A178B681BD05964d3e3Ed33AE731577d9d96dD,True,BOX,0,-,,,,-,,,,Transfer(universal)
3515,DEX,DEX,1,0x497bAEF294c11a5f0f5Bea3f2AdB3073DB448B56,True,ZeppelinCoin,0,-,,,,-,,,,Transfer(universal)
3637,AERGO,Aergo,1,0x91af0fbb28aba7e31403cb457106ce79397fd4e6,True,AergoErc20,0,-,,,,-,,,,Transfer(universal)
3748,HXRO,Hxro,1,0x4bd70556ae3f8a6ec6c4080a0c327b24325438f3,True,HxroTokenContract,0,-,,,,-,,,,Transfer(universal)
3814,CELR,Celer Network,1,0x4f9254c83eb525f9fcf346490bbb3ed28a81c667,True,CelerToken,0,-,,,,-,,,,Transfer(universal)
3835,ORBS,Orbs,1,0xff56cc6b1e6ded347aa0b7676c85ab0b3d08b0fa,True,OrbsToken,0,-,,,,-,,,,Transfer(universal)
3840,FST,1irstcoin,1,0x310c93dfc1c5e34cdf51678103f63c41762089cd,True,MainToken,0,admin/vesting-lock(not conviction),,,,-,,,,Transfer(universal)
3855,LOCUS,Locus Chain,1,0xc64500dd7b0f1794807e67802f8abbf5f8ffb054,True,LocusToken,0,-,,,,-,,,,Transfer(universal)
3874,IRIS,IRISnet,1,0x76C4A2B59523eaE19594c630aAb43288dBB1463f,True,IbcToken,0,-,,,,-,,,,Transfer(universal)
3911,OCEAN,Ocean Protocol,1,0x967da4048cd07ab37855c090aaf366e4ce1b9f48,True,OceanToken,0,-,,,,-,,,,Transfer(universal)
3916,THX,ThoreNext,1,0xf08c68bd5f4194d994fd70726746bf529ee5a617,True,HumanStandardToken,0,-,,,,-,,,,Transfer(universal)
3928,IDEX,IDEX,1,0xb705268213d593b8fd88d3fdeff93aff5cbdcfae,True,IDEX,0,-,,,,-,,,,Transfer(universal)
3930,TT,ThunderCore,1,0x1E053D89E08c24aA2CE5C5B4206744Dc2D7BD8F5,True,TokenProxy->impl:ERC677InitializableBridgeToken,1,-,,,,-,,,,Transfer(universal)
3992,COTI,COTI,1,0xDDB3422497E61e13543BeA06989C0789117555c5,True,Coti,0,-,,,,-,,,,Transfer(universal)
4006,AWE,AWE,8453,0x1B4617734C43F6159F3a70b7E06d883647512778,True,ERC1967Proxy->impl:AWE,1,-,,,,ERC20Votes-ABIonly [getLogs needs PAID plan on this chain],"DelegateVotesChanged(address,uint256,uint256)",,,Transfer(universal)
4090,WXT,Wirex Token,1,0xa02120696c7B8fE16C09C749E4598819b2B0E915,True,WirexToken,0,-,,,,-,,,,Transfer(universal)
4113,UNI,UNI COIN,1,0xe6877ea9c28fbdec631ffbc087956d0023a76bf2,True,UniCoinToken,0,-,,,,-,,,,Transfer(universal)
4134,AKRO,Kaon,1,0x8ab7404063ec4dbcfd4598215992dc3f8ec853d7,True,TokenProxy->impl:AkropolisToken,1,GENUINE,Locked(),1,8099298,-,,,,Transfer(universal)
4172,LUNC,Terra Classic,1,0xbd31ea8212119f94a611fa969881cba3ea06fa3d,True,BridgeToken->impl:TokenImplementation,1,-,,,,-,,,,Transfer(universal)
4195,FTT,FTX Token,1,0x50d1c9771902476076ecfc8b2a83ad6b9355a4c9,True,FTT,0,-,,,,-,,,,Transfer(universal)
4206,WIN,WINkLink,56,0xaef0d72a118ce24fee3cd1d43d383897d05b4e99,True,BEP20UpgradeableProxy->impl:BEP20TokenImplementation,1,-,,,,-,,,,Transfer(universal)
4217,BOA,BOSagora,1,0x51bD4f39803fcAEFf3ef45aae2C3aaFf0B9faDcb,True,BOSAGORA,0,-,,,,-,,,,Transfer(universal)
4360,FAB,FABRK,1,0x12683dc9eec95a5f742d40206e73319e6b9d8a91,True,FABToken,0,-,,,,-,,,,Transfer(universal)
4598,ACA,Acash Coin,1,0x63d958d765f5bd88efdbd8afd32445393b24907f,True,ACASH,0,-,,,,-,,,,Transfer(universal)
4679,BAND,Band,1,0xba11d00c5f74255f56a5e366f4f77f5a186d7f55,True,BandToken,0,-,,,,-,,,,Transfer(universal)
4862,DAD,DAD,1,0x5b322514ff727253292637d9054301600c2c81e8,True,DAD,0,-,,,,-,,,,Transfer(universal)
5007,TROY,TROY,1,0x4574562e9310a94f9ca962bd23168d8a06875b1a,True,TROY,0,-,,,,-,,,,Transfer(universal)
5015,HEX,HEX,1,0x2b591e99afe9f32eaa6214f7b7629768c40eeb39,True,HEX,0,GENUINE,"StakeStart(uint256,address,uint40)",1000,9046425,-,,,,Transfer(universal)
5113,SURE,inSure DeFi,1,0xcb86c6a22cb56b6cf40cafedb06ba0df188a416e,True,TokenERC20,0,-,,,,-,,,,Transfer(universal)
5117,OGN,Origin Protocol,1,0x8207c1ffc5b6804f6024322ccf34f29c3541ae26,True,OriginToken,0,-,,,,-,,,,Transfer(universal)
5190,FLEX,FLEX,1,0xfcf8eda095e37a41e002e266daad7efc1579bc0a,True,FLEXCoin,0,-,,,,-,,,,Transfer(universal)
5266,MLK,MiL.k,42161,0x374c5FB7979d5fDBAAd2d95409e235e5CBdfD43C,True,Token,0,-,,,,-,,,,Transfer(universal)
5274,EDG,Edgeware,56,0x4e0da40b9063dc48364c1c0ffb4ae9d091fc2270,True,Edgeware,0,-,,,,ERC20Votes-ABIonly [getLogs needs PAID plan on this chain],"DelegateVotesChanged(address,uint256,uint256)",,,Transfer(universal)
5279,SOLO,Sologenic,56,0xc2c28b58db223da89b567a0a98197fc17c115148,True,BEP20Token,0,-,,,,-,,,,Transfer(universal)
5299,HDAO,HyperDAO,1,0x74faab6986560fd1140508e4266d8a7b87274ffd,True,HDAOToken,0,-,,,,-,,,,Transfer(universal)
5354,PEAK,PEAKDEFI,1,0x630d98424efe0ea27fb1b3ab7741907dffeaad78,True,TokenProxy->impl:PEAKDEFI_V2,1,-,,,,ERC20Votes,"DelegateVotesChanged(address,uint256,uint256)",94,13957640,Transfer(universal)
5410,PRQ,PARSIQ,1,0x362bc847A3a9637d3af6624EeC853618a43ed7D2,True,ParsiqToken,0,-,,,,-,,,,Transfer(universal)
5429,DEP,DEAPcoin,1,0x1a3496c18d558bd9c6c8f609e1b129f67ab08163,True,DEAPCoin,0,-,,,,-,,,,Transfer(universal)
5566,KEEP,Keep Network,1,0x85eee30c52b0b379b046fb0f85f4f3dc3009afec,True,KeepToken,0,-,,,,-,,,,Transfer(universal)
5601,STAKE,STAKE,1,0x0Ae055097C6d159879521C384F1D2123D1f195e6,True,ERC677MultiBridgeToken,0,-,,,,-,,,,Transfer(universal)
5617,UMA,UMA,1,0x04Fa0d235C4abf4BcF4787aF4CF447DE572eF828,True,VotingToken,0,-,,,,-,,,,Transfer(universal)
5631,ORN,Orion,1,0x0258F474786DdFd37ABCE6df6BBb1Dd5dfC4434a,True,OrionToken,0,-,,,,-,,,,Transfer(universal)
5690,RENDER,Render,1,0x6de037ef9ad2725eb40118bb1702ebb27e4aeb24,True,AdminUpgradeabilityProxy->impl:RenderToken,1,-,,,,-,,,,Transfer(universal)
5741,DMG,DMM: Governance,1,0xEd91879919B71bB6905f23af0A68d231EcF87b14,True,DMGToken,0,-,,,,ERC20Votes,"DelegateVotesChanged(address,uint256,uint256)",1000,10316143,Transfer(universal)
5798,RING,Darwinia Network,1,0x9469d013805bffb7d3debe5e7839237e535ec483,True,RING,0,-,,,,-,,,,Transfer(universal)
5824,SLP,Smooth Love Potion,1,0xCC8Fa225D80b9c7D42F96e9570156c65D6cAAa25,True,SmoothLovePotion,0,-,,,,-,,,,Transfer(universal)
5829,SWAP,TrustSwap,1,0xcc4304a31d09258b0029ea7fe63d032f52e44efe,True,AdminUpgradeabilityProxy->impl:SwapToken,1,-,,,,-,,,,Transfer(universal)
5830,NXM,NXM,1,0xd7c49cee7e9188cca6ad8ff264c1da2e69d4cf3b,True,NXMToken,0,-,,,,-,,,,Transfer(universal)
5841,NEST,NEST Protocol,1,0xcd6926193308d3B371FdD6A6219067E550000000,True,NestToken,0,-,,,,-,,,,Transfer(universal)
5892,ANY,Anyswap,1,0xf99d58e463a2e07e5692127302c20a191861b4d6,True,Erc20SwapAsset,0,-,,,,-,,,,Transfer(universal)
5906,NVT,NerveNetwork,1,0x7b6f71c8b123b38aa8099e0098bec7fbc35b8a13,True,ERC20Minter,0,-,,,,-,,,,Transfer(universal)
5957,YFII,DFI.Money,1,0xa1d0E215a23d7030842FC67cE582a6aFa3CCaB83,True,YFII,0,-,,,,-,,,,Transfer(universal)
5994,SHIB,Shiba Inu,1,0x95ad61b0a150d79219dcf64e1e6cc01f0b64c4ce,True,TokenMintERC20Token,0,-,,,,-,,,,Transfer(universal)
6138,DIA,DIA,1,0x84ca8bc7997272c7cfb4d0cd3d55cd942b3c9419,True,DIAToken,0,-,,,,-,,,,Transfer(universal)
6511,STRONG,Strong,1,0x990f341946a3fdb507ae7e52d17851b87168017c,True,Strong,0,-,,,,-,,,,Transfer(universal)
6669,CVP,PowerPool,1,0x38e4adb44ef08f22f5b5b76a8f0c2d0dcbe7dca1,True,Cvp,0,-,,,,ERC20Votes,"DelegateVotesChanged(address,uint256,uint256)",1000,10753862,Transfer(universal)
6748,CFG,Centrifuge,1,0xcccccccccc33d538dbc2ee4feab0a7a1ff4e8a94,True,CFG,0,-,,,,-,,,,Transfer(universal)
6783,AXS,Axie Infinity,1,0xbb0e17ef65f82ab018d8edd776e8dd940327b28b,True,AXSToken,0,-,,,,-,,,,Transfer(universal)
6833,LIT,Litentry,1,0xb59490ab09a0f526cc7305822ac65f2ab12f9723,True,LITToken,0,-,,,,-,,,,Transfer(universal)
6843,RAD,Radworks,1,0x31c8eacbffdd875c74b94b077895bd78cf1e64a3,True,RadicleToken,0,-,,,,ERC20Votes,"DelegateVotesChanged(address,uint256,uint256)",1000,11882441,Transfer(universal)
6929,HEGIC,Hegic,1,0x584bC13c7D411c00c01A62e8019472dE68768430,True,Hegic,0,-,,,,-,,,,Transfer(universal)
6941,HBTC,Huobi BTC,1,0x0316EB71485b0Ab14103307bf65a021042c6d380,True,HBTCToken,0,-,,,,-,,,,Transfer(universal)
6945,AMP,Amp,1,0xff20817765cb7f73d4bde2e66e067e58d11095c2,True,Amp,0,-,,,,-,,,,Transfer(universal)
7033,ESD,Empty Set Dollar,1,0x36f3fd68e7325a35eb768f1aedaae9ea0689d723,True,Dollar,0,-,,,,-,,,,Transfer(universal)
7064,BAKE,BakeryToken,56,0xE02dF9e3e622DeBdD69fb838bB799E3F168902c5,True,BakeryToken,0,-,,,,ERC20Votes-ABIonly [getLogs needs PAID plan on this chain],"DelegateVotesChanged(address,uint256,uint256)",,,Transfer(universal)
7208,POLS,Polkastarter,1,0x83e6f1e41cdd28eaceb20cb649155049fac3d5aa,True,PolkastarterToken,0,-,,,,-,,,,Transfer(universal)
7224,DODO,DODO,1,0x43dfc4159d86f3a37a5a4b3d4580b888ad7d4ddd,True,DODOToken,0,-,,,,-,,,,Transfer(universal)
7228,DDX,DerivaDAO,1,0x3a880652f47bfaa771908c07dd8673a787daed3a,True,DDX,0,-,,,,ERC20Votes,"DelegateVotesChanged(address,uint96,uint96)",1000,11383460,Transfer(universal)
7232,ALPHA,Stella,1,0xa1faa113cbe53436df28ff0aee54275c13b40975,True,AlphaToken,0,-,,,,-,,,,Transfer(universal)
7242,CORE,cVault.finance,1,0x62359ed7505efc61ff1d56fef82158ccaffa23d7,True,CORE,0,-,,,,"ERC20Votes-negligible(<=2deleg,DVC-never-fired)","DelegateChanged(address,address,address)",,,Transfer(universal)
7288,XVS,Venus,1,0xd3CC9d8f3689B83c91b7B59cAB4946B063EB894A,True,XVS,0,-,,,,-,,,,Transfer(universal)
7326,DEXE,DeXe,1,0xde4EE8057785A7e8e800Db58F9784845A5C2Cbd6,True,Dexe,0,-,,,,-,,,,Transfer(universal)
7455,AUDIO,Audius,1,0x18aaa7115705e8be94bffebde57af9bfc265b998,True,AudiusAdminUpgradeabilityProxy->impl:AudiusToken,1,-,,,,-,,,,Transfer(universal)
7501,WOO,WOO,1,0x4691937a7508860f876c9c0a2a617e7d9e945d4b,True,WootradeNetwork,0,-,,,,-,,,,Transfer(universal)
7617,SFI,saffron.finance,1,0xb753428af26e81097e7fd17f40c88aaa3e04902c,True,SFI,0,-,,,,-,,,,Transfer(universal)
7654,RFOX,RFOX,1,0xa1d6df714f91debf4e0802a542e13067f31b8262,True,Token,0,-,,,,-,,,,Transfer(universal)
7672,UNFI,Unifi Protocol DAO,1,0x441761326490cacf7af299725b6292597ee822c2,True,UNFI,0,-,,,,-,,,,Transfer(universal)
7737,API3,API3,1,0x0b38210ea11411557c13457D4dA7dC6ea731B88a,True,Api3Token,0,-,,,,-,,,,Transfer(universal)
7817,BFC,Bifrost,1,0x0c7D5ae016f806603CB1782bEa29AC69471CAb9c,True,ERC20,0,-,,,,-,,,,Transfer(universal)
7857,MIR,Mirror Protocol,1,0x09a3EcAFa817268f77BE1283176B946C4ff2E608,True,WrappedMIR,0,-,,,,-,,,,Transfer(universal)
7961,vBNB,Venus BNB,56,0xA07c5b74C9B40447a954e1466938b865b6BBea36,True,VBNB,0,-,,,,-,,,,Transfer(universal)
7962,vBTC,Venus BTC,56,0x882C173bC7Ff3b7786CA16dfeD3DFFfb9Ee7847B,True,VBep20Delegator->impl:VBep20Delegate,1,-,,,,-,,,,Transfer(universal)
7963,vETH,Venus ETH,56,0xf508fCD89b8bd15579dc79A6827cB4686A3592c8,True,VBep20Delegator->impl:VBep20Delegate,1,-,,,,-,,,,Transfer(universal)
8075,RLY,Rally,1,0xf1f955016EcbCd7321c7266BccFB96c68ea5E49b,True,RallyToken,0,-,,,,-,,,,Transfer(universal)
8083,LON,Tokenlon Network Token,1,0x0000000000095413afc295d19edeb1ad7b71c952,True,Lon,0,-,,,,-,,,,Transfer(universal)
8161,SPI,Shopping,1,0x9b02dd390a603add5c07f9fd9175b7dabe8d63b7,True,ShoppingIO,0,-,,,,-,,,,Transfer(universal)
8202,ZKB,ZKBase,1,0xBBBbbBBB46A1dA0F0C3F64522c275BAA4C332636,True,ZKB,0,-,,,,-,,,,Transfer(universal)
8290,SUPER,SuperVerse,1,0xe53ec727dbdeb9e2d5456c3be40cff031ab40a55,True,Token,0,-,,,,"ERC20Votes-negligible(<=2deleg,DVC-never-fired)","DelegateChanged(address,address,address)",,,Transfer(universal)
8335,MDX,Mdex,56,0x9c65ab58d8d978db963e63f2bfb7121627e3a739,True,MdxToken,0,-,,,,ERC20Votes-ABIonly [getLogs needs PAID plan on this chain],"DelegateVotesChanged(address,uint256,uint256)",,,Transfer(universal)
8353,BETH,Beacon ETH,56,0x250632378e573c6be1ac2f97fcdf00515d0aa91b,True,BEP20UpgradeableProxy->impl:BEP20TokenImplementationV2,1,-,,,,-,,,,Transfer(universal)
8420,DAO,DAO Maker,1,0x0f51bb10119727a7e5ea3538074fb341f56b09ad,True,Token,0,-,,,,-,,,,Transfer(universal)
8497,BANANA,ApeSwap,1,0x92DF60c51C710a1b1C20E42D85e221f3A1bFc7f2,True,AnyswapV6ERC20,0,-,,,,-,,,,Transfer(universal)
8526,RAY,Raydium,56,0x13b6A55662f6591f8B8408Af1C73B017E32eEdB8,True,BridgeToken->impl:TokenImplementation,1,-,,,,-,,,,Transfer(universal)
8534,CHEX,Chintai,1,0x9Ce84F6A69986a83d92C324df10bC8E64771030f,True,ERC1967Proxy->impl:ChexV2,1,-,,,,-,,,,Transfer(universal)
8602,AUCTION,Bounce Token,1,0xA9B1Eb5908CfC3cdf91F9B8B3a74108598009096,True,BounceAuctionToken,0,-,,,,-,,,,Transfer(universal)
8615,EPIC,Epic Chain,1,0x94314a14df63779c99c0764a30e0cd22fa78fc0e,True,EpicToken,0,-,,,,-,,,,Transfer(universal)
8719,ILV,Illuvium,1,0x767fe9edc9e0df98e07454847909b5e959d7ca0e,True,IlluviumERC20,0,-,,,,"ERC20Votes-negligible(<=2deleg,DVC-never-fired)","DelegateChanged(address,address,address)",,,Transfer(universal)
8766,ALICE,MyNeighborAlice,1,0xAC51066d7bEC65Dc4589368da368b212745d63E8,True,AliceToken,0,-,,,,-,,,,Transfer(universal)
8857,ANC,Anchor Protocol,1,0x0F3ADC247E91c3c50bC08721355A41037E89Bc20,True,WrappedANC,0,-,,,,-,,,,Transfer(universal)
8891,BTCST,Bitcoin Standard Hashrate Token,56,0x78650b139471520656b9e7aa7a5e9276814a38e9,True,AdminUpgradeabilityProxy->impl:BTCST,1,-,,,,-,,,,Transfer(universal)
8938,EPS,Ellipsis,56,0xA7f552078dcC247C2684336020c03648500C6d9F,True,Vyper_contract,0,-,,,,-,,,,Transfer(universal)
8972,SFUND,Seedify.fund,56,0x477bc8d23c634c154061869478bce96be6045d12,True,InitializableERC20,0,-,,,,-,,,,Transfer(universal)
9119,TLM,Alien Worlds,1,0x888888848B652B3E3a0f34c96E00EEC0F3a23F72,True,TeleportToken,0,-,,,,-,,,,Transfer(universal)
9175,MBOX,MOBOX,56,0x3203c9e46ca618c8c1ce5dc67e7e9d75f5da2377,True,MoboxToken,0,-,,,,-,,,,Transfer(universal)
9308,PYR,Vulcan Forged (PYR),1,0x430ef9263e76dae63c84292c3409d61c598e9682,True,PYRToken,0,-,,,,-,,,,Transfer(universal)
9417,MPL,Maple,1,0x33349b282065b0284d756f0577fb39c158f935e6,True,MapleToken,0,-,,,,-,,,,Transfer(universal)
9421,FORTH,Ampleforth Governance Token,1,0x77fba179c79de5b7653f68b5039af940ada60ce0,True,Forth,0,-,,,,ERC20Votes,"DelegateVotesChanged(address,uint256,uint256)",1000,12382204,Transfer(universal)
9436,ELON,Dogelon Mars,1,0x761d38e5ddf6ccf6cf7c55759d5210750b5d60f3,True,Dogelon,0,-,,,,-,,,,Transfer(universal)
9444,KNC,Kyber Network Crystal v2,1,0xdeFA4e8a7bcBA345F687a2f1456F5Edd9CE97202,True,AdminUpgradeabilityProxy->impl:KyberNetworkTokenV2,1,-,,,,-,,,,Transfer(universal)
9462,WAVAX,Wrapped AVAX,43114,0xb31f66aa3c1e785363f0875a1b74e27b85fd66c7,True,WAVAX,0,-,,,,-,,,,Transfer(universal)
9543,BICO,Biconomy,1,0xF17e65822b568B3903685a7c9F496CF7656Cc6C2,True,BicoTokenProxy->impl:BicoTokenImplementation,1,-,,,,-,,,,Transfer(universal)
9640,METIS,Metis,1,0x9E32b13ce7f2E80A01932B42553652E053D6ed8e,True,MToken,0,-,,,,-,,,,Transfer(universal)
9674,WILD,Wilder World,1,0x2a3bff78b79a009976eea096a51a948a3dc00e34,True,AdminUpgradeabilityProxy->impl:ZeroDAOTokenV2,1,-,,,,-,,,,Transfer(universal)
10188,ATA,Automata Network,1,0xa2120b9e674d3fc3875f415a7df52e382f141225,True,ATAToken,0,-,,,,-,,,,Transfer(universal)
10240,WFTM,Wrapped Fantom,1,0x4e15361fd6b4bb609fa63c81a2be19d873717870,True,FantomToken,0,-,,,,-,,,,Transfer(universal)
10407,BabyDoge,Baby Doge Coin,1,0xac57de9c1a09fec648e93eb98875b212db0d460b,True,CoinToken,0,-,,,,-,,,,Transfer(universal)
10508,FLUID,Fluid,1,0x6f40d4A6237C257fff2dB00FA0510DeEECd303eb,True,InstaToken->impl:InstaTokenDelegate,1,-,,,,ERC20Votes,"DelegateVotesChanged(address,uint256,uint256)",1000,12632744,Transfer(universal)
10688,YGG,Yield Guild Games,1,0x25f8087ead173b73d6e8b84329989a8eea16cf73,True,YGGToken,0,-,,,,-,,,,Transfer(universal)
10759,DVF,rhino.fi,1,0xdddddd4301a082e62e84e43f474f044423921918,True,DeversiFi,0,-,,,,-,,,,Transfer(universal)
10804,FLOKI,FLOKI,1,0xcf0c122c6b73ff809c693db761e7baebe62b6a2e,True,FLOKI,0,-,,,,"ERC20Votes-negligible(<=2deleg,DVC-never-fired)","DelegateChanged(address,address,address)",,,Transfer(universal)
10897,ALT,Alitas,56,0x5ca09af27b8a4f1d636380909087536bc7e2d94d,True,Alitas,0,-,,,,ERC20Votes-ABIonly [getLogs needs PAID plan on this chain],"DelegateVotesChanged(address,uint256,uint256)",,,Transfer(universal)
10903,C98,Coin98,1,0xae12c5930881c53715b369cec7606b70d8eb229f,True,Coin98,0,-,,,,-,,,,Transfer(universal)
11079,BRISE,Bitgert,1,0xF2B2f7b47715256Ce4eA43363a867fdce9353e3A,True,BRISE,0,-,,,,-,,,,Transfer(universal)
11156,ETHDYDX,dYdX (ethDYDX),1,0x92d6c1e31e14520e676a687f0a93788b716beff5,True,DydxToken,0,-,,,,ERC20Votes,"DelegatedPowerChanged(address,uint256,uint8)",1000,12809555,Transfer(universal)
11221,BIT,BitDAO,1,0x1A4b46696b2bB4794Eb3D4c26f1c55F9170fa4C5,True,BitDAO,0,-,,,,ERC20Votes,"DelegateVotesChanged(address,uint256,uint256)",1000,12736187,Transfer(universal)
11232,HIGH,Highstreet,1,0x71Ab77b7dbB4fa7e017BC15090b2163221420282,True,HIGH,0,-,,,,-,,,,Transfer(universal)
11289,SPELL,Spell Token,1,0x090185f2135308bad17527004364ebcc2d37e5f6,True,Spell,0,-,,,,-,,,,Transfer(universal)
11865,BONE,Bone ShibaSwap,1,0x9813037ee2218799597d83D4a5B6F3b6778218d9,True,BoneToken,0,-,,,,ERC20Votes,"DelegateVotesChanged(address,uint256,uint256)",16,17984991,Transfer(universal)
12387,RBN,Ribbon Finance,1,0x6123b0049f904d730db3c36a31167d9d4121fa6b,True,RibbonToken,0,-,,,,-,,,,Transfer(universal)
12573,CPOOL,Clearpool,1,0x66761fa41377003622aee3c7675fc7b5c1c2fac5,True,CPOOL,0,-,,,,ERC20Votes-DORMANT,"DelegateVotesChanged(address,uint256,uint256)",0,,Transfer(universal)
13502,WLD,Worldcoin,1,0x163f8c2467924be0ae7b5347228cabf260318753,True,WLD,0,admin/vesting-lock(not conviction),,,,-,,,,Transfer(universal)
14280,EUL,Euler,1,0xd9fcd98c322942075a5c3860693e9f4f03aae07b,True,Eul,0,-,,,,ERC20Votes,"DelegateVotesChanged(address,uint256,uint256)",1000,15013366,Transfer(universal)
14519,VVS,VVS Finance,1,0x839e71613f9aA06E5701CF6de63E303616B0DDE3,True,CosmosERC20,0,-,,,,-,,,,Transfer(universal)
14783,MAGIC,Treasure,1,0xb0c7a3ba49c7a6eaba6cd4a96c55a1391070ac9a,True,MagicProxy->impl:MagicTIP39Facet,1,-,,,,-,,,,Transfer(universal)
14803,AURORA,Aurora,1,0xaaaaaa20d9e0e2461697782ef11675f668207961,True,AuroraToken,0,-,,,,-,,,,Transfer(universal)
14806,PEOPLE,ConstitutionDAO,1,0x7a58c0be72be218b41c608b7fe7c5bb630736c71,True,Tickets,0,-,,,,-,,,,Transfer(universal)
16116,SOL,Wrapped Solana,1,0xD31a59c85aE9D8edEFeC411D448f90841571b89c,True,BridgeToken->impl:TokenImplementation,1,-,,,,-,,,,Transfer(universal)
16334,APX,APX,56,0x78f5d389f5cdccfc41594abab4b0ed02f31398b3,True,APXToken,0,-,,,,-,,,,Transfer(universal)
16876,ALI,Artificial Liquid Intelligence,1,0x6b0b3a982b4634ac68dd83a4dbf02311ce324181,True,AliERC20v2,0,-,,,,ERC20Votes-DORMANT,"VotingPowerChanged(address,address,uint256,uint256)",0,,Transfer(universal)
17591,NYM,NYM,1,0x525A8F6F3Ba4752868cde25164382BfbaE3990e1,True,CosmosERC20,0,-,,,,-,,,,Transfer(universal)
17751,T,Threshold,1,0xCdF7028ceAB81fA0C6971208e83fa7872994beE5,True,T,0,-,,,,ERC20Votes,"DelegateVotesChanged(address,uint256,uint256)",1000,14448229,Transfer(universal)
17799,AXL,Axelar,1,0x467719aD09025FcC6cF6F8311755809d45a5E5f3,True,BurnableMintableCappedERC20,0,-,,,,-,,,,Transfer(universal)
18037,MAV,Maverick Protocol,1,0x7448c7456a97769F6cD04F1E83A4a23cCdC46aBD,True,MaverickToken,0,-,,,,-,,,,Transfer(universal)
19650,VOLT,Volt Inu,1,0x7f792db54b0e580cdc755178443f0430cf799aca,True,VoltInu,0,-,,,,-,,,,Transfer(universal)
19843,APEX,ApeX Protocol,1,0x52A8845DF664D76C69d2EEa607CD793565aF42B8,True,ApeXToken,0,-,,,,"ERC20Votes-negligible(<=2deleg,DVC-never-fired)","DelegateChanged(address,address,address)",,,Transfer(universal)
20721,BTC.b,Bitcoin Avalanche Bridged,43114,0x152b9d0FdC40C096757F570A51E494bd4b943E50,True,BridgeToken,0,-,,,,-,,,,Transfer(universal)
21159,ONDO,Ondo,1,0xfaba6f8e4a5e8ab82f62fe7c39859fa577269be3,True,Ondo,0,-,,,,ERC20Votes,"DelegateVotesChanged(address,uint256,uint256)",1000,16407942,Transfer(universal)
21870,MPLX,Metaplex,56,0x75a5863A19aF60ec0098d62ED8C34cc594fB470f,True,BridgeToken->impl:TokenImplementation,1,-,,,,-,,,,Transfer(universal)
23054,CHEEL,Cheelee,56,0x1F1C90aEb2fd13EA972F0a71e35c0753848e3DB0,True,TransparentUpgradeableProxy->impl:CHEEL,1,-,,,,ERC20Votes-ABIonly [getLogs needs PAID plan on this chain],"DelegateVotesChanged(address,uint256,uint256)",,,Transfer(universal)
23082,TEM,TemDAO,1,0xaE0585a259A3BCAB258D6EE02FB583f7B33C2a12,True,TempleCoin,0,-,,,,-,,,,Transfer(universal)
23711,PRIME,Echelon Prime,1,0xb23d80f5FefcDDaa212212F028021B41DEd428CF,True,PrimeToken,0,-,,,,-,,,,Transfer(universal)
24257,LGCT,Legacy Token,56,0xD38B305CaC06990c0887032A02C03D6839f770A8,True,LGCT,0,-,,,,-,,,,Transfer(universal)
24781,CYBER,Cyber,1,0x14778860e937f509e651192a90589de711fb88a9,True,CyberToken,0,-,,,,ERC20Votes,"DelegateVotesChanged(address,uint256,uint256)",2,21314109,Transfer(universal)
24796,ADF,Art de Finance,137,0x6BD10299f4f1d31b3489Dc369eA958712d27c81b,True,ArtdeFinanceToken,0,-,,,,-,,,,Transfer(universal)
26133,TBTC,tBTC,1,0x18084fba666a33d37592fa2633fd49a74dd93a88,True,TBTC,0,-,,,,-,,,,Transfer(universal)
26997,ZRO,LayerZero,1,0x6985884C4392D348587B19cb9eAAf157F13271cd,True,LayerZeroToken,0,-,,,,-,,,,Transfer(universal)
27565,ARKM,Arkham,1,0x6E2a43be0B1d33b726f0CA3b8de60b3482b8b050,True,ERC1967Proxy->impl:ARKM,1,-,,,,-,,,,Transfer(universal)
27765,ZBU,Zeebu,1,0xe77f6aCD24185e149e329C1C0F479201b9Ec2f4B,True,TransparentUpgradeableProxy->impl:ZeebuToken,1,-,,,,-,,,,Transfer(universal)
27966,DORA,Dora Factory,1,0x70b790d0948a760e80bc3f892b142F7779b538B2,True,ERC20,0,-,,,,-,,,,Transfer(universal)
28047,LSD,L7,56,0xcD1B51b87a8a7137D6421bA5A976225187a26777,True,LSD,0,-,,,,-,,,,Transfer(universal)
28298,BEAM,Beam,1,0x62D0A8458eD7719FDAF978fe5929C6D342B0bFcE,True,BeamToken,0,-,,,,"ERC20Votes-negligible(<=2deleg,DVC-never-fired)","DelegateChanged(address,address,address)",,,Transfer(universal)
28301,MEME,Memecoin,1,0xb131f4A55907B10d1F0A50d8ab8FA09EC342cd74,True,Memecoin,0,-,,,,-,,,,Transfer(universal)
28480,BLAST,Blast,81457,0xb1a5700fA2358173Fe465e6eA4Ff52E36e88E2ad,True,GovernanceToken,0,-,,,,ERC20Votes,"DelegateVotesChanged(address,uint256,uint256)",351,5300545,Transfer(universal)
28674,ACE,Fusionist,56,0xc27A719105A987b4c34116223CAE8bd8F4B5def4,True,ACEToken,0,-,,,,-,,,,Transfer(universal)
29150,PONKE,Ponke,8453,0x4a0c64af541439898448659aedcec8e8e819fc53,True,PeerToken,0,-,,,,ERC20Votes-ABIonly [getLogs needs PAID plan on this chain],"DelegateVotesChanged(address,uint256,uint256)",,,Transfer(universal)
29335,PIXEL,Pixels,1,0x3429d03c6F7521AeC737a0BBF2E5ddcef2C3Ae31,True,PIXEL,0,-,,,,-,,,,Transfer(universal)
29555,PORTAL,Portal,1,0x1bbe973bef3a977fc51cbed703e8ffdefe001fed,True,PortalToken,0,-,,,,-,,,,Transfer(universal)
29587,W,Wormhole,1,0xB0fFa8000886e57F86dd5264b9582b2Ad87b2b91,True,ERC1967Proxy->impl:WToken,1,-,,,,ERC20Votes,"DelegateVotesChanged(address,uint256,uint256)",1000,19675253,Transfer(universal)
29676,AEVO,Aevo,1,0xB528edBef013aff855ac3c50b381f253aF13b997,True,AevoToken,0,-,,,,-,,,,Transfer(universal)
29779,ZKJ,Polyhedra Network,1,0xC71B5F631354BE6853eFe9C3Ab6b9590F8302e81,True,PolyhedraNetworkToken,0,-,,,,-,,,,Transfer(universal)
30083,ATH,Aethir,1,0xbe0ed4138121ecfc5c0e56b40517da27e6c5226b,True,AethirToken,0,-,,,,-,,,,Transfer(universal)
30494,EIGEN,EigenCloud,1,0xec53bF9167f50cDEB3Ae105f56099aaaB9061F83,True,TransparentUpgradeableProxy->impl:Eigen,1,-,,,,ERC20Votes,"DelegateVotesChanged(address,uint256,uint256)",54,22036852,Transfer(universal)
30506,WZEDX,Wrapped Zedxion,56,0x567556A7493FB7a22d2fd158Dd4C766a98705f96,True,TokenProxy->impl:PermittableToken,1,-,,,,-,,,,Transfer(universal)
30712,MERL,Merlin Chain,1,0xa0c56a8c0692bD10B3fA8f8bA79Cf5332B7107F9,True,DelayedERC1967Proxy->impl:MultiControlERC20,1,-,,,,-,,,,Transfer(universal)
31503,BWB,Bitget Wallet Token,1,0xac6DB8954b73EbF10e84278AC8b9B22a781615D9,True,BWBToken,0,-,,,,-,,,,Transfer(universal)
32272,PUMPBTC,pumpBTC (Rehypothecated BTC),1,0xf469fbd2abcd6b9de8e169d128226c0fc90a012e,True,PumpToken,0,-,,,,-,,,,Transfer(universal)
32306,FBTC,Function,1,0xC96dE26018A54D51c097160568752c4E3BD6C364,True,FBTC,0,admin/vesting-lock(not conviction),,,,-,,,,Transfer(universal)
32376,AVAIL,Avail,1,0xEeB4d8400AEefafC1B2953e0094134A887C76Bd8,True,Avail,0,-,,,,-,,,,Transfer(universal)
32724,CAT,Simon's Cat,56,0x6894CDe390a3f51155ea41Ed24a33A4827d3063D,True,ScatToken,0,-,,,,-,,,,Transfer(universal)
33038,SKY,Sky,1,0x56072C95FAA701256059aa122697B133aDEd9279,True,Sky,0,-,,,,-,,,,Transfer(universal)
33055,slisBNBx,slisBNBx,56,0x4b30fcAA7945fE9fDEFD2895aae539ba102Ed6F6,True,TransparentUpgradeableProxy->impl:slisBNBx,1,-,,,,-,,,,Transfer(universal)
33223,LAB,LAB,56,0x7ec43Cf65F1663F820427C62A5780b8f2E25593A,True,LabToken,0,-,,,,-,,,,Transfer(universal)
33251,WLFI,World Liberty Financial,1,0xdA5e1988097297dCdc1f90D4dFE7909e847CBeF6,True,TransparentUpgradeableProxy->impl:WorldLibertyFinancialV3,1,-,,,,ERC20Votes,"DelegateVotesChanged(address,uint256,uint256)",23,23211153,Transfer(universal)
33280,CHEEMS,Cheems (cheems.pet),56,0x0df0587216a4a1bb7d5082fdc491d93d2dd4b413,True,ERC20Mintable,0,-,,,,-,,,,Transfer(universal)
33310,xSolvBTC,xSolvBTC,1,0xd9d920aa40f578ab794426f5c90f6c731d159def,True,BeaconProxy->impl:SolvBTCYieldTokenV3_1,1,-,,,,-,,,,Transfer(universal)
33312,SolvBTC,SolvBTC,1,0x7a56e1c57c7475ccf742a1832b028f0456652f97,True,BeaconProxy->impl:SolvBTCV3,1,-,,,,-,,,,Transfer(universal)
33342,EVA,EverValue Coin,42161,0x45d9831d8751b2325f3dbf48db748723726e1c8c,True,EverValueCoin,0,-,,,,-,,,,Transfer(universal)
33652,LBTC,Lombard Staked BTC,1,0x8236a87084f8b84306f72007f36f2618a5634494,True,TransparentUpgradeableProxy->impl:StakedLBTC,1,-,,,,-,,,,Transfer(universal)
33696,EBTC,ether.fi Staked BTC,1,0x657e8C867D8B37dCC18fA4Caead9C45EB088C642,True,BoringVault,0,-,,,,-,,,,Transfer(universal)
33824,SYRUP,Maple Finance,1,0x643C4E15d7d62Ad0aBeC4a9BD4b001aA3Ef52d66,True,MapleTokenProxy->impl:MapleToken,1,-,,,,-,,,,Transfer(universal)
34104,MORPHO,Morpho,1,0x58D97B57BB95320F9a05dC918Aef65434969c2B2,True,ERC1967Proxy->impl:MorphoTokenEthereum,1,-,,,,-,,,,Transfer(universal)
34143,WHITE,WhiteRock,1,0x9cdf242Ef7975D8c68D5C1F5B6905801699b1940,True,ERC1967Proxy->impl:White,1,-,,,,-,,,,Transfer(universal)
34812,BIO,Bio Protocol,1,0xcb1592591996765ec0efc1f92599a19767ee5ffa,True,BioToken,0,-,,,,-,,,,Transfer(universal)
35437,USDF,Aster USDF,56,0x5A110fC00474038f6c02E89C707D638602EA44B5,True,USDF,0,-,,,,-,,,,Transfer(universal)
35509,VVV,Venice Token,8453,0xacfE6019Ed1A7Dc6f7B508C02d1b04ec88cC21bf,True,Venice,0,-,,,,-,,,,Transfer(universal)
35763,KAITO,KAITO,8453,0x98d0baa52b2D063E780DE12F615f963Fe8537553,True,Kaito,0,-,,,,-,,,,Transfer(universal)
35818,SOSO,SoSoValue,1,0x76A0e27618462bDAC7a29104bdcfFf4E6BFCea2D,True,ERC1967Proxy->impl:SoSoValueToken,1,-,,,,-,,,,Transfer(universal)
35931,ZORA,ZORA,8453,0x1111111111166b7fe7bd91427724b487980afc69,True,Zora,0,-,,,,ERC20Votes-ABIonly [getLogs needs PAID plan on this chain],"DelegateVotesChanged(address,uint256,uint256)",,,Transfer(universal)
35954,LION,Loaded Lions,42161,0x527e8D368298deA5a53be257e5300F4DBafb7a97,True,LionToken,0,-,,,,-,,,,Transfer(universal)
36044,NXPC,NEXPACE,56,0xf2b51cc1850fed939658317a22d73d3482767591,True,FactoryBurnMintERC20,0,-,,,,-,,,,Transfer(universal)
36175,UNIBTC,Universal BTC,1,0x004e9c3ef86bc1ca1f0bb5c7662861ee93350568,True,TransparentUpgradeableProxy->impl:uniBTC,1,-,,,,-,,,,Transfer(universal)
36246,stkAAVE,Staked Aave,1,0x4da27a545c0c5B758a6BA100e3a049001de870f5,True,InitializableAdminUpgradeabilityProxy->impl:StakedAaveV3,1,GENUINE,"Staked(address,address,uint256,uint256)",1000,17300691,delegation-only,"DelegateChanged(address,address,uint8)",1000,11470373,Transfer(universal)
36341,ASTER,Aster,56,0x000Ae314E2A2172a039B26378814C252734f556A,True,AsterToken,0,-,,,,-,,,,Transfer(universal)
36410,MYX,MYX Finance,56,0xD82544bf0dfe8385eF8FA34D67e6e4940CC63e16,True,MYX,0,-,,,,-,,,,Transfer(universal)
36458,AETHWETH,Aave Ethereum WETH,1,0x4d5F47FA6A74757f35C14fD3a6Ef8E3C9BC514E8,True,InitializableImmutableAdminUpgradeabilityProxy->impl:ATokenInstance,1,-,,,,-,,,,Transfer(universal)
36532,B,BUILDon,56,0x6bdcce4a559076e37755a78ce0c06214e59e4444,True,Token,0,-,,,,-,,,,Transfer(universal)
36671,SAHARA,Sahara AI,1,0xFDFfB411C4A70AA7C95D5C981a6Fb4Da867e1111,True,SaharaToken,0,-,,,,-,,,,Transfer(universal)
38299,AVNT,Avantis,8453,0x696F9436B67233384889472Cd7cD58A6fB5DF4f1,True,Token,0,-,,,,-,,,,Transfer(universal)
38408,BARD,Lombard,1,0xf0DB65D17e30a966C2ae6A21f6BBA71cea6e9754,True,BARD,0,-,,,,ERC20Votes-DORMANT,"DelegateVotesChanged(address,uint256,uint256)",0,,Transfer(universal)
38417,RIVER,River,1,0xdA7AD9dea9397cffdDAE2F8a052B82f1484252B3,True,River,0,-,,,,-,,,,Transfer(universal)
38779,syrupUSDC,syrupUSDC,1,0x80ac24aa929eaf5013f6436cda2a7ba190f5cc0b,True,MaplePool,0,-,,,,-,,,,Transfer(universal)
38786,syrupUSDT,syrupUSDT,1,0x356b8d89c1e1239cbbb9de4815c39a1474d5ba7d,True,MaplePool,0,-,,,,-,,,,Transfer(universal)
38967,RAVE,RaveDAO,1,0x17205fab260a7a6383a81452cE6315A39370Db97,True,RaveToken,0,-,,,,-,,,,Transfer(universal)
39042,POWER,Power Protocol,1,0x9dC44ae5BE187ECA9e2A67e33f27A4c91cEA1223,True,PowerToken,0,-,,,,-,,,,Transfer(universal)
39125,LIT,Lighter,1,0x232ce3bd40fcd6f80f3d55a522d03f25df784ee2,True,Lighter,0,-,,,,-,,,,Transfer(universal)
39379,GWEI,ETHGas,1,0x2798b1cC5A993085E8A9D46e80499F1B63f42204,True,EthgasToken,0,-,,,,-,,,,Transfer(universal)
39720,EDGE,edgeX,1,0xB0076DE78Dc50581770BBa1D211dDc0aD4F2a241,True,ERC1967Proxy->impl:EdgeToken,1,-,,,,-,,,,Transfer(universal)
39841,GENIUS,Genius Terminal,56,0x1F12B85aAC097E43Aa1555b2881E98a51090e9A6,True,GeniusToken,0,-,,,,-,,,,Transfer(universal)
7127,VELO,Velodrome Finance,56,0xf486ad071f3bee968384d2e39e2d8af0fcf6fd46,True,Token,0,-,,,,-,,,,Transfer(universal)
5728,BAL,Balancer,1,0xba100000625a3754423978a60c9317c58a424e3D,True,BalancerGovernanceToken,0,-,,,,-,,,,Transfer(universal)
5692,COMP,Compound,1,0xc00e94cb662c3520282e6f5717214004a7f26888,True,Comp,0,-,,,,ERC20Votes,"DelegateVotesChanged(address,uint256,uint256)",1000,9686030,Transfer(universal)
